sample_index,g_value
0,20.176719627443845
1,20.17468850743552
2,20.175704067439682
3,20.177735187448008
4,20.177227407445926
5,20.174180727433438
6,20.170626267418882
7,20.16961070741472
8,20.171641827423045
9,20.17316516742929
10,20.171134047420963
11,20.16859514741057
12,20.16808736740849
13,20.16808736740849
14,20.166056247400164
15,20.165040687396
16,20.167071807404326
17,20.1701184874168
18,20.171641827423045
19,20.16961070741472
20,20.166056247400164
21,20.16300956738769
22,20.161486227381445
23,20.161994007383527
24,20.16453290739392
25,20.166564027402245
26,20.16453290739392
27,20.158947327371052
28,20.155392867356483
29,20.156916207362727
30,20.160978447379364
31,20.16351734738977
32,20.164025127391852
33,20.164025127391852
34,20.16351734738977
35,20.162501787385608
36,20.1599628873752
37,20.15742398736481
38,20.156408427360645
39,20.15843954736897
40,20.160470667377282
41,20.161994007383527
42,20.16300956738769
43,20.16351734738977
44,20.16300956738769
45,20.161994007383527
46,20.161486227381445
47,20.161994007383527
48,20.161486227381445
49,20.160470667377282
50,20.159455107373134
51,20.161486227381445
52,20.165040687396
53,20.166564027402245
54,20.166056247400164
55,20.165040687396
56,20.165040687396
57,20.165548467398082
58,20.165548467398082
59,20.165040687396
60,20.16808736740849
61,20.172149607425126
62,20.171134047420963
63,20.166056247400164
64,20.161994007383527
65,20.161994007383527
66,20.16453290739392
67,20.16453290739392
68,20.161486227381445
69,20.15843954736897
70,20.159455107373134
71,20.160470667377282
72,20.1599628873752
73,20.160978447379364
74,20.16351734738977
75,20.164025127391852
76,20.164025127391852
77,20.165548467398082
78,20.167071807404326
79,20.167071807404326
80,20.165040687396
81,20.16453290739392
82,20.165548467398082
83,20.166564027402245
84,20.166564027402245
85,20.166056247400164
86,20.165040687396
87,20.16453290739392
88,20.165548467398082
89,20.165548467398082
90,20.16300956738769
91,20.160470667377282
92,20.160978447379364
93,20.16300956738769
94,20.16300956738769
95,20.1599628873752
96,20.15793176736689
97,20.15843954736897
98,20.160470667377282
99,20.160978447379364
100,20.160470667377282
101,20.160978447379364
102,20.161994007383527
103,20.16300956738769
104,20.16453290739392
105,20.166056247400164
106,20.166056247400164
107,20.165040687396
108,20.16351734738977
109,20.161486227381445
110,20.159455107373134
111,20.15742398736481
112,20.155900647358564
113,20.156916207362727
114,20.159455107373134
115,20.159455107373134
116,20.15793176736689
117,20.15843954736897
118,20.160978447379364
119,20.161486227381445
120,20.15843954736897
121,20.156916207362727
122,20.158947327371052
123,20.162501787385608
124,20.165040687396
125,20.166056247400164
126,20.166564027402245
127,20.16808736740849
128,20.169102927412638
129,20.16859514741057
130,20.166056247400164
131,20.16453290739392
132,20.165548467398082
133,20.167071807404326
134,20.166564027402245
135,20.165548467398082
136,20.166564027402245
137,20.16808736740849
138,20.169102927412638
139,20.1701184874168
140,20.172149607425126
141,20.172657387427208
142,20.171134047420963
143,20.16961070741472
144,20.1701184874168
145,20.170626267418882
146,20.16859514741057
147,20.166056247400164
148,20.165548467398082
149,20.167071807404326
150,20.166056247400164
151,20.164025127391852
152,20.16300956738769
153,20.16453290739392
154,20.167579587406408
155,20.170626267418882
156,20.17316516742929
157,20.172149607425126
158,20.16859514741057
159,20.165548467398082
160,20.165040687396
161,20.167071807404326
162,20.16808736740849
163,20.16808736740849
164,20.169102927412638
165,20.170626267418882
166,20.170626267418882
167,20.16961070741472
168,20.169102927412638
169,20.1701184874168
170,20.1701184874168
171,20.167579587406408
172,20.16453290739392
173,20.165040687396
174,20.16859514741057
175,20.172657387427208
176,20.172657387427208
177,20.16961070741472
178,20.16859514741057
179,20.171641827423045
180,20.174180727433438
181,20.17316516742929
182,20.170626267418882
183,20.1701184874168
184,20.171134047420963
185,20.171134047420963
186,20.170626267418882
187,20.172149607425126
188,20.174180727433438
189,20.17316516742929
190,20.169102927412638
191,20.165040687396
192,20.16351734738977
193,20.164025127391852
194,20.165040687396
195,20.167071807404326
196,20.16859514741057
197,20.16961070741472
198,20.170626267418882
199,20.170626267418882
200,20.16961070741472
201,20.16961070741472
202,20.171134047420963
203,20.174180727433438
204,20.1751962874376
205,20.172657387427208
206,20.1701184874168
207,20.1701184874168
208,20.17367294743137
209,20.176211847441763
210,20.176719627443845
211,20.176719627443845
212,20.177735187448008
213,20.17824296745009
214,20.176719627443845
215,20.17468850743552
216,20.174180727433438
217,20.1751962874376
218,20.17468850743552
219,20.17316516742929
220,20.17316516742929
221,20.175704067439682
222,20.177735187448008
223,20.176211847441763
224,20.171641827423045
225,20.170626267418882
226,20.17468850743552
227,20.17976630745632
228,20.181289647462563
229,20.17976630745632
230,20.177227407445926
231,20.176719627443845
232,20.176719627443845
233,20.176211847441763
234,20.17468850743552
235,20.17316516742929
236,20.170626267418882
237,20.1701184874168
238,20.172657387427208
239,20.17367294743137
240,20.172657387427208
241,20.172149607425126
242,20.174180727433438
243,20.177735187448008
244,20.17824296745009
245,20.174180727433438
246,20.170626267418882
247,20.169102927412638
248,20.169102927412638
249,20.171641827423045
250,20.1751962874376
251,20.176211847441763
252,20.175704067439682
253,20.1751962874376
254,20.174180727433438
255,20.174180727433438
256,20.176211847441763
257,20.176719627443845
258,20.177735187448008
259,20.181289647462563
260,20.182812987468807
261,20.183320767470875
262,20.183828547472956
263,20.182305207466726
264,20.18078186746048
265,20.181797427464645
266,20.182305207466726
267,20.182305207466726
268,20.182812987468807
269,20.182305207466726
270,20.181797427464645
271,20.182812987468807
272,20.181797427464645
273,20.17824296745009
274,20.177735187448008
275,20.177227407445926
276,20.175704067439682
277,20.176211847441763
278,20.178750747452156
279,20.183320767470875
280,20.187383007487526
281,20.187890787489593
282,20.186367447483363
283,20.188398567491674
284,20.191953027506244
285,20.191445247504163
286,20.188906347493756
287,20.18484410747712
288,20.181797427464645
289,20.182812987468807
290,20.18484410747712
291,20.18585966748128
292,20.187383007487526
293,20.187383007487526
294,20.18585966748128
295,20.18585966748128
296,20.18585966748128
297,20.182812987468807
298,20.1802740874584
299,20.17976630745632
300,20.178750747452156
301,20.178750747452156
302,20.179258527454238
303,20.18078186746048
304,20.183828547472956
305,20.186875227485444
306,20.186875227485444
307,20.186367447483363
308,20.1853518874792
309,20.182812987468807
310,20.181289647462563
311,20.181289647462563
312,20.181289647462563
313,20.183320767470875
314,20.18484410747712
315,20.181289647462563
316,20.175704067439682
317,20.17316516742929
318,20.174180727433438
319,20.177227407445926
320,20.18078186746048
321,20.181797427464645
322,20.183320767470875
323,20.184336327475037
324,20.183828547472956
325,20.1802740874584
326,20.177227407445926
327,20.176719627443845
328,20.178750747452156
329,20.18078186746048
330,20.183828547472956
331,20.18484410747712
332,20.1853518874792
333,20.18585966748128
334,20.186367447483363
335,20.186367447483363
336,20.1853518874792
337,20.183320767470875
338,20.181797427464645
339,20.181797427464645
340,20.183828547472956
341,20.186875227485444
342,20.189414127495837
343,20.1904296875
344,20.18992190749792
345,20.187383007487526
346,20.18484410747712
347,20.186875227485444
348,20.1904296875
349,20.19093746750208
350,20.188906347493756
351,20.188906347493756
352,20.19093746750208
353,20.192460807508326
354,20.191445247504163
355,20.187890787489593
356,20.1853518874792
357,20.183828547472956
358,20.182305207466726
359,20.183828547472956
360,20.186875227485444
361,20.186367447483363
362,20.182305207466726
363,20.181289647462563
364,20.183828547472956
365,20.18585966748128
366,20.1853518874792
367,20.183320767470875
368,20.181289647462563
369,20.1802740874584
370,20.1802740874584
371,20.181289647462563
372,20.181289647462563
373,20.1802740874584
374,20.179258527454238
375,20.179258527454238
376,20.1802740874584
377,20.181797427464645
378,20.181797427464645
379,20.178750747452156
380,20.177735187448008
381,20.18078186746048
382,20.183828547472956
383,20.184336327475037
384,20.183828547472956
385,20.183828547472956
386,20.1853518874792
387,20.186875227485444
388,20.188906347493756
389,20.188906347493756
390,20.186875227485444
391,20.184336327475037
392,20.183320767470875
393,20.183828547472956
394,20.183828547472956
395,20.182812987468807
396,20.183828547472956
397,20.18585966748128
398,20.1853518874792
399,20.181289647462563
400,20.175704067439682
401,20.17468850743552
402,20.178750747452156
403,20.182812987468807
404,20.184336327475037
405,20.183828547472956
406,20.183828547472956
407,20.18484410747712
408,20.18585966748128
409,20.184336327475037
410,20.179258527454238
411,20.176211847441763
412,20.175704067439682
413,20.176211847441763
414,20.176719627443845
415,20.177735187448008
416,20.179258527454238
417,20.17976630745632
418,20.1802740874584
419,20.1802740874584
420,20.17824296745009
421,20.175704067439682
422,20.176719627443845
423,20.18078186746048
424,20.184336327475037
425,20.184336327475037
426,20.17976630745632
427,20.176719627443845
428,20.178750747452156
429,20.183828547472956
430,20.1853518874792
431,20.184336327475037
432,20.183828547472956
433,20.183320767470875
434,20.182305207466726
435,20.182305207466726
436,20.183320767470875
437,20.183828547472956
438,20.181289647462563
439,20.177735187448008
440,20.1751962874376
441,20.17367294743137
442,20.171134047420963
443,20.16961070741472
444,20.170626267418882
445,20.17316516742929
446,20.176211847441763
447,20.17824296745009
448,20.178750747452156
449,20.177735187448008
450,20.1751962874376
451,20.17367294743137
452,20.17468850743552
453,20.176719627443845
454,20.17824296745009
455,20.178750747452156
456,20.17824296745009
457,20.178750747452156
458,20.1802740874584
459,20.1802740874584
460,20.17976630745632
461,20.177227407445926
462,20.17316516742929
463,20.1701184874168
464,20.1701184874168
465,20.172657387427208
466,20.17468850743552
467,20.176211847441763
468,20.177227407445926
469,20.177735187448008
470,20.177735187448008
471,20.177735187448008
472,20.17976630745632
473,20.182812987468807
474,20.18484410747712
475,20.184336327475037
476,20.182812987468807
477,20.181797427464645
478,20.182305207466726
479,20.184336327475037
480,20.184336327475037
481,20.181797427464645
482,20.179258527454238
483,20.178750747452156
484,20.178750747452156
485,20.178750747452156
486,20.17976630745632
487,20.182305207466726
488,20.183828547472956
489,20.183320767470875
490,20.182812987468807
491,20.181797427464645
492,20.178750747452156
493,20.176211847441763
494,20.174180727433438
495,20.17316516742929
496,20.175704067439682
497,20.179258527454238
498,20.18078186746048
499,20.1802740874584
500,20.182305207466726
501,20.18484410747712
502,20.18484410747712
503,20.183320767470875
504,20.181797427464645
505,20.178750747452156
506,20.176211847441763
507,20.175704067439682
508,20.176719627443845
509,20.177227407445926
510,20.176719627443845
511,20.176211847441763
512,20.176211847441763
513,20.1751962874376
514,20.17367294743137
515,20.17468850743552
516,20.176719627443845
517,20.176211847441763
518,20.17316516742929
519,20.16961070741472
520,20.16859514741057
521,20.171641827423045
522,20.1751962874376
523,20.1751962874376
524,20.171134047420963
525,20.165548467398082
526,20.164025127391852
527,20.166056247400164
528,20.16808736740849
529,20.16859514741057
530,20.1701184874168
531,20.172149607425126
532,20.17367294743137
533,20.174180727433438
534,20.17367294743137
535,20.172149607425126
536,20.171641827423045
537,20.172657387427208
538,20.1751962874376
539,20.177227407445926
540,20.17824296745009
541,20.178750747452156
542,20.178750747452156
543,20.177735187448008
544,20.1751962874376
545,20.17316516742929
546,20.172149607425126
547,20.17316516742929
548,20.1751962874376
549,20.177735187448008
550,20.178750747452156
551,20.177735187448008
552,20.175704067439682
553,20.17367294743137
554,20.172657387427208
555,20.171641827423045
556,20.171134047420963
557,20.17367294743137
558,20.177735187448008
559,20.17976630745632
560,20.178750747452156
561,20.17824296745009
562,20.179258527454238
563,20.18078186746048
564,20.181289647462563
565,20.178750747452156
566,20.1751962874376
567,20.172657387427208
568,20.171641827423045
569,20.172657387427208
570,20.1751962874376
571,20.176719627443845
572,20.176719627443845
573,20.176211847441763
574,20.174180727433438
575,20.172149607425126
576,20.172657387427208
577,20.17316516742929
578,20.172149607425126
579,20.171134047420963
580,20.171641827423045
581,20.172149607425126
582,20.171134047420963
583,20.16961070741472
584,20.16859514741057
585,20.167579587406408
586,20.167071807404326
587,20.166564027402245
588,20.167579587406408
589,20.16859514741057
590,20.16808736740849
591,20.167579587406408
592,20.16808736740849
593,20.16961070741472
594,20.1701184874168
595,20.1701184874168
596,20.170626267418882
597,20.172657387427208
598,20.17316516742929
599,20.171134047420963
600,20.16859514741057
601,20.167071807404326
602,20.165548467398082
603,20.16453290739392
604,20.165040687396
605,20.165548467398082
606,20.165548467398082
607,20.165040687396
608,20.16351734738977
609,20.164025127391852
610,20.167071807404326
611,20.171134047420963
612,20.172657387427208
613,20.171641827423045
614,20.16859514741057
615,20.166056247400164
616,20.166056247400164
617,20.169102927412638
618,20.17316516742929
619,20.1751962874376
620,20.1751962874376
621,20.174180727433438
622,20.17367294743137
623,20.17367294743137
624,20.17316516742929
625,20.17367294743137
626,20.172149607425126
627,20.169102927412638
628,20.16808736740849
629,20.1701184874168
630,20.174180727433438
631,20.176719627443845
632,20.177227407445926
633,20.176211847441763
634,20.176211847441763
635,20.177735187448008
636,20.177227407445926
637,20.175704067439682
638,20.174180727433438
639,20.17367294743137
640,20.17367294743137
641,20.17367294743137
642,20.172657387427208
643,20.171134047420963
644,20.169102927412638
645,20.167579587406408
646,20.167071807404326
647,20.167071807404326
648,20.167071807404326
649,20.166564027402245
650,20.165040687396
651,20.165040687396
652,20.167579587406408
653,20.16859514741057
654,20.169102927412638
655,20.170626267418882
656,20.171134047420963
657,20.16859514741057
658,20.165548467398082
659,20.165040687396
660,20.165548467398082
661,20.165548467398082
662,20.166056247400164
663,20.167071807404326
664,20.165040687396
665,20.161486227381445
666,20.160978447379364
667,20.16351734738977
668,20.165548467398082
669,20.164025127391852
670,20.164025127391852
671,20.165040687396
672,20.165548467398082
673,20.165040687396
674,20.166056247400164
675,20.166056247400164
676,20.164025127391852
677,20.160978447379364
678,20.160978447379364
679,20.165040687396
680,20.169102927412638
681,20.1701184874168
682,20.169102927412638
683,20.16961070741472
684,20.172149607425126
685,20.172149607425126
686,20.169102927412638
687,20.166056247400164
688,20.165548467398082
689,20.166564027402245
690,20.167579587406408
691,20.16808736740849
692,20.16808736740849
693,20.167579587406408
694,20.166564027402245
695,20.16453290739392
696,20.16300956738769
697,20.162501787385608
698,20.162501787385608
699,20.16351734738977
700,20.165040687396
701,20.167071807404326
702,20.16859514741057
703,20.170626267418882
704,20.17316516742929
705,20.1751962874376
706,20.17468850743552
707,20.172657387427208
708,20.170626267418882
709,20.1701184874168
710,20.171134047420963
711,20.172149607425126
712,20.172657387427208
713,20.171134047420963
714,20.16808736740849
715,20.167579587406408
716,20.169102927412638
717,20.1701184874168
718,20.167579587406408
719,20.165548467398082
720,20.16859514741057
721,20.172657387427208
722,20.172149607425126
723,20.167579587406408
724,20.16453290739392
725,20.166056247400164
726,20.16859514741057
727,20.167579587406408
728,20.16453290739392
729,20.160978447379364
730,20.15843954736897
731,20.15793176736689
732,20.15843954736897
733,20.159455107373134
734,20.161486227381445
735,20.165040687396
736,20.16859514741057
737,20.16961070741472
738,20.16808736740849
739,20.167071807404326
740,20.16859514741057
741,20.170626267418882
742,20.16961070741472
743,20.16808736740849
744,20.16859514741057
745,20.169102927412638
746,20.16808736740849
747,20.169102927412638
748,20.171641827423045
749,20.174180727433438
750,20.174180727433438
751,20.171641827423045
752,20.16961070741472
753,20.171134047420963
754,20.1751962874376
755,20.177227407445926
756,20.175704067439682
757,20.17316516742929
758,20.17316516742929
759,20.1751962874376
760,20.176719627443845
761,20.177227407445926
762,20.17824296745009
763,20.17976630745632
764,20.1802740874584
765,20.178750747452156
766,20.176211847441763
767,20.17316516742929
768,20.169102927412638
769,20.16859514741057
770,20.172149607425126
771,20.17468850743552
772,20.171134047420963
773,20.165040687396
774,20.164025127391852
775,20.169102927412638
776,20.174180727433438
777,20.17367294743137
778,20.170626267418882
779,20.16961070741472
780,20.171134047420963
781,20.17316516742929
782,20.17367294743137
783,20.17316516742929
784,20.171641827423045
785,20.1701184874168
786,20.170626267418882
787,20.172657387427208
788,20.174180727433438
789,20.174180727433438
790,20.171641827423045
791,20.1701184874168
792,20.171134047420963
793,20.172657387427208
794,20.172657387427208
795,20.172149607425126
796,20.171641827423045
797,20.172657387427208
798,20.175704067439682
799,20.177227407445926
800,20.1751962874376
801,20.171641827423045
802,20.1701184874168
803,20.171134047420963
804,20.17316516742929
805,20.17367294743137
806,20.172657387427208
807,20.171641827423045
808,20.172657387427208
809,20.17367294743137
810,20.174180727433438
811,20.17468850743552
812,20.1751962874376
813,20.1751962874376
814,20.174180727433438
815,20.17316516742929
816,20.174180727433438
817,20.1751962874376
818,20.174180727433438
819,20.172657387427208
820,20.17316516742929
821,20.175704067439682
822,20.177735187448008
823,20.178750747452156
824,20.17824296745009
825,20.176719627443845
826,20.176211847441763
827,20.17824296745009
828,20.182305207466726
829,20.183828547472956
830,20.182812987468807
831,20.181289647462563
832,20.181289647462563
833,20.181797427464645
834,20.1802740874584
835,20.17824296745009
836,20.177227407445926
837,20.177227407445926
838,20.17824296745009
839,20.179258527454238
840,20.18078186746048
841,20.1802740874584
842,20.17976630745632
843,20.182305207466726
844,20.18484410747712
845,20.18585966748128
846,20.1853518874792
847,20.18585966748128
848,20.1853518874792
849,20.183320767470875
850,20.181289647462563
851,20.181797427464645
852,20.183320767470875
853,20.182305207466726
854,20.17976630745632
855,20.177227407445926
856,20.176211847441763
857,20.177227407445926
858,20.179258527454238
859,20.181289647462563
860,20.181797427464645
861,20.181289647462563
862,20.178750747452156
863,20.176211847441763
864,20.175704067439682
865,20.177735187448008
866,20.1802740874584
867,20.181797427464645
868,20.183320767470875
869,20.183320767470875
870,20.181289647462563
871,20.181289647462563
872,20.181289647462563
873,20.181289647462563
874,20.181289647462563
875,20.181797427464645
876,20.182305207466726
877,20.182812987468807
878,20.182812987468807
879,20.181289647462563
880,20.178750747452156
881,20.176719627443845
882,20.177227407445926
883,20.18078186746048
884,20.184336327475037
885,20.1853518874792
886,20.184336327475037
887,20.183828547472956
888,20.184336327475037
889,20.18585966748128
890,20.186367447483363
891,20.18484410747712
892,20.184336327475037
893,20.186367447483363
894,20.189414127495837
895,20.189414127495837
896,20.186875227485444
897,20.1853518874792
898,20.186367447483363
899,20.186875227485444
900,20.18484410747712
901,20.183828547472956
902,20.183828547472956
903,20.183828547472956
904,20.182812987468807
905,20.183828547472956
906,20.186367447483363
907,20.187890787489593
908,20.188398567491674
909,20.188398567491674
910,20.189414127495837
911,20.19093746750208
912,20.1904296875
913,20.187890787489593
914,20.186367447483363
915,20.188398567491674
916,20.189414127495837
917,20.187890787489593
918,20.184336327475037
919,20.182812987468807
920,20.182305207466726
921,20.182812987468807
922,20.183320767470875
923,20.184336327475037
924,20.184336327475037
925,20.184336327475037
926,20.18484410747712
927,20.187383007487526
928,20.19093746750208
929,20.191953027506244
930,20.189414127495837
931,20.186367447483363
932,20.1853518874792
933,20.18585966748128
934,20.187890787489593
935,20.18992190749792
936,20.18992190749792
937,20.18585966748128
938,20.181797427464645
939,20.181289647462563
940,20.182812987468807
941,20.182812987468807
942,20.18078186746048
943,20.17976630745632
944,20.182812987468807
945,20.186367447483363
946,20.187890787489593
947,20.188906347493756
948,20.188398567491674
949,20.1853518874792
950,20.181289647462563
951,20.179258527454238
952,20.179258527454238
953,20.17976630745632
954,20.18078186746048
955,20.181797427464645
956,20.18078186746048
957,20.17976630745632
958,20.17976630745632
959,20.182305207466726
960,20.184336327475037
961,20.182305207466726
962,20.17976630745632
963,20.182305207466726
964,20.187890787489593
965,20.189414127495837
966,20.184336327475037
967,20.181797427464645
968,20.1853518874792
969,20.188398567491674
970,20.18585966748128
971,20.182812987468807
972,20.183828547472956
973,20.187890787489593
974,20.187383007487526
975,20.182812987468807
976,20.179258527454238
977,20.182305207466726
978,20.187383007487526
979,20.186875227485444
980,20.182305207466726
981,20.17824296745009
982,20.178750747452156
983,20.181797427464645
984,20.183828547472956
985,20.18484410747712
986,20.18484410747712
987,20.182812987468807
988,20.18078186746048
989,20.18078186746048
990,20.182305207466726
991,20.182812987468807
992,20.181797427464645
993,20.181289647462563
994,20.181797427464645
995,20.181797427464645
996,20.1802740874584
997,20.17824296745009
998,20.17824296745009
999,20.17976630745632
1000,20.1802740874584
1001,20.178750747452156
1002,20.176211847441763
1003,20.17468850743552
1004,20.176211847441763
1005,20.178750747452156
1006,20.17976630745632
1007,20.17976630745632
1008,20.17976630745632
1009,20.18078186746048
1010,20.182812987468807
1011,20.183320767470875
1012,20.181797427464645
1013,20.1802740874584
1014,20.17976630745632
1015,20.18078186746048
1016,20.181289647462563
1017,20.181797427464645
1018,20.18078186746048
1019,20.178750747452156
1020,20.176719627443845
1021,20.174180727433438
1022,20.172149607425126
1023,20.172149607425126
1024,20.174180727433438
1025,20.177227407445926
1026,20.179258527454238
1027,20.17976630745632
1028,20.18078186746048
1029,20.181797427464645
1030,20.18078186746048
1031,20.177227407445926
1032,20.17468850743552
1033,20.1751962874376
1034,20.177735187448008
1035,20.17976630745632
1036,20.17976630745632
1037,20.179258527454238
1038,20.17824296745009
1039,20.176211847441763
1040,20.174180727433438
1041,20.172657387427208
1042,20.172657387427208
1043,20.174180727433438
1044,20.176719627443845
1045,20.178750747452156
1046,20.179258527454238
1047,20.17824296745009
1048,20.177227407445926
1049,20.177735187448008
1050,20.17824296745009
1051,20.178750747452156
1052,20.179258527454238
1053,20.178750747452156
1054,20.17824296745009
1055,20.177227407445926
1056,20.176211847441763
1057,20.175704067439682
1058,20.1751962874376
1059,20.174180727433438
1060,20.171134047420963
1061,20.16859514741057
1062,20.16808736740849
1063,20.1701184874168
1064,20.172149607425126
1065,20.171134047420963
1066,20.172149607425126
1067,20.177227407445926
1068,20.178750747452156
1069,20.1751962874376
1070,20.171641827423045
1071,20.171641827423045
1072,20.17367294743137
1073,20.17367294743137
1074,20.171134047420963
1075,20.16961070741472
1076,20.1701184874168
1077,20.170626267418882
1078,20.16808736740849
1079,20.166056247400164
1080,20.16808736740849
1081,20.171641827423045
1082,20.172149607425126
1083,20.167579587406408
1084,20.16351734738977
1085,20.16351734738977
1086,20.166056247400164
1087,20.16808736740849
1088,20.16961070741472
1089,20.1701184874168
1090,20.16859514741057
1091,20.166564027402245
1092,20.167071807404326
1093,20.16961070741472
1094,20.172149607425126
1095,20.172657387427208
1096,20.16961070741472
1097,20.16808736740849
1098,20.1701184874168
1099,20.17316516742929
1100,20.174180727433438
1101,20.172657387427208
1102,20.170626267418882
1103,20.16859514741057
1104,20.16808736740849
1105,20.167579587406408
1106,20.16859514741057
1107,20.171641827423045
1108,20.17468850743552
1109,20.17468850743552
1110,20.172149607425126
1111,20.171641827423045
1112,20.174180727433438
1113,20.176211847441763
1114,20.17468850743552
1115,20.172657387427208
1116,20.171134047420963
1117,20.170626267418882
1118,20.1701184874168
1119,20.172149607425126
1120,20.17367294743137
1121,20.17316516742929
1122,20.172149607425126
1123,20.172149607425126
1124,20.171641827423045
1125,20.16961070741472
1126,20.166564027402245
1127,20.165040687396
1128,20.165040687396
1129,20.165040687396
1130,20.166564027402245
1131,20.1701184874168
1132,20.17367294743137
1133,20.17468850743552
1134,20.17316516742929
1135,20.1701184874168
1136,20.167071807404326
1137,20.166564027402245
1138,20.1701184874168
1139,20.171641827423045
1140,20.16808736740849
1141,20.161994007383527
1142,20.15793176736689
1143,20.15843954736897
1144,20.160978447379364
1145,20.160978447379364
1146,20.1599628873752
1147,20.1599628873752
1148,20.161994007383527
1149,20.164025127391852
1150,20.16351734738977
1151,20.161486227381445
1152,20.162501787385608
1153,20.16453290739392
1154,20.16453290739392
1155,20.16300956738769
1156,20.16300956738769
1157,20.164025127391852
1158,20.167071807404326
1159,20.16961070741472
1160,20.16859514741057
1161,20.165040687396
1162,20.16453290739392
1163,20.166056247400164
1164,20.165548467398082
1165,20.16300956738769
1166,20.159455107373134
1167,20.15843954736897
1168,20.1599628873752
1169,20.16300956738769
1170,20.165040687396
1171,20.166056247400164
1172,20.167579587406408
1173,20.167579587406408
1174,20.165040687396
1175,20.164025127391852
1176,20.167071807404326
1177,20.1701184874168
1178,20.171641827423045
1179,20.1701184874168
1180,20.16808736740849
1181,20.166564027402245
1182,20.167579587406408
1183,20.171134047420963
1184,20.17367294743137
1185,20.170626267418882
1186,20.16453290739392
1187,20.160978447379364
1188,20.162501787385608
1189,20.165040687396
1190,20.165548467398082
1191,20.165548467398082
1192,20.165040687396
1193,20.165040687396
1194,20.166056247400164
1195,20.16859514741057
1196,20.167579587406408
1197,20.16351734738977
1198,20.160978447379364
1199,20.161486227381445
1200,20.162501787385608
1201,20.16300956738769
1202,20.162501787385608
1203,20.16351734738977
1204,20.166564027402245
1205,20.167579587406408
1206,20.165040687396
1207,20.162501787385608
1208,20.160978447379364
1209,20.161486227381445
1210,20.164025127391852
1211,20.164025127391852
1212,20.16300956738769
1213,20.16453290739392
1214,20.167579587406408
1215,20.16961070741472
1216,20.169102927412638
1217,20.167071807404326
1218,20.164025127391852
1219,20.16351734738977
1220,20.166056247400164
1221,20.16859514741057
1222,20.167579587406408
1223,20.16300956738769
1224,20.160978447379364
1225,20.161486227381445
1226,20.161486227381445
1227,20.160470667377282
1228,20.160470667377282
1229,20.160978447379364
1230,20.160470667377282
1231,20.160470667377282
1232,20.162501787385608
1233,20.164025127391852
1234,20.164025127391852
1235,20.162501787385608
1236,20.160978447379364
1237,20.160978447379364
1238,20.162501787385608
1239,20.164025127391852
1240,20.16453290739392
1241,20.16453290739392
1242,20.164025127391852
1243,20.16351734738977
1244,20.16453290739392
1245,20.165040687396
1246,20.16300956738769
1247,20.1599628873752
1248,20.1599628873752
1249,20.162501787385608
1250,20.16453290739392
1251,20.16453290739392
1252,20.165548467398082
1253,20.16808736740849
1254,20.16961070741472
1255,20.170626267418882
1256,20.170626267418882
1257,20.16859514741057
1258,20.16453290739392
1259,20.162501787385608
1260,20.16453290739392
1261,20.16859514741057
1262,20.170626267418882
1263,20.169102927412638
1264,20.166056247400164
1265,20.162501787385608
1266,20.160978447379364
1267,20.16300956738769
1268,20.165548467398082
1269,20.166564027402245
1270,20.165040687396
1271,20.16300956738769
1272,20.161994007383527
1273,20.161994007383527
1274,20.161994007383527
1275,20.16351734738977
1276,20.166056247400164
1277,20.16859514741057
1278,20.16808736740849
1279,20.166056247400164
1280,20.16453290739392
1281,20.16453290739392
1282,20.165548467398082
1283,20.167071807404326
1284,20.16859514741057
1285,20.16808736740849
1286,20.167071807404326
1287,20.166564027402245
1288,20.166564027402245
1289,20.16453290739392
1290,20.160978447379364
1291,20.158947327371052
1292,20.159455107373134
1293,20.162501787385608
1294,20.165040687396
1295,20.166056247400164
1296,20.16453290739392
1297,20.16351734738977
1298,20.16453290739392
1299,20.167579587406408
1300,20.169102927412638
1301,20.16808736740849
1302,20.165040687396
1303,20.161994007383527
1304,20.162501787385608
1305,20.165548467398082
1306,20.167579587406408
1307,20.167071807404326
1308,20.167579587406408
1309,20.16961070741472
1310,20.170626267418882
1311,20.16808736740849
1312,20.165548467398082
1313,20.16808736740849
1314,20.171641827423045
1315,20.172657387427208
1316,20.171134047420963
1317,20.170626267418882
1318,20.17316516742929
1319,20.174180727433438
1320,20.171641827423045
1321,20.167579587406408
1322,20.166564027402245
1323,20.169102927412638
1324,20.171134047420963
1325,20.171134047420963
1326,20.172149607425126
1327,20.17367294743137
1328,20.1751962874376
1329,20.176211847441763
1330,20.178750747452156
1331,20.17976630745632
1332,20.177735187448008
1333,20.17468850743552
1334,20.174180727433438
1335,20.175704067439682
1336,20.177735187448008
1337,20.177735187448008
1338,20.1751962874376
1339,20.172657387427208
1340,20.172149607425126
1341,20.17316516742929
1342,20.17367294743137
1343,20.1751962874376
1344,20.178750747452156
1345,20.181289647462563
1346,20.1802740874584
1347,20.176719627443845
1348,20.1751962874376
1349,20.177735187448008
1350,20.18078186746048
1351,20.178750747452156
1352,20.17316516742929
1353,20.16859514741057
1354,20.16859514741057
1355,20.1701184874168
1356,20.1701184874168
1357,20.169102927412638
1358,20.167579587406408
1359,20.167579587406408
1360,20.16961070741472
1361,20.171641827423045
1362,20.17367294743137
1363,20.176211847441763
1364,20.176211847441763
1365,20.17367294743137
1366,20.172657387427208
1367,20.17367294743137
1368,20.1751962874376
1369,20.1751962874376
1370,20.174180727433438
1371,20.17367294743137
1372,20.172657387427208
1373,20.170626267418882
1374,20.16961070741472
1375,20.16961070741472
1376,20.170626267418882
1377,20.172149607425126
1378,20.17468850743552
1379,20.176719627443845
1380,20.177735187448008
1381,20.179258527454238
1382,20.18078186746048
1383,20.18078186746048
1384,20.178750747452156
1385,20.177735187448008
1386,20.179258527454238
1387,20.181289647462563
1388,20.183828547472956
1389,20.186367447483363
1390,20.187383007487526
1391,20.183828547472956
1392,20.17976630745632
1393,20.178750747452156
1394,20.181289647462563
1395,20.183828547472956
1396,20.183828547472956
1397,20.182305207466726
1398,20.17976630745632
1399,20.176211847441763
1400,20.1751962874376
1401,20.17824296745009
1402,20.183320767470875
1403,20.1853518874792
1404,20.183320767470875
1405,20.1802740874584
1406,20.178750747452156
1407,20.17976630745632
1408,20.1802740874584
1409,20.18078186746048
1410,20.181289647462563
1411,20.182812987468807
1412,20.183320767470875
1413,20.181797427464645
1414,20.17976630745632
1415,20.179258527454238
1416,20.1802740874584
1417,20.1802740874584
1418,20.17976630745632
1419,20.17976630745632
1420,20.181289647462563
1421,20.181289647462563
1422,20.178750747452156
1423,20.176211847441763
1424,20.176211847441763
1425,20.178750747452156
1426,20.181797427464645
1427,20.182305207466726
1428,20.17976630745632
1429,20.177227407445926
1430,20.178750747452156
1431,20.181797427464645
1432,20.183320767470875
1433,20.18078186746048
1434,20.175704067439682
1435,20.172657387427208
1436,20.17316516742929
1437,20.175704067439682
1438,20.178750747452156
1439,20.179258527454238
1440,20.178750747452156
1441,20.179258527454238
1442,20.181289647462563
1443,20.184336327475037
1444,20.18585966748128
1445,20.184336327475037
1446,20.182812987468807
1447,20.181797427464645
1448,20.181289647462563
1449,20.17976630745632
1450,20.17824296745009
1451,20.178750747452156
1452,20.17976630745632
1453,20.18078186746048
1454,20.17976630745632
1455,20.177227407445926
1456,20.175704067439682
1457,20.177227407445926
1458,20.182305207466726
1459,20.186875227485444
1460,20.188398567491674
1461,20.186875227485444
1462,20.184336327475037
1463,20.183828547472956
1464,20.18484410747712
1465,20.186875227485444
1466,20.18992190749792
1467,20.188398567491674
1468,20.181289647462563
1469,20.175704067439682
1470,20.1751962874376
1471,20.1802740874584
1472,20.184336327475037
1473,20.18484410747712
1474,20.184336327475037
1475,20.183828547472956
1476,20.181797427464645
1477,20.179258527454238
1478,20.17976630745632
1479,20.1802740874584
1480,20.1802740874584
1481,20.182812987468807
1482,20.18585966748128
1483,20.186875227485444
1484,20.1853518874792
1485,20.184336327475037
1486,20.183828547472956
1487,20.181289647462563
1488,20.178750747452156
1489,20.177735187448008
1490,20.178750747452156
1491,20.178750747452156
1492,20.177735187448008
1493,20.175704067439682
1494,20.1751962874376
1495,20.17824296745009
1496,20.18078186746048
1497,20.179258527454238
1498,20.176719627443845
1499,20.176719627443845
1500,20.176719627443845
1501,20.176211847441763
1502,20.177735187448008
1503,20.1802740874584
1504,20.1802740874584
1505,20.178750747452156
1506,20.17824296745009
1507,20.178750747452156
1508,20.17976630745632
1509,20.1802740874584
1510,20.1802740874584
1511,20.1802740874584
1512,20.18078186746048
1513,20.181289647462563
1514,20.182812987468807
1515,20.184336327475037
1516,20.183828547472956
1517,20.181289647462563
1518,20.176719627443845
1519,20.17316516742929
1520,20.17367294743137
1521,20.176211847441763
1522,20.178750747452156
1523,20.181289647462563
1524,20.183828547472956
1525,20.183828547472956
1526,20.182812987468807
1527,20.182812987468807
1528,20.182812987468807
1529,20.181797427464645
1530,20.18078186746048
1531,20.181289647462563
1532,20.181289647462563
1533,20.17976630745632
1534,20.179258527454238
1535,20.17976630745632
1536,20.179258527454238
1537,20.176719627443845
1538,20.1751962874376
1539,20.1751962874376
1540,20.177227407445926
1541,20.181289647462563
1542,20.183320767470875
1543,20.183320767470875
1544,20.181797427464645
1545,20.181797427464645
1546,20.183828547472956
1547,20.18484410747712
1548,20.181797427464645
1549,20.177227407445926
1550,20.1751962874376
1551,20.177227407445926
1552,20.1802740874584
1553,20.181797427464645
1554,20.181797427464645
1555,20.18078186746048
1556,20.17976630745632
1557,20.179258527454238
1558,20.177735187448008
1559,20.174180727433438
1560,20.1701184874168
1561,20.16961070741472
1562,20.174180727433438
1563,20.178750747452156
1564,20.1802740874584
1565,20.178750747452156
1566,20.177227407445926
1567,20.176719627443845
1568,20.175704067439682
1569,20.17367294743137
1570,20.17316516742929
1571,20.17468850743552
1572,20.176719627443845
1573,20.178750747452156
1574,20.17976630745632
1575,20.178750747452156
1576,20.177227407445926
1577,20.177227407445926
1578,20.17824296745009
1579,20.177227407445926
1580,20.175704067439682
1581,20.176211847441763
1582,20.177735187448008
1583,20.17824296745009
1584,20.177735187448008
1585,20.177735187448008
1586,20.18078186746048
1587,20.184336327475037
1588,20.18585966748128
1589,20.184336327475037
1590,20.181797427464645
1591,20.179258527454238
1592,20.178750747452156
1593,20.1802740874584
1594,20.181797427464645
1595,20.182305207466726
1596,20.182305207466726
1597,20.18078186746048
1598,20.17824296745009
1599,20.176211847441763
1600,20.176211847441763
1601,20.176719627443845
1602,20.175704067439682
1603,20.176211847441763
1604,20.178750747452156
1605,20.182812987468807
1606,20.183828547472956
1607,20.181289647462563
1608,20.179258527454238
1609,20.179258527454238
1610,20.178750747452156
1611,20.175704067439682
1612,20.174180727433438
1613,20.1751962874376
1614,20.176211847441763
1615,20.176211847441763
1616,20.177227407445926
1617,20.176719627443845
1618,20.17367294743137
1619,20.171641827423045
1620,20.172657387427208
1621,20.175704067439682
1622,20.177735187448008
1623,20.177227407445926
1624,20.176719627443845
1625,20.178750747452156
1626,20.179258527454238
1627,20.177227407445926
1628,20.176211847441763
1629,20.17824296745009
1630,20.1802740874584
1631,20.1802740874584
1632,20.177735187448008
1633,20.17367294743137
1634,20.171641827423045
1635,20.17316516742929
1636,20.17468850743552
1637,20.1751962874376
1638,20.17367294743137
1639,20.171134047420963
1640,20.169102927412638
1641,20.167071807404326
1642,20.166056247400164
1643,20.167579587406408
1644,20.171134047420963
1645,20.174180727433438
1646,20.175704067439682
1647,20.175704067439682
1648,20.176719627443845
1649,20.178750747452156
1650,20.178750747452156
1651,20.176719627443845
1652,20.17316516742929
1653,20.171134047420963
1654,20.172149607425126
1655,20.176211847441763
1656,20.179258527454238
1657,20.176719627443845
1658,20.172657387427208
1659,20.171134047420963
1660,20.172657387427208
1661,20.174180727433438
1662,20.17367294743137
1663,20.17367294743137
1664,20.1751962874376
1665,20.176719627443845
1666,20.176211847441763
1667,20.175704067439682
1668,20.177227407445926
1669,20.178750747452156
1670,20.17824296745009
1671,20.177227407445926
1672,20.175704067439682
1673,20.175704067439682
1674,20.177227407445926
1675,20.178750747452156
1676,20.178750747452156
1677,20.177227407445926
1678,20.176211847441763
1679,20.176211847441763
1680,20.176719627443845
1681,20.1751962874376
1682,20.172657387427208
1683,20.171641827423045
1684,20.171641827423045
1685,20.172657387427208
1686,20.1751962874376
1687,20.176719627443845
1688,20.17468850743552
1689,20.170626267418882
1690,20.169102927412638
1691,20.171134047420963
1692,20.17367294743137
1693,20.17367294743137
1694,20.172149607425126
1695,20.1701184874168
1696,20.169102927412638
1697,20.1701184874168
1698,20.171641827423045
1699,20.171641827423045
1700,20.172657387427208
1701,20.174180727433438
1702,20.174180727433438
1703,20.1701184874168
1704,20.164025127391852
1705,20.159455107373134
1706,20.159455107373134
1707,20.16300956738769
1708,20.167071807404326
1709,20.16859514741057
1710,20.167071807404326
1711,20.165040687396
1712,20.16453290739392
1713,20.166056247400164
1714,20.166056247400164
1715,20.165040687396
1716,20.166056247400164
1717,20.16808736740849
1718,20.16808736740849
1719,20.166056247400164
1720,20.165040687396
1721,20.16453290739392
1722,20.166564027402245
1723,20.169102927412638
1724,20.16961070741472
1725,20.166056247400164
1726,20.161486227381445
1727,20.160470667377282
1728,20.161994007383527
1729,20.162501787385608
1730,20.16300956738769
1731,20.165548467398082
1732,20.16859514741057
1733,20.1701184874168
1734,20.1701184874168
1735,20.16808736740849
1736,20.16453290739392
1737,20.16300956738769
1738,20.165040687396
1739,20.16961070741472
1740,20.17367294743137
1741,20.174180727433438
1742,20.171641827423045
1743,20.170626267418882
1744,20.172657387427208
1745,20.172149607425126
1746,20.16808736740849
1747,20.165040687396
1748,20.167579587406408
1749,20.172149607425126
1750,20.174180727433438
1751,20.172149607425126
1752,20.16859514741057
1753,20.16808736740849
1754,20.171641827423045
1755,20.176211847441763
1756,20.177735187448008
1757,20.1751962874376
1758,20.16961070741472
1759,20.166056247400164
1760,20.166056247400164
1761,20.167579587406408
1762,20.16859514741057
1763,20.1701184874168
1764,20.170626267418882
1765,20.169102927412638
1766,20.166564027402245
1767,20.16351734738977
1768,20.161994007383527
1769,20.16300956738769
1770,20.16453290739392
1771,20.165040687396
1772,20.16351734738977
1773,20.162501787385608
1774,20.161994007383527
1775,20.161994007383527
1776,20.161486227381445
1777,20.158947327371052
1778,20.156916207362727
1779,20.15793176736689
1780,20.160470667377282
1781,20.161994007383527
1782,20.16300956738769
1783,20.162501787385608
1784,20.161486227381445
1785,20.160978447379364
1786,20.16351734738977
1787,20.165040687396
1788,20.160978447379364
1789,20.156916207362727
1790,20.15742398736481
1791,20.161994007383527
1792,20.164025127391852
1793,20.162501787385608
1794,20.160470667377282
1795,20.1599628873752
1796,20.161994007383527
1797,20.165548467398082
1798,20.16808736740849
1799,20.16859514741057
1800,20.167071807404326
1801,20.165040687396
1802,20.16351734738977
1803,20.16300956738769
1804,20.16300956738769
1805,20.16300956738769
1806,20.16453290739392
1807,20.165040687396
1808,20.164025127391852
1809,20.162501787385608
1810,20.16300956738769
1811,20.165548467398082
1812,20.16808736740849
1813,20.16859514741057
1814,20.16859514741057
1815,20.1701184874168
1816,20.172657387427208
1817,20.172149607425126
1818,20.169102927412638
1819,20.167071807404326
1820,20.16808736740849
1821,20.16859514741057
1822,20.16808736740849
1823,20.16808736740849
1824,20.16859514741057
1825,20.16808736740849
1826,20.167071807404326
1827,20.165548467398082
1828,20.16351734738977
1829,20.160470667377282
1830,20.159455107373134
1831,20.159455107373134
1832,20.160470667377282
1833,20.164025127391852
1834,20.16808736740849
1835,20.169102927412638
1836,20.16808736740849
1837,20.167071807404326
1838,20.16961070741472
1839,20.17316516742929
1840,20.172657387427208
1841,20.1701184874168
1842,20.16859514741057
1843,20.16808736740849
1844,20.167579587406408
1845,20.167071807404326
1846,20.167071807404326
1847,20.166056247400164
1848,20.164025127391852
1849,20.161994007383527
1850,20.160470667377282
1851,20.161486227381445
1852,20.16453290739392
1853,20.166564027402245
1854,20.167579587406408
1855,20.16808736740849
1856,20.16808736740849
1857,20.167579587406408
1858,20.166564027402245
1859,20.16453290739392
1860,20.16300956738769
1861,20.162501787385608
1862,20.16453290739392
1863,20.16961070741472
1864,20.17367294743137
1865,20.1751962874376
1866,20.17367294743137
1867,20.171641827423045
1868,20.171134047420963
1869,20.171134047420963
1870,20.1701184874168
1871,20.167579587406408
1872,20.166564027402245
1873,20.16859514741057
1874,20.171641827423045
1875,20.17367294743137
1876,20.17367294743137
1877,20.174180727433438
1878,20.174180727433438
1879,20.17316516742929
1880,20.171641827423045
1881,20.171641827423045
1882,20.174180727433438
1883,20.177227407445926
1884,20.178750747452156
1885,20.178750747452156
1886,20.178750747452156
1887,20.17824296745009
1888,20.177227407445926
1889,20.175704067439682
1890,20.172149607425126
1891,20.16961070741472
1892,20.171134047420963
1893,20.1751962874376
1894,20.176719627443845
1895,20.176211847441763
1896,20.17468850743552
1897,20.1751962874376
1898,20.176211847441763
1899,20.177227407445926
1900,20.175704067439682
1901,20.171641827423045
1902,20.167579587406408
1903,20.167071807404326
1904,20.16961070741472
1905,20.172149607425126
1906,20.17316516742929
1907,20.174180727433438
1908,20.176719627443845
1909,20.178750747452156
1910,20.17824296745009
1911,20.174180727433438
1912,20.170626267418882
1913,20.16961070741472
1914,20.171134047420963
1915,20.17316516742929
1916,20.17468850743552
1917,20.17367294743137
1918,20.170626267418882
1919,20.170626267418882
1920,20.172657387427208
1921,20.172149607425126
1922,20.169102927412638
1923,20.166056247400164
1924,20.167579587406408
1925,20.172657387427208
1926,20.175704067439682
1927,20.1751962874376
1928,20.17468850743552
1929,20.1751962874376
1930,20.174180727433438
1931,20.171134047420963
1932,20.167579587406408
1933,20.166056247400164
1934,20.16859514741057
1935,20.172657387427208
1936,20.1751962874376
1937,20.175704067439682
1938,20.177227407445926
1939,20.17976630745632
1940,20.181289647462563
1941,20.1802740874584
1942,20.177227407445926
1943,20.1751962874376
1944,20.1751962874376
1945,20.176719627443845
1946,20.177735187448008
1947,20.17824296745009
1948,20.17824296745009
1949,20.179258527454238
1950,20.182305207466726
1951,20.18484410747712
1952,20.18484410747712
1953,20.183320767470875
1954,20.183828547472956
1955,20.186367447483363
1956,20.187383007487526
1957,20.18585966748128
1958,20.1853518874792
1959,20.18484410747712
1960,20.182812987468807
1961,20.179258527454238
1962,20.177227407445926
1963,20.17824296745009
1964,20.18078186746048
1965,20.182812987468807
1966,20.184336327475037
1967,20.18585966748128
1968,20.186875227485444
1969,20.184336327475037
1970,20.1802740874584
1971,20.178750747452156
1972,20.179258527454238
1973,20.179258527454238
1974,20.178750747452156
1975,20.17824296745009
1976,20.17824296745009
1977,20.177735187448008
1978,20.17824296745009
1979,20.17824296745009
1980,20.17824296745009
1981,20.17824296745009
1982,20.17824296745009
1983,20.178750747452156
1984,20.179258527454238
1985,20.179258527454238
1986,20.17824296745009
1987,20.176719627443845
1988,20.176211847441763
1989,20.179258527454238
1990,20.182305207466726
1991,20.183828547472956
1992,20.18484410747712
1993,20.18484410747712
1994,20.18078186746048
1995,20.176211847441763
1996,20.17367294743137
1997,20.17367294743137
1998,20.174180727433438
1999,20.17468850743552
2000,20.174180727433438
2001,20.17468850743552
2002,20.177735187448008
2003,20.181289647462563
2004,20.183828547472956
2005,20.183828547472956
2006,20.182812987468807
2007,20.181797427464645
2008,20.18078186746048
2009,20.17976630745632
2010,20.181797427464645
2011,20.1853518874792
2012,20.187383007487526
2013,20.184336327475037
2014,20.179258527454238
2015,20.177227407445926
2016,20.17976630745632
2017,20.18585966748128
2018,20.189414127495837
2019,20.187383007487526
2020,20.182812987468807
2021,20.181289647462563
2022,20.184336327475037
2023,20.186367447483363
2024,20.1853518874792
2025,20.183828547472956
2026,20.186367447483363
2027,20.18992190749792
2028,20.19093746750208
2029,20.188398567491674
2030,20.184336327475037
2031,20.182812987468807
2032,20.18484410747712
2033,20.187890787489593
2034,20.18992190749792
2035,20.1904296875
2036,20.189414127495837
2037,20.187383007487526
2038,20.1853518874792
2039,20.18484410747712
2040,20.1853518874792
2041,20.186875227485444
2042,20.186875227485444
2043,20.18585966748128
2044,20.186367447483363
2045,20.187890787489593
2046,20.187383007487526
2047,20.186367447483363
2048,20.18484410747712
2049,20.183320767470875
2050,20.182305207466726
2051,20.182812987468807
2052,20.183320767470875
2053,20.183828547472956
2054,20.183828547472956
2055,20.182305207466726
2056,20.179258527454238
2057,20.176211847441763
2058,20.176719627443845
2059,20.178750747452156
2060,20.1802740874584
2061,20.1802740874584
2062,20.18078186746048
2063,20.182305207466726
2064,20.183320767470875
2065,20.183828547472956
2066,20.184336327475037
2067,20.183320767470875
2068,20.182812987468807
2069,20.183320767470875
2070,20.184336327475037
2071,20.187383007487526
2072,20.1904296875
2073,20.18992190749792
2074,20.186367447483363
2075,20.184336327475037
2076,20.184336327475037
2077,20.183828547472956
2078,20.183320767470875
2079,20.184336327475037
2080,20.18585966748128
2081,20.186367447483363
2082,20.18484410747712
2083,20.18484410747712
2084,20.186367447483363
2085,20.186367447483363
2086,20.183320767470875
2087,20.181289647462563
2088,20.182305207466726
2089,20.1853518874792
2090,20.186367447483363
2091,20.18585966748128
2092,20.186875227485444
2093,20.187383007487526
2094,20.1853518874792
2095,20.182305207466726
2096,20.181289647462563
2097,20.181797427464645
2098,20.18078186746048
2099,20.179258527454238
2100,20.17824296745009
2101,20.17976630745632
2102,20.183320767470875
2103,20.18585966748128
2104,20.184336327475037
2105,20.1802740874584
2106,20.1751962874376
2107,20.171641827423045
2108,20.172657387427208
2109,20.176719627443845
2110,20.1802740874584
2111,20.182305207466726
2112,20.183320767470875
2113,20.183828547472956
2114,20.182812987468807
2115,20.181289647462563
2116,20.18078186746048
2117,20.179258527454238
2118,20.1751962874376
2119,20.172657387427208
2120,20.172149607425126
2121,20.172657387427208
2122,20.17367294743137
2123,20.176719627443845
2124,20.1802740874584
2125,20.1802740874584
2126,20.176211847441763
2127,20.172657387427208
2128,20.172657387427208
2129,20.174180727433438
2130,20.176719627443845
2131,20.1802740874584
2132,20.183828547472956
2133,20.184336327475037
2134,20.182305207466726
2135,20.1802740874584
2136,20.17824296745009
2137,20.177227407445926
2138,20.176211847441763
2139,20.17468850743552
2140,20.172657387427208
2141,20.171134047420963
2142,20.172149607425126
2143,20.17468850743552
2144,20.176211847441763
2145,20.17316516742929
2146,20.167579587406408
2147,20.165548467398082
2148,20.16961070741472
2149,20.17316516742929
2150,20.172657387427208
2151,20.171641827423045
2152,20.17367294743137
2153,20.177227407445926
2154,20.176719627443845
2155,20.171641827423045
2156,20.169102927412638
2157,20.171641827423045
2158,20.176211847441763
2159,20.177227407445926
2160,20.174180727433438
2161,20.169102927412638
2162,20.166564027402245
2163,20.169102927412638
2164,20.17468850743552
2165,20.179258527454238
2166,20.178750747452156
2167,20.176719627443845
2168,20.177227407445926
2169,20.179258527454238
2170,20.178750747452156
2171,20.1751962874376
2172,20.172657387427208
2173,20.17316516742929
2174,20.175704067439682
2175,20.176719627443845
2176,20.176719627443845
2177,20.175704067439682
2178,20.174180727433438
2179,20.171641827423045
2180,20.167071807404326
2181,20.16351734738977
2182,20.162501787385608
2183,20.162501787385608
2184,20.164025127391852
2185,20.16808736740849
2186,20.17316516742929
2187,20.174180727433438
2188,20.1751962874376
2189,20.176211847441763
2190,20.17316516742929
2191,20.16961070741472
2192,20.1701184874168
2193,20.172149607425126
2194,20.172657387427208
2195,20.170626267418882
2196,20.166564027402245
2197,20.161994007383527
2198,20.162501787385608
2199,20.165548467398082
2200,20.167071807404326
2201,20.166564027402245
2202,20.165548467398082
2203,20.166056247400164
2204,20.167579587406408
2205,20.166564027402245
2206,20.164025127391852
2207,20.16300956738769
2208,20.164025127391852
2209,20.165040687396
2210,20.166056247400164
2211,20.165548467398082
2212,20.165548467398082
2213,20.167579587406408
2214,20.170626267418882
2215,20.1701184874168
2216,20.167071807404326
2217,20.16351734738977
2218,20.162501787385608
2219,20.165040687396
2220,20.16808736740849
2221,20.167579587406408
2222,20.16453290739392
2223,20.164025127391852
2224,20.166056247400164
2225,20.169102927412638
2226,20.171134047420963
2227,20.172149607425126
2228,20.17367294743137
2229,20.1751962874376
2230,20.1751962874376
2231,20.174180727433438
2232,20.17316516742929
2233,20.171134047420963
2234,20.170626267418882
2235,20.171641827423045
2236,20.172149607425126
2237,20.170626267418882
2238,20.169102927412638
2239,20.169102927412638
2240,20.1701184874168
2241,20.171641827423045
2242,20.172149607425126
2243,20.170626267418882
2244,20.16859514741057
2245,20.16859514741057
2246,20.170626267418882
2247,20.16961070741472
2248,20.16808736740849
2249,20.1701184874168
2250,20.17468850743552
2251,20.176719627443845
2252,20.176719627443845
2253,20.176719627443845
2254,20.176211847441763
2255,20.17468850743552
2256,20.171134047420963
2257,20.166056247400164
2258,20.16351734738977
2259,20.164025127391852
2260,20.165040687396
2261,20.16453290739392
2262,20.161994007383527
2263,20.1599628873752
2264,20.160470667377282
2265,20.162501787385608
2266,20.16300956738769
2267,20.160978447379364
2268,20.158947327371052
2269,20.15843954736897
2270,20.159455107373134
2271,20.1599628873752
2272,20.160470667377282
2273,20.1599628873752
2274,20.15742398736481
2275,20.153869527350253
2276,20.15285396734609
2277,20.155392867356483
2278,20.158947327371052
2279,20.160470667377282
2280,20.1599628873752
2281,20.159455107373134
2282,20.1599628873752
2283,20.161486227381445
2284,20.161994007383527
2285,20.161486227381445
2286,20.160470667377282
2287,20.158947327371052
2288,20.156916207362727
2289,20.156916207362727
2290,20.158947327371052
2291,20.160978447379364
2292,20.16300956738769
2293,20.165040687396
2294,20.167071807404326
2295,20.167071807404326
2296,20.16453290739392
2297,20.161994007383527
2298,20.161994007383527
2299,20.164025127391852
2300,20.16453290739392
2301,20.164025127391852
2302,20.166564027402245
2303,20.170626267418882
2304,20.16961070741472
2305,20.16300956738769
2306,20.15843954736897
2307,20.161486227381445
2308,20.167579587406408
2309,20.170626267418882
2310,20.169102927412638
2311,20.166056247400164
2312,20.165040687396
2313,20.166564027402245
2314,20.166564027402245
2315,20.164025127391852
2316,20.16351734738977
2317,20.165040687396
2318,20.16453290739392
2319,20.16300956738769
2320,20.16351734738977
2321,20.165548467398082
2322,20.166564027402245
2323,20.166056247400164
2324,20.164025127391852
2325,20.160978447379364
2326,20.1599628873752
2327,20.159455107373134
2328,20.1599628873752
2329,20.161486227381445
2330,20.16351734738977
2331,20.164025127391852
2332,20.16453290739392
2333,20.165548467398082
2334,20.165040687396
2335,20.16300956738769
2336,20.160978447379364
2337,20.159455107373134
2338,20.1599628873752
2339,20.161994007383527
2340,20.16453290739392
2341,20.16453290739392
2342,20.162501787385608
2343,20.160470667377282
2344,20.160470667377282
2345,20.160470667377282
2346,20.156408427360645
2347,20.151838407341927
2348,20.150822847337764
2349,20.154377307352334
2350,20.15843954736897
2351,20.1599628873752
2352,20.159455107373134
2353,20.1599628873752
2354,20.162501787385608
2355,20.165040687396
2356,20.165548467398082
2357,20.164025127391852
2358,20.162501787385608
2359,20.161994007383527
2360,20.164025127391852
2361,20.167579587406408
2362,20.16961070741472
2363,20.16961070741472
2364,20.16859514741057
2365,20.167579587406408
2366,20.166056247400164
2367,20.16300956738769
2368,20.160978447379364
2369,20.161994007383527
2370,20.165548467398082
2371,20.1701184874168
2372,20.171641827423045
2373,20.169102927412638
2374,20.165548467398082
2375,20.16300956738769
2376,20.16351734738977
2377,20.165040687396
2378,20.165548467398082
2379,20.165040687396
2380,20.16453290739392
2381,20.165040687396
2382,20.166056247400164
2383,20.16808736740849
2384,20.16961070741472
2385,20.169102927412638
2386,20.166564027402245
2387,20.16300956738769
2388,20.1599628873752
2389,20.159455107373134
2390,20.160978447379364
2391,20.162501787385608
2392,20.164025127391852
2393,20.165548467398082
2394,20.166056247400164
2395,20.165040687396
2396,20.164025127391852
2397,20.16351734738977
2398,20.162501787385608
2399,20.160978447379364
2400,20.160470667377282
2401,20.162501787385608
2402,20.166056247400164
2403,20.16808736740849
2404,20.167071807404326
2405,20.165548467398082
2406,20.166564027402245
2407,20.16808736740849
2408,20.16859514741057
2409,20.167579587406408
2410,20.166056247400164
2411,20.165548467398082
2412,20.167071807404326
2413,20.167579587406408
2414,20.165548467398082
2415,20.16351734738977
2416,20.162501787385608
2417,20.162501787385608
2418,20.16351734738977
2419,20.165040687396
2420,20.166056247400164
2421,20.166056247400164
2422,20.16453290739392
2423,20.16300956738769
2424,20.16351734738977
2425,20.166564027402245
2426,20.167579587406408
2427,20.166056247400164
2428,20.16351734738977
2429,20.160470667377282
2430,20.158947327371052
2431,20.1599628873752
2432,20.16300956738769
2433,20.16453290739392
2434,20.165548467398082
2435,20.16808736740849
2436,20.171134047420963
2437,20.172657387427208
2438,20.172149607425126
2439,20.170626267418882
2440,20.16808736740849
2441,20.166564027402245
2442,20.169102927412638
2443,20.172149607425126
2444,20.172657387427208
2445,20.1701184874168
2446,20.169102927412638
2447,20.171134047420963
2448,20.174180727433438
2449,20.1751962874376
2450,20.176211847441763
2451,20.179258527454238
2452,20.182305207466726
2453,20.18078186746048
2454,20.177227407445926
2455,20.176719627443845
2456,20.17824296745009
2457,20.179258527454238
2458,20.177735187448008
2459,20.175704067439682
2460,20.17468850743552
2461,20.172657387427208
2462,20.1701184874168
2463,20.16859514741057
2464,20.171134047420963
2465,20.1751962874376
2466,20.176719627443845
2467,20.176211847441763
2468,20.1751962874376
2469,20.17468850743552
2470,20.174180727433438
2471,20.174180727433438
2472,20.174180727433438
2473,20.175704067439682
2474,20.177227407445926
2475,20.17468850743552
2476,20.170626267418882
2477,20.1701184874168
2478,20.17316516742929
2479,20.176719627443845
2480,20.177735187448008
2481,20.17316516742929
2482,20.165548467398082
2483,20.161486227381445
2484,20.164025127391852
2485,20.16961070741472
2486,20.17316516742929
2487,20.17367294743137
2488,20.172657387427208
2489,20.172149607425126
2490,20.172149607425126
2491,20.171641827423045
2492,20.172657387427208
2493,20.17316516742929
2494,20.17316516742929
2495,20.17316516742929
2496,20.17468850743552
2497,20.176211847441763
2498,20.17824296745009
2499,20.17976630745632
2500,20.17976630745632
2501,20.179258527454238
2502,20.17976630745632
2503,20.181797427464645
2504,20.183828547472956
2505,20.184336327475037
2506,20.182305207466726
2507,20.1802740874584
2508,20.18078186746048
2509,20.182305207466726
2510,20.182812987468807
2511,20.18078186746048
2512,20.177227407445926
2513,20.177735187448008
2514,20.181289647462563
2515,20.182812987468807
2516,20.1802740874584
2517,20.177227407445926
2518,20.176719627443845
2519,20.179258527454238
2520,20.183320767470875
2521,20.1853518874792
2522,20.183828547472956
2523,20.181797427464645
2524,20.181797427464645
2525,20.182812987468807
2526,20.183320767470875
2527,20.182812987468807
2528,20.181289647462563
2529,20.18078186746048
2530,20.182812987468807
2531,20.1853518874792
2532,20.1853518874792
2533,20.182305207466726
2534,20.1802740874584
2535,20.181797427464645
2536,20.184336327475037
2537,20.18484410747712
2538,20.1853518874792
2539,20.1853518874792
2540,20.184336327475037
2541,20.183320767470875
2542,20.18484410747712
2543,20.187383007487526
2544,20.186367447483363
2545,20.181797427464645
2546,20.17824296745009
2547,20.17824296745009
2548,20.178750747452156
2549,20.177735187448008
2550,20.176719627443845
2551,20.17824296745009
2552,20.179258527454238
2553,20.178750747452156
2554,20.176719627443845
2555,20.17468850743552
2556,20.172657387427208
2557,20.172149607425126
2558,20.174180727433438
2559,20.177227407445926
2560,20.1802740874584
2561,20.181289647462563
2562,20.181797427464645
2563,20.181797427464645
2564,20.1802740874584
2565,20.17824296745009
2566,20.17824296745009
2567,20.179258527454238
2568,20.17976630745632
2569,20.1802740874584
2570,20.18078186746048
2571,20.181797427464645
2572,20.183320767470875
2573,20.18484410747712
2574,20.18484410747712
2575,20.183320767470875
2576,20.182812987468807
2577,20.1853518874792
2578,20.18992190749792
2579,20.192968587510393
2580,20.191953027506244
2581,20.187890787489593
2582,20.183320767470875
2583,20.181289647462563
2584,20.183320767470875
2585,20.187383007487526
2586,20.18992190749792
2587,20.1904296875
2588,20.187890787489593
2589,20.1853518874792
2590,20.184336327475037
2591,20.184336327475037
2592,20.182812987468807
2593,20.1802740874584
2594,20.177735187448008
2595,20.177227407445926
2596,20.1802740874584
2597,20.184336327475037
2598,20.18585966748128
2599,20.186367447483363
2600,20.18585966748128
2601,20.184336327475037
2602,20.183828547472956
2603,20.183828547472956
2604,20.182812987468807
2605,20.18078186746048
2606,20.179258527454238
2607,20.181289647462563
2608,20.184336327475037
2609,20.182812987468807
2610,20.179258527454238
2611,20.179258527454238
2612,20.181797427464645
2613,20.182812987468807
2614,20.179258527454238
2615,20.174180727433438
2616,20.171134047420963
2617,20.171641827423045
2618,20.17316516742929
2619,20.174180727433438
2620,20.176719627443845
2621,20.178750747452156
2622,20.179258527454238
2623,20.178750747452156
2624,20.17824296745009
2625,20.176719627443845
2626,20.177227407445926
2627,20.178750747452156
2628,20.18078186746048
2629,20.182305207466726
2630,20.182812987468807
2631,20.183320767470875
2632,20.18585966748128
2633,20.188398567491674
2634,20.188398567491674
2635,20.1853518874792
2636,20.182305207466726
2637,20.18078186746048
2638,20.181289647462563
2639,20.181797427464645
2640,20.181797427464645
2641,20.181289647462563
2642,20.179258527454238
2643,20.178750747452156
2644,20.181289647462563
2645,20.184336327475037
2646,20.183320767470875
2647,20.1802740874584
2648,20.17976630745632
2649,20.181797427464645
2650,20.182305207466726
2651,20.18078186746048
2652,20.1802740874584
2653,20.181289647462563
2654,20.183828547472956
2655,20.18585966748128
2656,20.186367447483363
2657,20.184336327475037
2658,20.17976630745632
2659,20.177735187448008
2660,20.18078186746048
2661,20.1853518874792
2662,20.187383007487526
2663,20.18585966748128
2664,20.183828547472956
2665,20.183320767470875
2666,20.183828547472956
2667,20.182812987468807
2668,20.17976630745632
2669,20.177735187448008
2670,20.179258527454238
2671,20.181289647462563
2672,20.1802740874584
2673,20.177735187448008
2674,20.177735187448008
2675,20.179258527454238
2676,20.17824296745009
2677,20.174180727433438
2678,20.172657387427208
2679,20.17468850743552
2680,20.17824296745009
2681,20.1802740874584
2682,20.1802740874584
2683,20.179258527454238
2684,20.177735187448008
2685,20.177227407445926
2686,20.179258527454238
2687,20.182305207466726
2688,20.181289647462563
2689,20.177227407445926
2690,20.1751962874376
2691,20.176211847441763
2692,20.17824296745009
2693,20.17976630745632
2694,20.181289647462563
2695,20.1802740874584
2696,20.177735187448008
2697,20.1751962874376
2698,20.174180727433438
2699,20.1751962874376
2700,20.178750747452156
2701,20.181289647462563
2702,20.1802740874584
2703,20.177735187448008
2704,20.176719627443845
2705,20.179258527454238
2706,20.182812987468807
2707,20.183320767470875
2708,20.181797427464645
2709,20.18078186746048
2710,20.181289647462563
2711,20.181289647462563
2712,20.18078186746048
2713,20.17976630745632
2714,20.179258527454238
2715,20.178750747452156
2716,20.17824296745009
2717,20.177735187448008
2718,20.177227407445926
2719,20.176719627443845
2720,20.177227407445926
2721,20.176719627443845
2722,20.176719627443845
2723,20.176719627443845
2724,20.177735187448008
2725,20.179258527454238
2726,20.181797427464645
2727,20.184336327475037
2728,20.184336327475037
2729,20.181797427464645
2730,20.179258527454238
2731,20.17976630745632
2732,20.182305207466726
2733,20.18484410747712
2734,20.186367447483363
2735,20.18484410747712
2736,20.18078186746048
2737,20.176719627443845
2738,20.176719627443845
2739,20.178750747452156
2740,20.177735187448008
2741,20.176211847441763
2742,20.176211847441763
2743,20.177227407445926
2744,20.177735187448008
2745,20.177227407445926
2746,20.175704067439682
2747,20.176719627443845
2748,20.179258527454238
2749,20.1802740874584
2750,20.1802740874584
2751,20.17976630745632
2752,20.178750747452156
2753,20.177227407445926
2754,20.176719627443845
2755,20.1751962874376
2756,20.17367294743137
2757,20.17367294743137
2758,20.172657387427208
2759,20.16961070741472
2760,20.166564027402245
2761,20.167071807404326
2762,20.170626267418882
2763,20.174180727433438
2764,20.175704067439682
2765,20.176719627443845
2766,20.178750747452156
2767,20.179258527454238
2768,20.176211847441763
2769,20.172657387427208
2770,20.171134047420963
2771,20.171134047420963
2772,20.171134047420963
2773,20.170626267418882
2774,20.171641827423045
2775,20.172657387427208
2776,20.171134047420963
2777,20.169102927412638
2778,20.171134047420963
2779,20.174180727433438
2780,20.17468850743552
2781,20.17367294743137
2782,20.172657387427208
2783,20.172657387427208
2784,20.174180727433438
2785,20.17367294743137
2786,20.1701184874168
2787,20.167071807404326
2788,20.167579587406408
2789,20.170626267418882
2790,20.17316516742929
2791,20.17316516742929
2792,20.17367294743137
2793,20.175704067439682
2794,20.178750747452156
2795,20.181289647462563
2796,20.183828547472956
2797,20.18484410747712
2798,20.182812987468807
2799,20.17824296745009
2800,20.174180727433438
2801,20.172149607425126
2802,20.172657387427208
2803,20.17468850743552
2804,20.177227407445926
2805,20.17976630745632
2806,20.18078186746048
2807,20.179258527454238
2808,20.177227407445926
2809,20.1751962874376
2810,20.17316516742929
2811,20.17316516742929
2812,20.1751962874376
2813,20.177735187448008
2814,20.176211847441763
2815,20.171641827423045
2816,20.171641827423045
2817,20.175704067439682
2818,20.177227407445926
2819,20.17316516742929
2820,20.1701184874168
2821,20.172657387427208
2822,20.17367294743137
2823,20.171134047420963
2824,20.16961070741472
2825,20.16961070741472
2826,20.16808736740849
2827,20.165548467398082
2828,20.164025127391852
2829,20.165040687396
2830,20.167579587406408
2831,20.16961070741472
2832,20.1701184874168
2833,20.170626267418882
2834,20.170626267418882
2835,20.16961070741472
2836,20.1701184874168
2837,20.172149607425126
2838,20.1701184874168
2839,20.167071807404326
2840,20.166056247400164
2841,20.167579587406408
2842,20.166564027402245
2843,20.164025127391852
2844,20.162501787385608
2845,20.16453290739392
2846,20.167071807404326
2847,20.167579587406408
2848,20.165548467398082
2849,20.164025127391852
2850,20.164025127391852
2851,20.16453290739392
2852,20.165548467398082
2853,20.166056247400164
2854,20.167579587406408
2855,20.16961070741472
2856,20.171641827423045
2857,20.17316516742929
2858,20.172149607425126
2859,20.169102927412638
2860,20.167071807404326
2861,20.167579587406408
2862,20.16961070741472
2863,20.171641827423045
2864,20.172657387427208
2865,20.172149607425126
2866,20.171134047420963
2867,20.172149607425126
2868,20.174180727433438
2869,20.17316516742929
2870,20.171641827423045
2871,20.170626267418882
2872,20.16961070741472
2873,20.171134047420963
2874,20.1751962874376
2875,20.17824296745009
2876,20.1751962874376
2877,20.16808736740849
2878,20.164025127391852
2879,20.166056247400164
2880,20.169102927412638
2881,20.169102927412638
2882,20.16808736740849
2883,20.166056247400164
2884,20.162501787385608
2885,20.15843954736897
2886,20.15742398736481
2887,20.159455107373134
2888,20.164025127391852
2889,20.167579587406408
2890,20.167579587406408
2891,20.165548467398082
2892,20.16351734738977
2893,20.161486227381445
2894,20.1599628873752
2895,20.1599628873752
2896,20.161486227381445
2897,20.162501787385608
2898,20.16300956738769
2899,20.162501787385608
2900,20.161994007383527
2901,20.161486227381445
2902,20.161994007383527
2903,20.161994007383527
2904,20.161994007383527
2905,20.161486227381445
2906,20.1599628873752
2907,20.160978447379364
2908,20.16300956738769
2909,20.16453290739392
2910,20.165548467398082
2911,20.165548467398082
2912,20.16453290739392
2913,20.162501787385608
2914,20.161486227381445
2915,20.16351734738977
2916,20.165548467398082
2917,20.165040687396
2918,20.162501787385608
2919,20.161486227381445
2920,20.16300956738769
2921,20.16453290739392
2922,20.166056247400164
2923,20.167071807404326
2924,20.16808736740849
2925,20.16808736740849
2926,20.166056247400164
2927,20.164025127391852
2928,20.16351734738977
2929,20.16453290739392
2930,20.165548467398082
2931,20.166056247400164
2932,20.165040687396
2933,20.164025127391852
2934,20.16351734738977
2935,20.16351734738977
2936,20.162501787385608
2937,20.161486227381445
2938,20.160470667377282
2939,20.161994007383527
2940,20.165040687396
2941,20.167579587406408
2942,20.167579587406408
2943,20.167071807404326
2944,20.16961070741472
2945,20.172149607425126
2946,20.1701184874168
2947,20.165548467398082
2948,20.16351734738977
2949,20.165040687396
2950,20.16859514741057
2951,20.1701184874168
2952,20.1701184874168
2953,20.16808736740849
2954,20.16453290739392
2955,20.161486227381445
2956,20.161994007383527
2957,20.165548467398082
2958,20.16808736740849
2959,20.16859514741057
2960,20.16808736740849
2961,20.166564027402245
2962,20.16453290739392
2963,20.164025127391852
2964,20.165548467398082
2965,20.167071807404326
2966,20.167071807404326
2967,20.165040687396
2968,20.16300956738769
2969,20.164025127391852
2970,20.166056247400164
2971,20.165548467398082
2972,20.162501787385608
2973,20.1599628873752
2974,20.158947327371052
2975,20.161486227381445
2976,20.165040687396
2977,20.166564027402245
2978,20.16453290739392
2979,20.162501787385608
2980,20.162501787385608
2981,20.164025127391852
2982,20.165548467398082
2983,20.16859514741057
2984,20.171134047420963
2985,20.171134047420963
2986,20.170626267418882
2987,20.171641827423045
2988,20.17316516742929
2989,20.172657387427208
2990,20.171641827423045
2991,20.172657387427208
2992,20.1751962874376
2993,20.174180727433438
2994,20.16961070741472
2995,20.166056247400164
2996,20.16808736740849
2997,20.172149607425126
2998,20.17367294743137
2999,20.172657387427208
3000,20.17367294743137
3001,20.176211847441763
3002,20.176211847441763
3003,20.172657387427208
3004,20.171134047420963
3005,20.17316516742929
3006,20.175704067439682
3007,20.1751962874376
3008,20.171641827423045
3009,20.16808736740849
3010,20.166564027402245
3011,20.16808736740849
3012,20.1701184874168
3013,20.170626267418882
3014,20.16961070741472
3015,20.16961070741472
3016,20.17316516742929
3017,20.176719627443845
3018,20.17824296745009
3019,20.175704067439682
3020,20.172149607425126
3021,20.1701184874168
3022,20.171641827423045
3023,20.175704067439682
3024,20.177735187448008
3025,20.177227407445926
3026,20.1751962874376
3027,20.175704067439682
3028,20.17824296745009
3029,20.177227407445926
3030,20.17367294743137
3031,20.170626267418882
3032,20.16808736740849
3033,20.166056247400164
3034,20.167071807404326
3035,20.171134047420963
3036,20.17468850743552
3037,20.17367294743137
3038,20.170626267418882
3039,20.16808736740849
3040,20.16808736740849
3041,20.1701184874168
3042,20.172657387427208
3043,20.172149607425126
3044,20.16961070741472
3045,20.16859514741057
3046,20.16961070741472
3047,20.171134047420963
3048,20.171134047420963
3049,20.16961070741472
3050,20.167579587406408
3051,20.166564027402245
3052,20.167579587406408
3053,20.1701184874168
3054,20.174180727433438
3055,20.177227407445926
3056,20.177227407445926
3057,20.174180727433438
3058,20.171641827423045
3059,20.172149607425126
3060,20.172657387427208
3061,20.172657387427208
3062,20.17468850743552
3063,20.17824296745009
3064,20.17976630745632
3065,20.179258527454238
3066,20.17824296745009
3067,20.17976630745632
3068,20.181797427464645
3069,20.182305207466726
3070,20.181289647462563
3071,20.179258527454238
3072,20.17824296745009
3073,20.179258527454238
3074,20.183320767470875
3075,20.1853518874792
3076,20.183828547472956
3077,20.183828547472956
3078,20.186875227485444
3079,20.189414127495837
3080,20.187890787489593
3081,20.18484410747712
3082,20.184336327475037
3083,20.187383007487526
3084,20.189414127495837
3085,20.188906347493756
3086,20.188398567491674
3087,20.188398567491674
3088,20.188398567491674
3089,20.186875227485444
3090,20.1853518874792
3091,20.183320767470875
3092,20.1802740874584
3093,20.177227407445926
3094,20.176211847441763
3095,20.17824296745009
3096,20.181289647462563
3097,20.183828547472956
3098,20.18585966748128
3099,20.1853518874792
3100,20.183320767470875
3101,20.18078186746048
3102,20.176719627443845
3103,20.17316516742929
3104,20.17367294743137
3105,20.176719627443845
3106,20.178750747452156
3107,20.178750747452156
3108,20.17824296745009
3109,20.17824296745009
3110,20.177227407445926
3111,20.176719627443845
3112,20.177735187448008
3113,20.178750747452156
3114,20.17824296745009
3115,20.177735187448008
3116,20.179258527454238
3117,20.181289647462563
3118,20.183320767470875
3119,20.18484410747712
3120,20.18484410747712
3121,20.184336327475037
3122,20.186367447483363
3123,20.188906347493756
3124,20.187383007487526
3125,20.184336327475037
3126,20.1853518874792
3127,20.187890787489593
3128,20.188398567491674
3129,20.187383007487526
3130,20.187383007487526
3131,20.187890787489593
3132,20.186875227485444
3133,20.1853518874792
3134,20.18585966748128
3135,20.187383007487526
3136,20.187383007487526
3137,20.18484410747712
3138,20.181797427464645
3139,20.182305207466726
3140,20.186875227485444
3141,20.191445247504163
3142,20.191953027506244
3143,20.18992190749792
3144,20.187383007487526
3145,20.18585966748128
3146,20.18484410747712
3147,20.186367447483363
3148,20.188398567491674
3149,20.18992190749792
3150,20.19093746750208
3151,20.1904296875
3152,20.18992190749792
3153,20.1904296875
3154,20.19093746750208
3155,20.1904296875
3156,20.1904296875
3157,20.19093746750208
3158,20.19093746750208
3159,20.1904296875
3160,20.188398567491674
3161,20.1853518874792
3162,20.184336327475037
3163,20.186367447483363
3164,20.187383007487526
3165,20.186875227485444
3166,20.1853518874792
3167,20.18585966748128
3168,20.187890787489593
3169,20.187890787489593
3170,20.18484410747712
3171,20.183828547472956
3172,20.184336327475037
3173,20.182812987468807
3174,20.18078186746048
3175,20.18078186746048
3176,20.183320767470875
3177,20.18585966748128
3178,20.18585966748128
3179,20.18484410747712
3180,20.184336327475037
3181,20.183828547472956
3182,20.181797427464645
3183,20.179258527454238
3184,20.177227407445926
3185,20.175704067439682
3186,20.1751962874376
3187,20.176211847441763
3188,20.17824296745009
3189,20.18078186746048
3190,20.182812987468807
3191,20.184336327475037
3192,20.186875227485444
3193,20.188398567491674
3194,20.1853518874792
3195,20.18078186746048
3196,20.17976630745632
3197,20.182812987468807
3198,20.18585966748128
3199,20.18585966748128
3200,20.183828547472956
3201,20.182305207466726
3202,20.182305207466726
3203,20.182305207466726
3204,20.182812987468807
3205,20.183320767470875
3206,20.183320767470875
3207,20.183320767470875
3208,20.182812987468807
3209,20.182812987468807
3210,20.183320767470875
3211,20.18585966748128
3212,20.189414127495837
3213,20.192460807508326
3214,20.192968587510393
3215,20.18992190749792
3216,20.18484410747712
3217,20.1802740874584
3218,20.17824296745009
3219,20.17976630745632
3220,20.183320767470875
3221,20.186367447483363
3222,20.187383007487526
3223,20.186875227485444
3224,20.186367447483363
3225,20.1853518874792
3226,20.184336327475037
3227,20.182305207466726
3228,20.178750747452156
3229,20.177227407445926
3230,20.177227407445926
3231,20.177735187448008
3232,20.177735187448008
3233,20.177735187448008
3234,20.178750747452156
3235,20.178750747452156
3236,20.177227407445926
3237,20.176211847441763
3238,20.177735187448008
3239,20.18078186746048
3240,20.182305207466726
3241,20.182812987468807
3242,20.183828547472956
3243,20.183320767470875
3244,20.18078186746048
3245,20.17824296745009
3246,20.179258527454238
3247,20.183828547472956
3248,20.187383007487526
3249,20.18585966748128
3250,20.182812987468807
3251,20.17976630745632
3252,20.17824296745009
3253,20.177227407445926
3254,20.177735187448008
3255,20.178750747452156
3256,20.17976630745632
3257,20.179258527454238
3258,20.177227407445926
3259,20.176719627443845
3260,20.177735187448008
3261,20.17976630745632
3262,20.18078186746048
3263,20.181289647462563
3264,20.181289647462563
3265,20.182305207466726
3266,20.1853518874792
3267,20.187383007487526
3268,20.184336327475037
3269,20.179258527454238
3270,20.177735187448008
3271,20.18078186746048
3272,20.182812987468807
3273,20.1802740874584
3274,20.177227407445926
3275,20.17824296745009
3276,20.18078186746048
3277,20.179258527454238
3278,20.17367294743137
3279,20.1701184874168
3280,20.172149607425126
3281,20.176719627443845
3282,20.177735187448008
3283,20.17468850743552
3284,20.172657387427208
3285,20.175704067439682
3286,20.1802740874584
3287,20.181797427464645
3288,20.181797427464645
3289,20.182812987468807
3290,20.1853518874792
3291,20.18585966748128
3292,20.182812987468807
3293,20.17824296745009
3294,20.174180727433438
3295,20.174180727433438
3296,20.177227407445926
3297,20.17976630745632
3298,20.17824296745009
3299,20.174180727433438
3300,20.171134047420963
3301,20.1701184874168
3302,20.16961070741472
3303,20.16808736740849
3304,20.16808736740849
3305,20.170626267418882
3306,20.17316516742929
3307,20.1751962874376
3308,20.177227407445926
3309,20.176211847441763
3310,20.17367294743137
3311,20.17367294743137
3312,20.176211847441763
3313,20.176719627443845
3314,20.175704067439682
3315,20.1751962874376
3316,20.174180727433438
3317,20.174180727433438
3318,20.174180727433438
3319,20.170626267418882
3320,20.165548467398082
3321,20.164025127391852
3322,20.165548467398082
3323,20.166564027402245
3324,20.166564027402245
3325,20.167579587406408
3326,20.169102927412638
3327,20.170626267418882
3328,20.170626267418882
3329,20.171641827423045
3330,20.172149607425126
3331,20.17316516742929
3332,20.17316516742929
3333,20.172657387427208
3334,20.172657387427208
3335,20.17367294743137
3336,20.17468850743552
3337,20.172657387427208
3338,20.16859514741057
3339,20.166056247400164
3340,20.166056247400164
3341,20.169102927412638
3342,20.172149607425126
3343,20.17367294743137
3344,20.171641827423045
3345,20.16859514741057
3346,20.169102927412638
3347,20.172149607425126
3348,20.17367294743137
3349,20.172149607425126
3350,20.170626267418882
3351,20.17367294743137
3352,20.177735187448008
3353,20.17824296745009
3354,20.1751962874376
3355,20.172657387427208
3356,20.172149607425126
3357,20.17316516742929
3358,20.174180727433438
3359,20.17468850743552
3360,20.176719627443845
3361,20.178750747452156
3362,20.177227407445926
3363,20.1751962874376
3364,20.1751962874376
3365,20.176211847441763
3366,20.176719627443845
3367,20.177227407445926
3368,20.177735187448008
3369,20.179258527454238
3370,20.1802740874584
3371,20.181797427464645
3372,20.183320767470875
3373,20.182305207466726
3374,20.17824296745009
3375,20.17316516742929
3376,20.1701184874168
3377,20.169102927412638
3378,20.169102927412638
3379,20.169102927412638
3380,20.16808736740849
3381,20.166564027402245
3382,20.165040687396
3383,20.16300956738769
3384,20.1599628873752
3385,20.156408427360645
3386,20.154377307352334
3387,20.156408427360645
3388,20.161994007383527
3389,20.166056247400164
3390,20.166056247400164
3391,20.165548467398082
3392,20.166564027402245
3393,20.167071807404326
3394,20.164025127391852
3395,20.159455107373134
3396,20.156916207362727
3397,20.15843954736897
3398,20.161994007383527
3399,20.164025127391852
3400,20.164025127391852
3401,20.162501787385608
3402,20.16300956738769
3403,20.165548467398082
3404,20.165548467398082
3405,20.160978447379364
3406,20.155392867356483
3407,20.153869527350253
3408,20.156916207362727
3409,20.161486227381445
3410,20.165548467398082
3411,20.169102927412638
3412,20.171641827423045
3413,20.171641827423045
3414,20.16961070741472
3415,20.167579587406408
3416,20.166564027402245
3417,20.166564027402245
3418,20.167579587406408
3419,20.16808736740849
3420,20.16808736740849
3421,20.16859514741057
3422,20.16859514741057
3423,20.166564027402245
3424,20.16453290739392
3425,20.164025127391852
3426,20.16453290739392
3427,20.165040687396
3428,20.167071807404326
3429,20.170626267418882
3430,20.17316516742929
3431,20.171641827423045
3432,20.1701184874168
3433,20.171134047420963
3434,20.171641827423045
3435,20.171134047420963
3436,20.16961070741472
3437,20.167579587406408
3438,20.165548467398082
3439,20.16351734738977
3440,20.16300956738769
3441,20.16453290739392
3442,20.166564027402245
3443,20.169102927412638
3444,20.16859514741057
3445,20.165040687396
3446,20.160470667377282
3447,20.159455107373134
3448,20.160978447379364
3449,20.16300956738769
3450,20.162501787385608
3451,20.1599628873752
3452,20.1599628873752
3453,20.16300956738769
3454,20.165040687396
3455,20.165040687396
3456,20.16351734738977
3457,20.162501787385608
3458,20.161486227381445
3459,20.160470667377282
3460,20.160470667377282
3461,20.161994007383527
3462,20.16300956738769
3463,20.16300956738769
3464,20.162501787385608
3465,20.160470667377282
3466,20.158947327371052
3467,20.15843954736897
3468,20.158947327371052
3469,20.160978447379364
3470,20.165548467398082
3471,20.1701184874168
3472,20.171641827423045
3473,20.16961070741472
3474,20.165040687396
3475,20.158947327371052
3476,20.156408427360645
3477,20.15793176736689
3478,20.161486227381445
3479,20.161486227381445
3480,20.1599628873752
3481,20.160470667377282
3482,20.164025127391852
3483,20.165548467398082
3484,20.16453290739392
3485,20.162501787385608
3486,20.16300956738769
3487,20.165548467398082
3488,20.166564027402245
3489,20.166564027402245
3490,20.167071807404326
3491,20.167071807404326
3492,20.166564027402245
3493,20.167579587406408
3494,20.16859514741057
3495,20.167579587406408
3496,20.166056247400164
3497,20.165548467398082
3498,20.167071807404326
3499,20.1701184874168
3500,20.170626267418882
3501,20.16859514741057
3502,20.165548467398082
3503,20.161994007383527
3504,20.158947327371052
3505,20.159455107373134
3506,20.161486227381445
3507,20.162501787385608
3508,20.16300956738769
3509,20.162501787385608
3510,20.161486227381445
3511,20.161994007383527
3512,20.164025127391852
3513,20.166056247400164
3514,20.167071807404326
3515,20.167071807404326
3516,20.166056247400164
3517,20.16351734738977
3518,20.161994007383527
3519,20.16351734738977
3520,20.165040687396
3521,20.16453290739392
3522,20.164025127391852
3523,20.16351734738977
3524,20.16300956738769
3525,20.16351734738977
3526,20.166056247400164
3527,20.166056247400164
3528,20.16300956738769
3529,20.162501787385608
3530,20.165040687396
3531,20.16859514741057
3532,20.16859514741057
3533,20.167579587406408
3534,20.16808736740849
3535,20.169102927412638
3536,20.16961070741472
3537,20.169102927412638
3538,20.167579587406408
3539,20.166564027402245
3540,20.167071807404326
3541,20.16961070741472
3542,20.1701184874168
3543,20.166564027402245
3544,20.164025127391852
3545,20.166564027402245
3546,20.16961070741472
3547,20.16808736740849
3548,20.16351734738977
3549,20.162501787385608
3550,20.164025127391852
3551,20.16453290739392
3552,20.16300956738769
3553,20.16300956738769
3554,20.166564027402245
3555,20.170626267418882
3556,20.17367294743137
3557,20.17316516742929
3558,20.1701184874168
3559,20.167579587406408
3560,20.169102927412638
3561,20.17367294743137
3562,20.175704067439682
3563,20.17367294743137
3564,20.170626267418882
3565,20.171134047420963
3566,20.17316516742929
3567,20.17316516742929
3568,20.172149607425126
3569,20.171641827423045
3570,20.172657387427208
3571,20.17316516742929
3572,20.172149607425126
3573,20.172149607425126
3574,20.172657387427208
3575,20.17316516742929
3576,20.17367294743137
3577,20.176211847441763
3578,20.179258527454238
3579,20.18078186746048
3580,20.17976630745632
3581,20.177735187448008
3582,20.177735187448008
3583,20.179258527454238
3584,20.181289647462563
3585,20.181797427464645
3586,20.1802740874584
3587,20.177735187448008
3588,20.1751962874376
3589,20.17367294743137
3590,20.171641827423045
3591,20.1701184874168
3592,20.172657387427208
3593,20.176211847441763
3594,20.177227407445926
3595,20.1751962874376
3596,20.172657387427208
3597,20.171641827423045
3598,20.17316516742929
3599,20.17468850743552
3600,20.174180727433438
3601,20.172149607425126
3602,20.171641827423045
3603,20.172657387427208
3604,20.174180727433438
3605,20.174180727433438
3606,20.172657387427208
3607,20.171641827423045
3608,20.172149607425126
3609,20.171134047420963
3610,20.16961070741472
3611,20.16961070741472
3612,20.171134047420963
3613,20.171134047420963
3614,20.170626267418882
3615,20.171641827423045
3616,20.1751962874376
3617,20.178750747452156
3618,20.17976630745632
3619,20.1802740874584
3620,20.183320767470875
3621,20.184336327475037
3622,20.182305207466726
3623,20.18078186746048
3624,20.181289647462563
3625,20.181289647462563
3626,20.17976630745632
3627,20.179258527454238
3628,20.17976630745632
3629,20.179258527454238
3630,20.175704067439682
3631,20.172149607425126
3632,20.172657387427208
3633,20.179258527454238
3634,20.18484410747712
3635,20.184336327475037
3636,20.17824296745009
3637,20.1751962874376
3638,20.17824296745009
3639,20.182812987468807
3640,20.181797427464645
3641,20.178750747452156
3642,20.178750747452156
3643,20.181289647462563
3644,20.182305207466726
3645,20.182812987468807
3646,20.1853518874792
3647,20.188398567491674
3648,20.189414127495837
3649,20.186875227485444
3650,20.183828547472956
3651,20.182305207466726
3652,20.182305207466726
3653,20.183320767470875
3654,20.18484410747712
3655,20.186367447483363
3656,20.186875227485444
3657,20.187383007487526
3658,20.187890787489593
3659,20.186875227485444
3660,20.186367447483363
3661,20.186367447483363
3662,20.18484410747712
3663,20.182305207466726
3664,20.18078186746048
3665,20.1802740874584
3666,20.17976630745632
3667,20.17824296745009
3668,20.177227407445926
3669,20.17824296745009
3670,20.176719627443845
3671,20.17367294743137
3672,20.172657387427208
3673,20.174180727433438
3674,20.176211847441763
3675,20.177227407445926
3676,20.177735187448008
3677,20.178750747452156
3678,20.178750747452156
3679,20.178750747452156
3680,20.177735187448008
3681,20.17824296745009
3682,20.179258527454238
3683,20.181289647462563
3684,20.184336327475037
3685,20.187383007487526
3686,20.187890787489593
3687,20.187383007487526
3688,20.186875227485444
3689,20.184336327475037
3690,20.181797427464645
3691,20.1802740874584
3692,20.179258527454238
3693,20.1802740874584
3694,20.182305207466726
3695,20.183828547472956
3696,20.184336327475037
3697,20.183320767470875
3698,20.181289647462563
3699,20.181289647462563
3700,20.183828547472956
3701,20.186875227485444
3702,20.186875227485444
3703,20.18484410747712
3704,20.1853518874792
3705,20.189414127495837
3706,20.192968587510393
3707,20.191445247504163
3708,20.1853518874792
3709,20.182812987468807
3710,20.18484410747712
3711,20.187383007487526
3712,20.186367447483363
3713,20.183320767470875
3714,20.182305207466726
3715,20.18484410747712
3716,20.187890787489593
3717,20.188398567491674
3718,20.186875227485444
3719,20.183828547472956
3720,20.181797427464645
3721,20.18078186746048
3722,20.18078186746048
3723,20.18078186746048
3724,20.181289647462563
3725,20.182305207466726
3726,20.181289647462563
3727,20.181289647462563
3728,20.182812987468807
3729,20.18585966748128
3730,20.188906347493756
3731,20.188906347493756
3732,20.1853518874792
3733,20.181797427464645
3734,20.17976630745632
3735,20.179258527454238
3736,20.182305207466726
3737,20.186367447483363
3738,20.187890787489593
3739,20.18484410747712
3740,20.1802740874584
3741,20.177227407445926
3742,20.176719627443845
3743,20.178750747452156
3744,20.18078186746048
3745,20.182305207466726
3746,20.181797427464645
3747,20.18078186746048
3748,20.18078186746048
3749,20.181289647462563
3750,20.182305207466726
3751,20.182305207466726
3752,20.181797427464645
3753,20.181289647462563
3754,20.18078186746048
3755,20.1802740874584
3756,20.17976630745632
3757,20.181289647462563
3758,20.184336327475037
3759,20.18585966748128
3760,20.186367447483363
3761,20.18585966748128
3762,20.1853518874792
3763,20.18585966748128
3764,20.1853518874792
3765,20.182812987468807
3766,20.18078186746048
3767,20.181797427464645
3768,20.183828547472956
3769,20.183320767470875
3770,20.181289647462563
3771,20.17976630745632
3772,20.181289647462563
3773,20.184336327475037
3774,20.187383007487526
3775,20.186367447483363
3776,20.184336327475037
3777,20.184336327475037
3778,20.186367447483363
3779,20.18484410747712
3780,20.1802740874584
3781,20.176719627443845
3782,20.17824296745009
3783,20.18078186746048
3784,20.181797427464645
3785,20.181797427464645
3786,20.182812987468807
3787,20.183828547472956
3788,20.182812987468807
3789,20.181289647462563
3790,20.181289647462563
3791,20.182305207466726
3792,20.183320767470875
3793,20.183828547472956
3794,20.182812987468807
3795,20.178750747452156
3796,20.174180727433438
3797,20.17367294743137
3798,20.177735187448008
3799,20.181797427464645
3800,20.181797427464645
3801,20.1802740874584
3802,20.17976630745632
3803,20.1802740874584
3804,20.179258527454238
3805,20.175704067439682
3806,20.172149607425126
3807,20.171641827423045
3808,20.17468850743552
3809,20.177735187448008
3810,20.17976630745632
3811,20.18078186746048
3812,20.1802740874584
3813,20.17824296745009
3814,20.177227407445926
3815,20.17824296745009
3816,20.178750747452156
3817,20.177227407445926
3818,20.177227407445926
3819,20.178750747452156
3820,20.179258527454238
3821,20.18078186746048
3822,20.182305207466726
3823,20.181797427464645
3824,20.179258527454238
3825,20.177735187448008
3826,20.17824296745009
3827,20.179258527454238
3828,20.179258527454238
3829,20.1802740874584
3830,20.181289647462563
3831,20.18078186746048
3832,20.179258527454238
3833,20.181289647462563
3834,20.186367447483363
3835,20.1904296875
3836,20.189414127495837
3837,20.18484410747712
3838,20.181289647462563
3839,20.181289647462563
3840,20.182305207466726
3841,20.181289647462563
3842,20.17976630745632
3843,20.1802740874584
3844,20.182305207466726
3845,20.183828547472956
3846,20.182812987468807
3847,20.1802740874584
3848,20.177227407445926
3849,20.175704067439682
3850,20.1751962874376
3851,20.175704067439682
3852,20.177735187448008
3853,20.181289647462563
3854,20.183828547472956
3855,20.183828547472956
3856,20.181797427464645
3857,20.17976630745632
3858,20.17824296745009
3859,20.179258527454238
3860,20.183320767470875
3861,20.18585966748128
3862,20.183320767470875
3863,20.179258527454238
3864,20.179258527454238
3865,20.181797427464645
3866,20.182305207466726
3867,20.18078186746048
3868,20.1802740874584
3869,20.1802740874584
3870,20.17824296745009
3871,20.176211847441763
3872,20.175704067439682
3873,20.175704067439682
3874,20.17468850743552
3875,20.174180727433438
3876,20.17367294743137
3877,20.17316516742929
3878,20.172149607425126
3879,20.170626267418882
3880,20.16859514741057
3881,20.170626267418882
3882,20.175704067439682
3883,20.176211847441763
3884,20.172657387427208
3885,20.1701184874168
3886,20.1701184874168
3887,20.172149607425126
3888,20.1751962874376
3889,20.1751962874376
3890,20.172657387427208
3891,20.170626267418882
3892,20.172149607425126
3893,20.17468850743552
3894,20.1751962874376
3895,20.17367294743137
3896,20.17367294743137
3897,20.17468850743552
3898,20.17468850743552
3899,20.17316516742929
3900,20.171641827423045
3901,20.172149607425126
3902,20.174180727433438
3903,20.176211847441763
3904,20.176211847441763
3905,20.17367294743137
3906,20.172657387427208
3907,20.17367294743137
3908,20.175704067439682
3909,20.177227407445926
3910,20.17824296745009
3911,20.179258527454238
3912,20.1802740874584
3913,20.1802740874584
3914,20.1802740874584
3915,20.182812987468807
3916,20.18585966748128
3917,20.18484410747712
3918,20.17976630745632
3919,20.174180727433438
3920,20.170626267418882
3921,20.170626267418882
3922,20.172657387427208
3923,20.17468850743552
3924,20.176719627443845
3925,20.177735187448008
3926,20.177735187448008
3927,20.17824296745009
3928,20.179258527454238
3929,20.177735187448008
3930,20.1751962874376
3931,20.17316516742929
3932,20.174180727433438
3933,20.175704067439682
3934,20.174180727433438
3935,20.17316516742929
3936,20.176211847441763
3937,20.17976630745632
3938,20.17824296745009
3939,20.174180727433438
3940,20.171134047420963
3941,20.169102927412638
3942,20.16859514741057
3943,20.1701184874168
3944,20.171641827423045
3945,20.171134047420963
3946,20.16808736740849
3947,20.166056247400164
3948,20.166564027402245
3949,20.165548467398082
3950,20.16300956738769
3951,20.164025127391852
3952,20.16808736740849
3953,20.1701184874168
3954,20.1701184874168
3955,20.16961070741472
3956,20.169102927412638
3957,20.16859514741057
3958,20.167579587406408
3959,20.165548467398082
3960,20.161994007383527
3961,20.159455107373134
3962,20.160470667377282
3963,20.165040687396
3964,20.16859514741057
3965,20.16808736740849
3966,20.166564027402245
3967,20.167071807404326
3968,20.16961070741472
3969,20.172149607425126
3970,20.171641827423045
3971,20.16859514741057
3972,20.166056247400164
3973,20.167579587406408
3974,20.171134047420963
3975,20.17316516742929
3976,20.17367294743137
3977,20.17316516742929
3978,20.171134047420963
3979,20.1701184874168
3980,20.171641827423045
3981,20.17367294743137
3982,20.17468850743552
3983,20.17468850743552
3984,20.17316516742929
3985,20.170626267418882
3986,20.1701184874168
3987,20.172149607425126
3988,20.17316516742929
3989,20.16859514741057
3990,20.165040687396
3991,20.169102927412638
3992,20.175704067439682
3993,20.179258527454238
3994,20.17824296745009
3995,20.175704067439682
3996,20.17468850743552
3997,20.174180727433438
3998,20.172149607425126
3999,20.167579587406408
4000,20.16351734738977
4001,20.164025127391852
4002,20.166564027402245
4003,20.16808736740849
4004,20.166564027402245
4005,20.164025127391852
4006,20.162501787385608
4007,20.16300956738769
4008,20.165040687396
4009,20.165040687396
4010,20.16453290739392
4011,20.166056247400164
4012,20.16859514741057
4013,20.16859514741057
4014,20.167071807404326
4015,20.166564027402245
4016,20.167071807404326
4017,20.167071807404326
4018,20.167071807404326
4019,20.16808736740849
4020,20.16859514741057
4021,20.16808736740849
4022,20.167071807404326
4023,20.167071807404326
4024,20.165040687396
4025,20.161994007383527
4026,20.160470667377282
4027,20.161486227381445
4028,20.16351734738977
4029,20.165040687396
4030,20.165040687396
4031,20.165040687396
4032,20.164025127391852
4033,20.165040687396
4034,20.16859514741057
4035,20.172657387427208
4036,20.174180727433438
4037,20.171641827423045
4038,20.16808736740849
4039,20.165040687396
4040,20.164025127391852
4041,20.166056247400164
4042,20.16961070741472
4043,20.17367294743137
4044,20.17316516742929
4045,20.167579587406408
4046,20.16351734738977
4047,20.164025127391852
4048,20.166564027402245
4049,20.16859514741057
4050,20.16808736740849
4051,20.167071807404326
4052,20.167071807404326
4053,20.169102927412638
4054,20.16961070741472
4055,20.16808736740849
4056,20.167579587406408
4057,20.16961070741472
4058,20.171134047420963
4059,20.169102927412638
4060,20.166056247400164
4061,20.167071807404326
4062,20.170626267418882
4063,20.172657387427208
4064,20.1701184874168
4065,20.16453290739392
4066,20.160978447379364
4067,20.160470667377282
4068,20.160978447379364
4069,20.16300956738769
4070,20.166056247400164
4071,20.16859514741057
4072,20.16961070741472
4073,20.169102927412638
4074,20.16961070741472
4075,20.170626267418882
4076,20.170626267418882
4077,20.169102927412638
4078,20.16808736740849
4079,20.169102927412638
4080,20.170626267418882
4081,20.1701184874168
4082,20.167071807404326
4083,20.165040687396
4084,20.165040687396
4085,20.165548467398082
4086,20.16351734738977
4087,20.158947327371052
4088,20.15793176736689
4089,20.162501787385608
4090,20.167071807404326
4091,20.167071807404326
4092,20.16453290739392
4093,20.16351734738977
4094,20.16453290739392
4095,20.165548467398082
4096,20.165548467398082
4097,20.166056247400164
4098,20.166564027402245
4099,20.167579587406408
4100,20.16859514741057
4101,20.170626267418882
4102,20.172149607425126
4103,20.17316516742929
4104,20.172657387427208
4105,20.171134047420963
4106,20.16961070741472
4107,20.16961070741472
4108,20.16961070741472
4109,20.16961070741472
4110,20.171134047420963
4111,20.17316516742929
4112,20.174180727433438
4113,20.17316516742929
4114,20.171134047420963
4115,20.1701184874168
4116,20.17316516742929
4117,20.17824296745009
4118,20.1802740874584
4119,20.177227407445926
4120,20.17367294743137
4121,20.172657387427208
4122,20.17316516742929
4123,20.17367294743137
4124,20.1751962874376
4125,20.176211847441763
4126,20.174180727433438
4127,20.171641827423045
4128,20.172149607425126
4129,20.175704067439682
4130,20.17824296745009
4131,20.17824296745009
4132,20.176211847441763
4133,20.175704067439682
4134,20.176719627443845
4135,20.178750747452156
4136,20.1802740874584
4137,20.179258527454238
4138,20.175704067439682
4139,20.17316516742929
4140,20.172149607425126
4141,20.17316516742929
4142,20.17468850743552
4143,20.177735187448008
4144,20.178750747452156
4145,20.175704067439682
4146,20.172149607425126
4147,20.170626267418882
4148,20.171134047420963
4149,20.171134047420963
4150,20.171134047420963
4151,20.170626267418882
4152,20.170626267418882
4153,20.170626267418882
4154,20.170626267418882
4155,20.171134047420963
4156,20.172657387427208
4157,20.172657387427208
4158,20.171641827423045
4159,20.17316516742929
4160,20.175704067439682
4161,20.1751962874376
4162,20.172657387427208
4163,20.170626267418882
4164,20.171641827423045
4165,20.17367294743137
4166,20.17367294743137
4167,20.171641827423045
4168,20.170626267418882
4169,20.1701184874168
4170,20.171641827423045
4171,20.175704067439682
4172,20.178750747452156
4173,20.17824296745009
4174,20.1751962874376
4175,20.174180727433438
4176,20.176211847441763
4177,20.177227407445926
4178,20.1751962874376
4179,20.172149607425126
4180,20.172149607425126
4181,20.174180727433438
4182,20.17468850743552
4183,20.174180727433438
4184,20.174180727433438
4185,20.176719627443845
4186,20.18078186746048
4187,20.184336327475037
4188,20.1853518874792
4189,20.18484410747712
4190,20.183320767470875
4191,20.182305207466726
4192,20.182305207466726
4193,20.181797427464645
4194,20.17976630745632
4195,20.179258527454238
4196,20.1802740874584
4197,20.182305207466726
4198,20.183320767470875
4199,20.18484410747712
4200,20.186367447483363
4201,20.187890787489593
4202,20.186875227485444
4203,20.183320767470875
4204,20.181797427464645
4205,20.183320767470875
4206,20.1853518874792
4207,20.186875227485444
4208,20.187383007487526
4209,20.1853518874792
4210,20.182305207466726
4211,20.1802740874584
4212,20.18078186746048
4213,20.181289647462563
4214,20.182305207466726
4215,20.184336327475037
4216,20.186367447483363
4217,20.186875227485444
4218,20.18585966748128
4219,20.184336327475037
4220,20.181289647462563
4221,20.177735187448008
4222,20.176719627443845
4223,20.17976630745632
4224,20.182812987468807
4225,20.183320767470875
4226,20.181797427464645
4227,20.18078186746048
4228,20.181289647462563
4229,20.181289647462563
4230,20.178750747452156
4231,20.1751962874376
4232,20.17367294743137
4233,20.17468850743552
4234,20.175704067439682
4235,20.17824296745009
4236,20.181289647462563
4237,20.183320767470875
4238,20.183828547472956
4239,20.183320767470875
4240,20.182812987468807
4241,20.182812987468807
4242,20.182305207466726
4243,20.181797427464645
4244,20.18078186746048
4245,20.1802740874584
4246,20.1802740874584
4247,20.181797427464645
4248,20.183320767470875
4249,20.183828547472956
4250,20.183828547472956
4251,20.182305207466726
4252,20.181289647462563
4253,20.18078186746048
4254,20.181797427464645
4255,20.183320767470875
4256,20.1853518874792
4257,20.1853518874792
4258,20.183828547472956
4259,20.182305207466726
4260,20.182812987468807
4261,20.183828547472956
4262,20.184336327475037
4263,20.183828547472956
4264,20.18585966748128
4265,20.18992190749792
4266,20.191953027506244
4267,20.189414127495837
4268,20.18484410747712
4269,20.182812987468807
4270,20.183828547472956
4271,20.186875227485444
4272,20.189414127495837
4273,20.191445247504163
4274,20.191953027506244
4275,20.189414127495837
4276,20.1853518874792
4277,20.183320767470875
4278,20.18484410747712
4279,20.186875227485444
4280,20.188398567491674
4281,20.18992190749792
4282,20.1904296875
4283,20.189414127495837
4284,20.189414127495837
4285,20.1904296875
4286,20.19093746750208
4287,20.19093746750208
4288,20.19093746750208
4289,20.188906347493756
4290,20.18484410747712
4291,20.18078186746048
4292,20.179258527454238
4293,20.18078186746048
4294,20.183320767470875
4295,20.18484410747712
4296,20.18585966748128
4297,20.18585966748128
4298,20.183320767470875
4299,20.181289647462563
4300,20.182305207466726
4301,20.184336327475037
4302,20.186367447483363
4303,20.186367447483363
4304,20.183320767470875
4305,20.178750747452156
4306,20.177735187448008
4307,20.181797427464645
4308,20.186367447483363
4309,20.18585966748128
4310,20.182305207466726
4311,20.18078186746048
4312,20.181289647462563
4313,20.181289647462563
4314,20.182305207466726
4315,20.184336327475037
4316,20.184336327475037
4317,20.183320767470875
4318,20.183828547472956
4319,20.183828547472956
4320,20.182812987468807
4321,20.181797427464645
4322,20.181289647462563
4323,20.179258527454238
4324,20.176719627443845
4325,20.177735187448008
4326,20.181797427464645
4327,20.18484410747712
4328,20.182812987468807
4329,20.17976630745632
4330,20.17824296745009
4331,20.17976630745632
4332,20.182305207466726
4333,20.183828547472956
4334,20.182812987468807
4335,20.1802740874584
4336,20.17976630745632
4337,20.181797427464645
4338,20.181797427464645
4339,20.17824296745009
4340,20.177227407445926
4341,20.1802740874584
4342,20.182812987468807
4343,20.182812987468807
4344,20.17976630745632
4345,20.175704067439682
4346,20.17367294743137
4347,20.175704067439682
4348,20.179258527454238
4349,20.17976630745632
4350,20.177227407445926
4351,20.176211847441763
4352,20.177227407445926
4353,20.17976630745632
4354,20.1802740874584
4355,20.179258527454238
4356,20.179258527454238
4357,20.1802740874584
4358,20.17976630745632
4359,20.178750747452156
4360,20.17824296745009
4361,20.179258527454238
4362,20.17976630745632
4363,20.179258527454238
4364,20.179258527454238
4365,20.18078186746048
4366,20.182812987468807
4367,20.183320767470875
4368,20.181797427464645
4369,20.17824296745009
4370,20.1751962874376
4371,20.17468850743552
4372,20.175704067439682
4373,20.17824296745009
4374,20.17976630745632
4375,20.17824296745009
4376,20.17367294743137
4377,20.171134047420963
4378,20.172149607425126
4379,20.175704067439682
4380,20.179258527454238
4381,20.181797427464645
4382,20.182812987468807
4383,20.181289647462563
4384,20.178750747452156
4385,20.176719627443845
4386,20.176719627443845
4387,20.178750747452156
4388,20.17976630745632
4389,20.178750747452156
4390,20.1751962874376
4391,20.172657387427208
4392,20.174180727433438
4393,20.177735187448008
4394,20.178750747452156
4395,20.176719627443845
4396,20.176719627443845
4397,20.179258527454238
4398,20.1802740874584
4399,20.177227407445926
4400,20.17367294743137
4401,20.172657387427208
4402,20.17367294743137
4403,20.177227407445926
4404,20.181289647462563
4405,20.18484410747712
4406,20.18585966748128
4407,20.183828547472956
4408,20.1802740874584
4409,20.17976630745632
4410,20.18078186746048
4411,20.18078186746048
4412,20.178750747452156
4413,20.175704067439682
4414,20.174180727433438
4415,20.1751962874376
4416,20.175704067439682
4417,20.17367294743137
4418,20.1701184874168
4419,20.16859514741057
4420,20.171641827423045
4421,20.176719627443845
4422,20.178750747452156
4423,20.177735187448008
4424,20.177227407445926
4425,20.17824296745009
4426,20.176719627443845
4427,20.171641827423045
4428,20.16808736740849
4429,20.171641827423045
4430,20.176719627443845
4431,20.176719627443845
4432,20.17367294743137
4433,20.171641827423045
4434,20.171641827423045
4435,20.16961070741472
4436,20.165040687396
4437,20.160978447379364
4438,20.161486227381445
4439,20.16351734738977
4440,20.165548467398082
4441,20.167071807404326
4442,20.167579587406408
4443,20.166564027402245
4444,20.167071807404326
4445,20.16859514741057
4446,20.169102927412638
4447,20.16961070741472
4448,20.16859514741057
4449,20.166564027402245
4450,20.165548467398082
4451,20.167071807404326
4452,20.169102927412638
4453,20.16961070741472
4454,20.16859514741057
4455,20.167579587406408
4456,20.169102927412638
4457,20.1701184874168
4458,20.16808736740849
4459,20.16300956738769
4460,20.1599628873752
4461,20.161994007383527
4462,20.16808736740849
4463,20.17367294743137
4464,20.17468850743552
4465,20.17468850743552
4466,20.175704067439682
4467,20.176211847441763
4468,20.17468850743552
4469,20.171641827423045
4470,20.16961070741472
4471,20.1701184874168
4472,20.171134047420963
4473,20.171641827423045
4474,20.171641827423045
4475,20.171641827423045
4476,20.1701184874168
4477,20.169102927412638
4478,20.1701184874168
4479,20.170626267418882
4480,20.16859514741057
4481,20.165548467398082
4482,20.165040687396
4483,20.167579587406408
4484,20.171134047420963
4485,20.174180727433438
4486,20.177227407445926
4487,20.177735187448008
4488,20.175704067439682
4489,20.172149607425126
4490,20.16859514741057
4491,20.166564027402245
4492,20.166564027402245
4493,20.166564027402245
4494,20.167579587406408
4495,20.169102927412638
4496,20.1701184874168
4497,20.16961070741472
4498,20.167071807404326
4499,20.162501787385608
4500,20.155900647358564
4501,20.154377307352334
4502,20.158947327371052
4503,20.16351734738977
4504,20.164025127391852
4505,20.16351734738977
4506,20.165040687396
4507,20.166056247400164
4508,20.16453290739392
4509,20.161994007383527
4510,20.159455107373134
4511,20.156408427360645
4512,20.155900647358564
4513,20.160470667377282
4514,20.166056247400164
4515,20.16859514741057
4516,20.16808736740849
4517,20.166056247400164
4518,20.16351734738977
4519,20.1599628873752
4520,20.15843954736897
4521,20.160978447379364
4522,20.165548467398082
4523,20.16961070741472
4524,20.169102927412638
4525,20.165040687396
4526,20.164025127391852
4527,20.165040687396
4528,20.16351734738977
4529,20.160978447379364
4530,20.160470667377282
4531,20.161994007383527
4532,20.165040687396
4533,20.167071807404326
4534,20.167579587406408
4535,20.167071807404326
4536,20.167071807404326
4537,20.167579587406408
4538,20.16859514741057
4539,20.167579587406408
4540,20.164025127391852
4541,20.161994007383527
4542,20.162501787385608
4543,20.165040687396
4544,20.16808736740849
4545,20.1701184874168
4546,20.1701184874168
4547,20.167579587406408
4548,20.164025127391852
4549,20.164025127391852
4550,20.167071807404326
4551,20.169102927412638
4552,20.166564027402245
4553,20.160978447379364
4554,20.15843954736897
4555,20.160470667377282
4556,20.164025127391852
4557,20.166056247400164
4558,20.166564027402245
4559,20.166564027402245
4560,20.166564027402245
4561,20.166564027402245
4562,20.166056247400164
4563,20.166056247400164
4564,20.165040687396
4565,20.16351734738977
4566,20.16300956738769
4567,20.16453290739392
4568,20.165548467398082
4569,20.165548467398082
4570,20.16300956738769
4571,20.159455107373134
4572,20.15793176736689
4573,20.158947327371052
4574,20.160978447379364
4575,20.164025127391852
4576,20.166056247400164
4577,20.166056247400164
4578,20.165548467398082
4579,20.164025127391852
4580,20.16300956738769
4581,20.16300956738769
4582,20.164025127391852
4583,20.162501787385608
4584,20.159455107373134
4585,20.159455107373134
4586,20.161994007383527
4587,20.16351734738977
4588,20.161994007383527
4589,20.161486227381445
4590,20.16351734738977
4591,20.164025127391852
4592,20.161486227381445
4593,20.15793176736689
4594,20.15793176736689
4595,20.1599628873752
4596,20.161994007383527
4597,20.162501787385608
4598,20.162501787385608
4599,20.16351734738977
4600,20.165548467398082
4601,20.16453290739392
4602,20.161486227381445
4603,20.158947327371052
4604,20.15742398736481
4605,20.15742398736481
4606,20.159455107373134
4607,20.161994007383527
4608,20.164025127391852
4609,20.164025127391852
4610,20.16351734738977
4611,20.16351734738977
4612,20.165548467398082
4613,20.167579587406408
4614,20.16859514741057
4615,20.16808736740849
4616,20.167579587406408
4617,20.167579587406408
4618,20.169102927412638
4619,20.171134047420963
4620,20.17367294743137
4621,20.17468850743552
4622,20.17468850743552
4623,20.172657387427208
4624,20.167579587406408
4625,20.16351734738977
4626,20.165548467398082
4627,20.170626267418882
4628,20.172657387427208
4629,20.1701184874168
4630,20.16808736740849
4631,20.167071807404326
4632,20.167071807404326
4633,20.167579587406408
4634,20.16859514741057
4635,20.16808736740849
4636,20.165040687396
4637,20.164025127391852
4638,20.167579587406408
4639,20.1701184874168
4640,20.170626267418882
4641,20.1701184874168
4642,20.171134047420963
4643,20.171134047420963
4644,20.170626267418882
4645,20.16961070741472
4646,20.166564027402245
4647,20.164025127391852
4648,20.16351734738977
4649,20.165548467398082
4650,20.16808736740849
4651,20.169102927412638
4652,20.16859514741057
4653,20.167579587406408
4654,20.166564027402245
4655,20.166056247400164
4656,20.165040687396
4657,20.164025127391852
4658,20.161994007383527
4659,20.161994007383527
4660,20.16351734738977
4661,20.166564027402245
4662,20.16859514741057
4663,20.167071807404326
4664,20.162501787385608
4665,20.1599628873752
4666,20.161994007383527
4667,20.16453290739392
4668,20.16453290739392
4669,20.16453290739392
4670,20.166056247400164
4671,20.167579587406408
4672,20.167579587406408
4673,20.169102927412638
4674,20.172149607425126
4675,20.172657387427208
4676,20.1701184874168
4677,20.16859514741057
4678,20.1701184874168
4679,20.171641827423045
4680,20.171641827423045
4681,20.170626267418882
4682,20.1701184874168
4683,20.171134047420963
4684,20.174180727433438
4685,20.1751962874376
4686,20.17316516742929
4687,20.172657387427208
4688,20.176211847441763
4689,20.17824296745009
4690,20.17468850743552
4691,20.171641827423045
4692,20.17316516742929
4693,20.177735187448008
4694,20.179258527454238
4695,20.177227407445926
4696,20.174180727433438
4697,20.17367294743137
4698,20.17468850743552
4699,20.1751962874376
4700,20.17468850743552
4701,20.17367294743137
4702,20.174180727433438
4703,20.176719627443845
4704,20.177227407445926
4705,20.1751962874376
4706,20.172149607425126
4707,20.170626267418882
4708,20.16859514741057
4709,20.167579587406408
4710,20.16859514741057
4711,20.171641827423045
4712,20.1751962874376
4713,20.176719627443845
4714,20.175704067439682
4715,20.171641827423045
4716,20.166564027402245
4717,20.164025127391852
4718,20.165040687396
4719,20.167071807404326
4720,20.167579587406408
4721,20.16859514741057
4722,20.171641827423045
4723,20.174180727433438
4724,20.17367294743137
4725,20.172657387427208
4726,20.172149607425126
4727,20.171134047420963
4728,20.1701184874168
4729,20.171641827423045
4730,20.17367294743137
4731,20.174180727433438
4732,20.172149607425126
4733,20.1701184874168
4734,20.171134047420963
4735,20.17367294743137
4736,20.17468850743552
4737,20.17468850743552
4738,20.176211847441763
4739,20.179258527454238
4740,20.181797427464645
4741,20.181797427464645
4742,20.181289647462563
4743,20.18078186746048
4744,20.181289647462563
4745,20.181289647462563
4746,20.181797427464645
4747,20.182305207466726
4748,20.181797427464645
4749,20.17824296745009
4750,20.175704067439682
4751,20.177227407445926
4752,20.181289647462563
4753,20.182812987468807
4754,20.181289647462563
4755,20.18078186746048
4756,20.183828547472956
4757,20.186367447483363
4758,20.1853518874792
4759,20.18078186746048
4760,20.177227407445926
4761,20.177735187448008
4762,20.181797427464645
4763,20.1853518874792
4764,20.186367447483363
4765,20.187383007487526
4766,20.188398567491674
4767,20.188398567491674
4768,20.18585966748128
4769,20.183320767470875
4770,20.181797427464645
4771,20.181797427464645
4772,20.182305207466726
4773,20.184336327475037
4774,20.18585966748128
4775,20.186875227485444
4776,20.1853518874792
4777,20.182305207466726
4778,20.1802740874584
4779,20.181797427464645
4780,20.184336327475037
4781,20.18484410747712
4782,20.182812987468807
4783,20.1802740874584
4784,20.179258527454238
4785,20.178750747452156
4786,20.17824296745009
4787,20.176719627443845
4788,20.176211847441763
4789,20.176719627443845
4790,20.176211847441763
4791,20.17316516742929
4792,20.172657387427208
4793,20.17468850743552
4794,20.177227407445926
4795,20.176211847441763
4796,20.174180727433438
4797,20.17468850743552
4798,20.177735187448008
4799,20.17976630745632
4800,20.17824296745009
4801,20.1751962874376
4802,20.174180727433438
4803,20.177227407445926
4804,20.1802740874584
4805,20.181289647462563
4806,20.181289647462563
4807,20.183320767470875
4808,20.18585966748128
4809,20.18484410747712
4810,20.181289647462563
4811,20.18078186746048
4812,20.182812987468807
4813,20.184336327475037
4814,20.182812987468807
4815,20.1802740874584
4816,20.1802740874584
4817,20.181797427464645
4818,20.182812987468807
4819,20.182812987468807
4820,20.183828547472956
4821,20.18484410747712
4822,20.184336327475037
4823,20.181797427464645
4824,20.179258527454238
4825,20.178750747452156
4826,20.18078186746048
4827,20.182305207466726
4828,20.181797427464645
4829,20.17976630745632
4830,20.17824296745009
4831,20.17824296745009
4832,20.17824296745009
4833,20.179258527454238
4834,20.17976630745632
4835,20.17976630745632
4836,20.17976630745632
4837,20.18078186746048
4838,20.183828547472956
4839,20.186875227485444
4840,20.186367447483363
4841,20.183320767470875
4842,20.17976630745632
4843,20.17824296745009
4844,20.178750747452156
4845,20.178750747452156
4846,20.179258527454238
4847,20.18078186746048
4848,20.184336327475037
4849,20.186875227485444
4850,20.1853518874792
4851,20.179258527454238
4852,20.17367294743137
4853,20.174180727433438
4854,20.176719627443845
4855,20.176211847441763
4856,20.17468850743552
4857,20.1751962874376
4858,20.177227407445926
4859,20.178750747452156
4860,20.1802740874584
4861,20.182305207466726
4862,20.184336327475037
4863,20.183320767470875
4864,20.1802740874584
4865,20.17824296745009
4866,20.17976630745632
4867,20.18078186746048
4868,20.181289647462563
4869,20.183320767470875
4870,20.1853518874792
4871,20.184336327475037
4872,20.178750747452156
4873,20.17468850743552
4874,20.175704067439682
4875,20.179258527454238
4876,20.181797427464645
4877,20.181797427464645
4878,20.181289647462563
4879,20.182812987468807
4880,20.184336327475037
4881,20.183320767470875
4882,20.178750747452156
4883,20.175704067439682
4884,20.176211847441763
4885,20.177735187448008
4886,20.17976630745632
4887,20.181797427464645
4888,20.18484410747712
4889,20.187890787489593
4890,20.189414127495837
4891,20.187890787489593
4892,20.183320767470875
4893,20.1802740874584
4894,20.178750747452156
4895,20.178750747452156
4896,20.178750747452156
4897,20.1802740874584
4898,20.181797427464645
4899,20.182812987468807
4900,20.181797427464645
4901,20.1802740874584
4902,20.1802740874584
4903,20.1802740874584
4904,20.17976630745632
4905,20.179258527454238
4906,20.1802740874584
4907,20.18078186746048
4908,20.178750747452156
4909,20.1751962874376
4910,20.17367294743137
4911,20.176211847441763
4912,20.1802740874584
4913,20.181289647462563
4914,20.178750747452156
4915,20.176211847441763
4916,20.175704067439682
4917,20.1751962874376
4918,20.1751962874376
4919,20.177735187448008
4920,20.181289647462563
4921,20.182812987468807
4922,20.182305207466726
4923,20.182305207466726
4924,20.181797427464645
4925,20.178750747452156
4926,20.1751962874376
4927,20.174180727433438
4928,20.17468850743552
4929,20.176211847441763
4930,20.177735187448008
4931,20.176719627443845
4932,20.171641827423045
4933,20.167071807404326
4934,20.167579587406408
4935,20.171134047420963
4936,20.17468850743552
4937,20.177735187448008
4938,20.1802740874584
4939,20.18078186746048
4940,20.179258527454238
4941,20.177227407445926
4942,20.176211847441763
4943,20.176719627443845
4944,20.177735187448008
4945,20.17824296745009
4946,20.179258527454238
4947,20.181797427464645
4948,20.183828547472956
4949,20.184336327475037
4950,20.182305207466726
4951,20.181289647462563
4952,20.18078186746048
4953,20.181289647462563
4954,20.1802740874584
4955,20.177735187448008
4956,20.17468850743552
4957,20.17367294743137
4958,20.17468850743552
4959,20.176719627443845
4960,20.177227407445926
4961,20.177735187448008
4962,20.17976630745632
4963,20.181289647462563
4964,20.179258527454238
4965,20.175704067439682
4966,20.17468850743552
4967,20.176719627443845
4968,20.17976630745632
4969,20.182305207466726
4970,20.184336327475037
4971,20.187383007487526
4972,20.188906347493756
4973,20.186875227485444
4974,20.182305207466726
4975,20.17976630745632
4976,20.17976630745632
4977,20.181289647462563
4978,20.1802740874584
4979,20.177735187448008
4980,20.176719627443845
4981,20.177735187448008
4982,20.178750747452156
4983,20.179258527454238
4984,20.179258527454238
4985,20.178750747452156
4986,20.178750747452156
4987,20.179258527454238
4988,20.178750747452156
4989,20.176211847441763
4990,20.172657387427208
4991,20.171641827423045
4992,20.172657387427208
4993,20.17367294743137
4994,20.17367294743137
4995,20.172657387427208
4996,20.1701184874168
4997,20.16808736740849
4998,20.167579587406408
4999,20.16961070741472
5000,20.171134047420963
5001,20.1701184874168
5002,20.167579587406408
5003,20.167579587406408
5004,20.16859514741057
5005,20.16961070741472
5006,20.171134047420963
5007,20.172149607425126
5008,20.172657387427208
5009,20.1751962874376
5010,20.17824296745009
5011,20.17976630745632
5012,20.17976630745632
5013,20.178750747452156
5014,20.1751962874376
5015,20.170626267418882
5016,20.16961070741472
5017,20.172657387427208
5018,20.1751962874376
5019,20.175704067439682
5020,20.176719627443845
5021,20.178750747452156
5022,20.17824296745009
5023,20.1751962874376
5024,20.172657387427208
5025,20.171641827423045
5026,20.172149607425126
5027,20.1751962874376
5028,20.17824296745009
5029,20.178750747452156
5030,20.177227407445926
5031,20.17824296745009
5032,20.178750747452156
5033,20.17824296745009
5034,20.175704067439682
5035,20.174180727433438
5036,20.175704067439682
5037,20.177735187448008
5038,20.1751962874376
5039,20.170626267418882
5040,20.169102927412638
5041,20.1701184874168
5042,20.171134047420963
5043,20.170626267418882
5044,20.169102927412638
5045,20.167071807404326
5046,20.167579587406408
5047,20.171134047420963
5048,20.172657387427208
5049,20.172149607425126
5050,20.171641827423045
5051,20.17367294743137
5052,20.17468850743552
5053,20.172657387427208
5054,20.170626267418882
5055,20.172149607425126
5056,20.17367294743137
5057,20.17468850743552
5058,20.172657387427208
5059,20.169102927412638
5060,20.165548467398082
5061,20.16453290739392
5062,20.16453290739392
5063,20.161994007383527
5064,20.158947327371052
5065,20.159455107373134
5066,20.164025127391852
5067,20.169102927412638
5068,20.171134047420963
5069,20.169102927412638
5070,20.166056247400164
5071,20.16453290739392
5072,20.16453290739392
5073,20.166564027402245
5074,20.16859514741057
5075,20.170626267418882
5076,20.172149607425126
5077,20.172149607425126
5078,20.170626267418882
5079,20.16961070741472
5080,20.167579587406408
5081,20.165040687396
5082,20.16351734738977
5083,20.16351734738977
5084,20.16351734738977
5085,20.16351734738977
5086,20.165040687396
5087,20.166564027402245
5088,20.167579587406408
5089,20.167579587406408
5090,20.166056247400164
5091,20.16808736740849
5092,20.172149607425126
5093,20.171641827423045
5094,20.167071807404326
5095,20.165548467398082
5096,20.16859514741057
5097,20.171641827423045
5098,20.172657387427208
5099,20.171641827423045
5100,20.16859514741057
5101,20.166056247400164
5102,20.166056247400164
5103,20.167071807404326
5104,20.167579587406408
5105,20.166564027402245
5106,20.167071807404326
5107,20.16961070741472
5108,20.171641827423045
5109,20.171134047420963
5110,20.171134047420963
5111,20.172657387427208
5112,20.174180727433438
5113,20.17367294743137
5114,20.170626267418882
5115,20.167579587406408
5116,20.167071807404326
5117,20.16808736740849
5118,20.16859514741057
5119,20.16961070741472
5120,20.169102927412638
5121,20.166056247400164
5122,20.16351734738977
5123,20.16453290739392
5124,20.165040687396
5125,20.162501787385608
5126,20.15843954736897
5127,20.158947327371052
5128,20.16453290739392
5129,20.16808736740849
5130,20.167071807404326
5131,20.162501787385608
5132,20.159455107373134
5133,20.158947327371052
5134,20.160978447379364
5135,20.162501787385608
5136,20.161486227381445
5137,20.159455107373134
5138,20.159455107373134
5139,20.160470667377282
5140,20.160470667377282
5141,20.158947327371052
5142,20.15793176736689
5143,20.15843954736897
5144,20.160470667377282
5145,20.160978447379364
5146,20.160978447379364
5147,20.161486227381445
5148,20.161994007383527
5149,20.161994007383527
5150,20.161486227381445
5151,20.161486227381445
5152,20.161994007383527
5153,20.16300956738769
5154,20.16453290739392
5155,20.165548467398082
5156,20.165548467398082
5157,20.164025127391852
5158,20.162501787385608
5159,20.162501787385608
5160,20.16351734738977
5161,20.16351734738977
5162,20.161994007383527
5163,20.161486227381445
5164,20.161994007383527
5165,20.16351734738977
5166,20.164025127391852
5167,20.16351734738977
5168,20.16351734738977
5169,20.16300956738769
5170,20.16300956738769
5171,20.164025127391852
5172,20.165040687396
5173,20.165040687396
5174,20.16351734738977
5175,20.161994007383527
5176,20.16300956738769
5177,20.167579587406408
5178,20.171641827423045
5179,20.170626267418882
5180,20.167579587406408
5181,20.166564027402245
5182,20.166564027402245
5183,20.165040687396
5184,20.16300956738769
5185,20.165548467398082
5186,20.170626267418882
5187,20.17367294743137
5188,20.172657387427208
5189,20.16808736740849
5190,20.164025127391852
5191,20.16300956738769
5192,20.16453290739392
5193,20.167579587406408
5194,20.169102927412638
5195,20.16808736740849
5196,20.165548467398082
5197,20.165548467398082
5198,20.16808736740849
5199,20.16961070741472
5200,20.16859514741057
5201,20.166056247400164
5202,20.164025127391852
5203,20.16351734738977
5204,20.161994007383527
5205,20.1599628873752
5206,20.15843954736897
5207,20.158947327371052
5208,20.160978447379364
5209,20.16300956738769
5210,20.161994007383527
5211,20.160978447379364
5212,20.162501787385608
5213,20.165040687396
5214,20.166564027402245
5215,20.166056247400164
5216,20.164025127391852
5217,20.162501787385608
5218,20.16300956738769
5219,20.165040687396
5220,20.167071807404326
5221,20.166564027402245
5222,20.165040687396
5223,20.166056247400164
5224,20.16808736740849
5225,20.167579587406408
5226,20.165548467398082
5227,20.165548467398082
5228,20.166564027402245
5229,20.167071807404326
5230,20.166564027402245
5231,20.16859514741057
5232,20.172149607425126
5233,20.174180727433438
5234,20.176211847441763
5235,20.179258527454238
5236,20.181289647462563
5237,20.1802740874584
5238,20.177227407445926
5239,20.1751962874376
5240,20.17367294743137
5241,20.172657387427208
5242,20.172657387427208
5243,20.174180727433438
5244,20.174180727433438
5245,20.172149607425126
5246,20.169102927412638
5247,20.16859514741057
5248,20.1701184874168
5249,20.172657387427208
5250,20.174180727433438
5251,20.17468850743552
5252,20.177227407445926
5253,20.17976630745632
5254,20.178750747452156
5255,20.17468850743552
5256,20.172149607425126
5257,20.17367294743137
5258,20.176211847441763
5259,20.176719627443845
5260,20.17468850743552
5261,20.17367294743137
5262,20.1751962874376
5263,20.177227407445926
5264,20.17824296745009
5265,20.177227407445926
5266,20.174180727433438
5267,20.1701184874168
5268,20.16859514741057
5269,20.1701184874168
5270,20.172149607425126
5271,20.172149607425126
5272,20.171641827423045
5273,20.171134047420963
5274,20.16961070741472
5275,20.1701184874168
5276,20.172657387427208
5277,20.17316516742929
5278,20.171641827423045
5279,20.16961070741472
5280,20.16859514741057
5281,20.169102927412638
5282,20.170626267418882
5283,20.172149607425126
5284,20.17367294743137
5285,20.171641827423045
5286,20.167579587406408
5287,20.16453290739392
5288,20.165040687396
5289,20.167579587406408
5290,20.16961070741472
5291,20.1701184874168
5292,20.1701184874168
5293,20.171641827423045
5294,20.174180727433438
5295,20.174180727433438
5296,20.172657387427208
5297,20.170626267418882
5298,20.1701184874168
5299,20.16961070741472
5300,20.16808736740849
5301,20.167071807404326
5302,20.1701184874168
5303,20.17367294743137
5304,20.1751962874376
5305,20.1751962874376
5306,20.175704067439682
5307,20.1751962874376
5308,20.174180727433438
5309,20.17367294743137
5310,20.175704067439682
5311,20.17976630745632
5312,20.181797427464645
5313,20.18078186746048
5314,20.17976630745632
5315,20.18078186746048
5316,20.182812987468807
5317,20.1853518874792
5318,20.186367447483363
5319,20.18484410747712
5320,20.181289647462563
5321,20.179258527454238
5322,20.18078186746048
5323,20.18585966748128
5324,20.18992190749792
5325,20.187890787489593
5326,20.182812987468807
5327,20.17976630745632
5328,20.179258527454238
5329,20.1802740874584
5330,20.1802740874584
5331,20.178750747452156
5332,20.179258527454238
5333,20.181289647462563
5334,20.183320767470875
5335,20.183828547472956
5336,20.182305207466726
5337,20.178750747452156
5338,20.1751962874376
5339,20.174180727433438
5340,20.176211847441763
5341,20.17824296745009
5342,20.17976630745632
5343,20.178750747452156
5344,20.176211847441763
5345,20.175704067439682
5346,20.17824296745009
5347,20.18078186746048
5348,20.181797427464645
5349,20.18078186746048
5350,20.17824296745009
5351,20.175704067439682
5352,20.17468850743552
5353,20.174180727433438
5354,20.17367294743137
5355,20.1751962874376
5356,20.179258527454238
5357,20.182305207466726
5358,20.181289647462563
5359,20.179258527454238
5360,20.178750747452156
5361,20.18078186746048
5362,20.181797427464645
5363,20.181289647462563
5364,20.179258527454238
5365,20.17976630745632
5366,20.182812987468807
5367,20.18484410747712
5368,20.182812987468807
5369,20.178750747452156
5370,20.177227407445926
5371,20.1802740874584
5372,20.184336327475037
5373,20.186367447483363
5374,20.1853518874792
5375,20.183320767470875
5376,20.181797427464645
5377,20.182305207466726
5378,20.18585966748128
5379,20.188398567491674
5380,20.186367447483363
5381,20.181797427464645
5382,20.18078186746048
5383,20.184336327475037
5384,20.188906347493756
5385,20.18992190749792
5386,20.188906347493756
5387,20.188398567491674
5388,20.187890787489593
5389,20.186875227485444
5390,20.18585966748128
5391,20.18484410747712
5392,20.184336327475037
5393,20.184336327475037
5394,20.1853518874792
5395,20.186367447483363
5396,20.187890787489593
5397,20.188906347493756
5398,20.189414127495837
5399,20.188398567491674
5400,20.187383007487526
5401,20.1853518874792
5402,20.182812987468807
5403,20.182305207466726
5404,20.182812987468807
5405,20.182812987468807
5406,20.184336327475037
5407,20.186367447483363
5408,20.18585966748128
5409,20.182812987468807
5410,20.179258527454238
5411,20.177735187448008
5412,20.17824296745009
5413,20.179258527454238
5414,20.17976630745632
5415,20.178750747452156
5416,20.17824296745009
5417,20.179258527454238
5418,20.181289647462563
5419,20.182812987468807
5420,20.183320767470875
5421,20.181797427464645
5422,20.17824296745009
5423,20.175704067439682
5424,20.17824296745009
5425,20.183320767470875
5426,20.18484410747712
5427,20.183828547472956
5428,20.182812987468807
5429,20.183828547472956
5430,20.186367447483363
5431,20.188398567491674
5432,20.187890787489593
5433,20.1853518874792
5434,20.182812987468807
5435,20.183828547472956
5436,20.18585966748128
5437,20.186367447483363
5438,20.1853518874792
5439,20.18585966748128
5440,20.187890787489593
5441,20.188398567491674
5442,20.186875227485444
5443,20.1853518874792
5444,20.184336327475037
5445,20.183828547472956
5446,20.183828547472956
5447,20.183828547472956
5448,20.184336327475037
5449,20.184336327475037
5450,20.183320767470875
5451,20.182305207466726
5452,20.181289647462563
5453,20.17824296745009
5454,20.175704067439682
5455,20.176211847441763
5456,20.17824296745009
5457,20.17976630745632
5458,20.18078186746048
5459,20.182305207466726
5460,20.183320767470875
5461,20.18484410747712
5462,20.1853518874792
5463,20.181797427464645
5464,20.177735187448008
5465,20.176211847441763
5466,20.17824296745009
5467,20.1802740874584
5468,20.181797427464645
5469,20.182305207466726
5470,20.182812987468807
5471,20.182305207466726
5472,20.181797427464645
5473,20.18078186746048
5474,20.18078186746048
5475,20.181797427464645
5476,20.182305207466726
5477,20.1802740874584
5478,20.177227407445926
5479,20.1751962874376
5480,20.174180727433438
5481,20.1751962874376
5482,20.177227407445926
5483,20.177735187448008
5484,20.175704067439682
5485,20.17316516742929
5486,20.17367294743137
5487,20.17468850743552
5488,20.175704067439682
5489,20.17824296745009
5490,20.183320767470875
5491,20.187890787489593
5492,20.188906347493756
5493,20.183320767470875
5494,20.176211847441763
5495,20.172149607425126
5496,20.17316516742929
5497,20.176211847441763
5498,20.179258527454238
5499,20.1802740874584
5500,20.178750747452156
5501,20.177227407445926
5502,20.176719627443845
5503,20.177735187448008
5504,20.177227407445926
5505,20.17468850743552
5506,20.171641827423045
5507,20.172149607425126
5508,20.177735187448008
5509,20.183828547472956
5510,20.18484410747712
5511,20.18078186746048
5512,20.175704067439682
5513,20.174180727433438
5514,20.175704067439682
5515,20.177735187448008
5516,20.17824296745009
5517,20.176211847441763
5518,20.17367294743137
5519,20.17367294743137
5520,20.176211847441763
5521,20.178750747452156
5522,20.179258527454238
5523,20.177735187448008
5524,20.175704067439682
5525,20.175704067439682
5526,20.177735187448008
5527,20.179258527454238
5528,20.179258527454238
5529,20.17976630745632
5530,20.181797427464645
5531,20.184336327475037
5532,20.18484410747712
5533,20.183828547472956
5534,20.181289647462563
5535,20.17824296745009
5536,20.176719627443845
5537,20.176719627443845
5538,20.176719627443845
5539,20.176211847441763
5540,20.177227407445926
5541,20.178750747452156
5542,20.179258527454238
5543,20.17824296745009
5544,20.176719627443845
5545,20.174180727433438
5546,20.171641827423045
5547,20.171134047420963
5548,20.17316516742929
5549,20.174180727433438
5550,20.171134047420963
5551,20.167071807404326
5552,20.165040687396
5553,20.166564027402245
5554,20.171134047420963
5555,20.176211847441763
5556,20.17824296745009
5557,20.175704067439682
5558,20.171134047420963
5559,20.167579587406408
5560,20.167071807404326
5561,20.167071807404326
5562,20.166564027402245
5563,20.166564027402245
5564,20.166056247400164
5565,20.16351734738977
5566,20.16351734738977
5567,20.167579587406408
5568,20.171641827423045
5569,20.172657387427208
5570,20.171641827423045
5571,20.16961070741472
5572,20.16859514741057
5573,20.16961070741472
5574,20.171134047420963
5575,20.1701184874168
5576,20.16859514741057
5577,20.167071807404326
5578,20.16808736740849
5579,20.171641827423045
5580,20.17316516742929
5581,20.171134047420963
5582,20.16961070741472
5583,20.171134047420963
5584,20.17468850743552
5585,20.179258527454238
5586,20.18078186746048
5587,20.17824296745009
5588,20.1751962874376
5589,20.17316516742929
5590,20.1751962874376
5591,20.17976630745632
5592,20.18078186746048
5593,20.177227407445926
5594,20.176211847441763
5595,20.1802740874584
5596,20.18484410747712
5597,20.184336327475037
5598,20.18078186746048
5599,20.178750747452156
5600,20.178750747452156
5601,20.177227407445926
5602,20.17468850743552
5603,20.174180727433438
5604,20.176211847441763
5605,20.179258527454238
5606,20.1802740874584
5607,20.177735187448008
5608,20.172657387427208
5609,20.171134047420963
5610,20.172657387427208
5611,20.171641827423045
5612,20.167579587406408
5613,20.166056247400164
5614,20.169102927412638
5615,20.172657387427208
5616,20.17316516742929
5617,20.16961070741472
5618,20.166564027402245
5619,20.165040687396
5620,20.164025127391852
5621,20.16300956738769
5622,20.165040687396
5623,20.16859514741057
5624,20.170626267418882
5625,20.16961070741472
5626,20.166056247400164
5627,20.16351734738977
5628,20.16300956738769
5629,20.162501787385608
5630,20.161994007383527
5631,20.1599628873752
5632,20.158947327371052
5633,20.1599628873752
5634,20.162501787385608
5635,20.16351734738977
5636,20.16300956738769
5637,20.162501787385608
5638,20.165040687396
5639,20.16808736740849
5640,20.167579587406408
5641,20.165548467398082
5642,20.16351734738977
5643,20.162501787385608
5644,20.16351734738977
5645,20.165548467398082
5646,20.166564027402245
5647,20.166056247400164
5648,20.165040687396
5649,20.16453290739392
5650,20.165040687396
5651,20.165548467398082
5652,20.165548467398082
5653,20.166056247400164
5654,20.169102927412638
5655,20.171641827423045
5656,20.171641827423045
5657,20.171134047420963
5658,20.171641827423045
5659,20.171641827423045
5660,20.166564027402245
5661,20.160470667377282
5662,20.158947327371052
5663,20.160978447379364
5664,20.16351734738977
5665,20.166056247400164
5666,20.16859514741057
5667,20.172149607425126
5668,20.17367294743137
5669,20.172657387427208
5670,20.16961070741472
5671,20.166056247400164
5672,20.161486227381445
5673,20.15843954736897
5674,20.1599628873752
5675,20.165040687396
5676,20.16859514741057
5677,20.16859514741057
5678,20.16859514741057
5679,20.169102927412638
5680,20.166564027402245
5681,20.161994007383527
5682,20.159455107373134
5683,20.160978447379364
5684,20.162501787385608
5685,20.161486227381445
5686,20.161486227381445
5687,20.161994007383527
5688,20.160978447379364
5689,20.15793176736689
5690,20.15742398736481
5691,20.159455107373134
5692,20.160470667377282
5693,20.158947327371052
5694,20.158947327371052
5695,20.162501787385608
5696,20.165548467398082
5697,20.16300956738769
5698,20.15742398736481
5699,20.153869527350253
5700,20.153869527350253
5701,20.153869527350253
5702,20.154885087354415
5703,20.15742398736481
5704,20.159455107373134
5705,20.159455107373134
5706,20.15793176736689
5707,20.158947327371052
5708,20.161994007383527
5709,20.16453290739392
5710,20.165548467398082
5711,20.16351734738977
5712,20.160978447379364
5713,20.160978447379364
5714,20.16351734738977
5715,20.166564027402245
5716,20.16859514741057
5717,20.16859514741057
5718,20.166564027402245
5719,20.162501787385608
5720,20.159455107373134
5721,20.15742398736481
5722,20.15742398736481
5723,20.160470667377282
5724,20.165040687396
5725,20.16808736740849
5726,20.166056247400164
5727,20.16351734738977
5728,20.165040687396
5729,20.16808736740849
5730,20.167579587406408
5731,20.164025127391852
5732,20.162501787385608
5733,20.165040687396
5734,20.167579587406408
5735,20.167071807404326
5736,20.166564027402245
5737,20.167579587406408
5738,20.16808736740849
5739,20.167071807404326
5740,20.166564027402245
5741,20.166564027402245
5742,20.16453290739392
5743,20.160470667377282
5744,20.159455107373134
5745,20.162501787385608
5746,20.165548467398082
5747,20.166056247400164
5748,20.165548467398082
5749,20.166564027402245
5750,20.167071807404326
5751,20.166056247400164
5752,20.16300956738769
5753,20.160470667377282
5754,20.160470667377282
5755,20.161486227381445
5756,20.161486227381445
5757,20.161486227381445
5758,20.164025127391852
5759,20.167071807404326
5760,20.167579587406408
5761,20.167071807404326
5762,20.167071807404326
5763,20.166056247400164
5764,20.162501787385608
5765,20.160978447379364
5766,20.16351734738977
5767,20.167071807404326
5768,20.16808736740849
5769,20.166564027402245
5770,20.165548467398082
5771,20.167071807404326
5772,20.170626267418882
5773,20.172149607425126
5774,20.1701184874168
5775,20.167071807404326
5776,20.165548467398082
5777,20.165548467398082
5778,20.166564027402245
5779,20.16859514741057
5780,20.1701184874168
5781,20.170626267418882
5782,20.16961070741472
5783,20.167579587406408
5784,20.165548467398082
5785,20.16351734738977
5786,20.165040687396
5787,20.16859514741057
5788,20.171134047420963
5789,20.16808736740849
5790,20.16453290739392
5791,20.164025127391852
5792,20.165548467398082
5793,20.165548467398082
5794,20.165548467398082
5795,20.167071807404326
5796,20.16859514741057
5797,20.16961070741472
5798,20.171134047420963
5799,20.17316516742929
5800,20.17367294743137
5801,20.17316516742929
5802,20.172149607425126
5803,20.172149607425126
5804,20.172657387427208
5805,20.172657387427208
5806,20.17316516742929
5807,20.174180727433438
5808,20.175704067439682
5809,20.1751962874376
5810,20.171641827423045
5811,20.16961070741472
5812,20.170626267418882
5813,20.17316516742929
5814,20.17468850743552
5815,20.1751962874376
5816,20.17468850743552
5817,20.172149607425126
5818,20.16961070741472
5819,20.16859514741057
5820,20.171134047420963
5821,20.17367294743137
5822,20.17468850743552
5823,20.174180727433438
5824,20.172657387427208
5825,20.170626267418882
5826,20.169102927412638
5827,20.16961070741472
5828,20.172149607425126
5829,20.17316516742929
5830,20.172149607425126
5831,20.170626267418882
5832,20.170626267418882
5833,20.171641827423045
5834,20.172149607425126
5835,20.171134047420963
5836,20.16961070741472
5837,20.1701184874168
5838,20.1701184874168
5839,20.169102927412638
5840,20.16808736740849
5841,20.16808736740849
5842,20.16961070741472
5843,20.172149607425126
5844,20.1751962874376
5845,20.17367294743137
5846,20.16808736740849
5847,20.165040687396
5848,20.167071807404326
5849,20.171134047420963
5850,20.17316516742929
5851,20.17367294743137
5852,20.172657387427208
5853,20.172149607425126
5854,20.174180727433438
5855,20.175704067439682
5856,20.17367294743137
5857,20.172657387427208
5858,20.17468850743552
5859,20.177735187448008
5860,20.178750747452156
5861,20.177735187448008
5862,20.176719627443845
5863,20.177227407445926
5864,20.177227407445926
5865,20.176211847441763
5866,20.174180727433438
5867,20.172657387427208
5868,20.172149607425126
5869,20.17316516742929
5870,20.1751962874376
5871,20.177735187448008
5872,20.18078186746048
5873,20.183828547472956
5874,20.18484410747712
5875,20.184336327475037
5876,20.182812987468807
5877,20.181289647462563
5878,20.181797427464645
5879,20.183320767470875
5880,20.184336327475037
5881,20.18484410747712
5882,20.184336327475037
5883,20.182812987468807
5884,20.182305207466726
5885,20.184336327475037
5886,20.186367447483363
5887,20.186367447483363
5888,20.18484410747712
5889,20.183320767470875
5890,20.182305207466726
5891,20.181797427464645
5892,20.183320767470875
5893,20.18585966748128
5894,20.186367447483363
5895,20.182812987468807
5896,20.18078186746048
5897,20.182305207466726
5898,20.183828547472956
5899,20.183828547472956
5900,20.181797427464645
5901,20.17824296745009
5902,20.176211847441763
5903,20.178750747452156
5904,20.182812987468807
5905,20.183320767470875
5906,20.179258527454238
5907,20.17367294743137
5908,20.1701184874168
5909,20.16961070741472
5910,20.172149607425126
5911,20.17468850743552
5912,20.176211847441763
5913,20.176719627443845
5914,20.17824296745009
5915,20.17976630745632
5916,20.17976630745632
5917,20.177227407445926
5918,20.17367294743137
5919,20.17367294743137
5920,20.176719627443845
5921,20.17976630745632
5922,20.18078186746048
5923,20.1802740874584
5924,20.1802740874584
5925,20.181289647462563
5926,20.182812987468807
5927,20.183320767470875
5928,20.181797427464645
5929,20.18078186746048
5930,20.181797427464645
5931,20.182305207466726
5932,20.181289647462563
5933,20.182305207466726
5934,20.186367447483363
5935,20.189414127495837
5936,20.189414127495837
5937,20.187383007487526
5938,20.18585966748128
5939,20.186367447483363
5940,20.188398567491674
5941,20.188398567491674
5942,20.18585966748128
5943,20.184336327475037
5944,20.183828547472956
5945,20.18484410747712
5946,20.186367447483363
5947,20.186367447483363
5948,20.184336327475037
5949,20.181797427464645
5950,20.181289647462563
5951,20.182305207466726
5952,20.183320767470875
5953,20.183828547472956
5954,20.18484410747712
5955,20.18585966748128
5956,20.18484410747712
5957,20.184336327475037
5958,20.18585966748128
5959,20.18585966748128
5960,20.183320767470875
5961,20.18078186746048
5962,20.17976630745632
5963,20.1802740874584
5964,20.182305207466726
5965,20.183320767470875
5966,20.182812987468807
5967,20.181289647462563
5968,20.17976630745632
5969,20.179258527454238
5970,20.179258527454238
5971,20.177735187448008
5972,20.176719627443845
5973,20.176719627443845
5974,20.176719627443845
5975,20.177227407445926
5976,20.1802740874584
5977,20.183320767470875
5978,20.182812987468807
5979,20.182305207466726
5980,20.182305207466726
5981,20.181797427464645
5982,20.1802740874584
5983,20.179258527454238
5984,20.179258527454238
5985,20.17976630745632
5986,20.182305207466726
5987,20.18484410747712
5988,20.18585966748128
5989,20.183828547472956
5990,20.181289647462563
5991,20.17976630745632
5992,20.177735187448008
5993,20.1751962874376
5994,20.17468850743552
5995,20.178750747452156
5996,20.182812987468807
5997,20.182812987468807
5998,20.179258527454238
5999,20.176211847441763
6000,20.175704067439682
6001,20.177735187448008
6002,20.179258527454238
6003,20.179258527454238
6004,20.1802740874584
6005,20.181797427464645
6006,20.182305207466726
6007,20.1802740874584
6008,20.177735187448008
6009,20.176719627443845
6010,20.177227407445926
6011,20.177735187448008
6012,20.177227407445926
6013,20.176211847441763
6014,20.175704067439682
6015,20.177227407445926
6016,20.17976630745632
6017,20.1802740874584
6018,20.179258527454238
6019,20.179258527454238
6020,20.181289647462563
6021,20.18078186746048
6022,20.176719627443845
6023,20.172657387427208
6024,20.17316516742929
6025,20.176211847441763
6026,20.17824296745009
6027,20.179258527454238
6028,20.181289647462563
6029,20.182812987468807
6030,20.182305207466726
6031,20.1802740874584
6032,20.177735187448008
6033,20.1751962874376
6034,20.17367294743137
6035,20.17468850743552
6036,20.177735187448008
6037,20.179258527454238
6038,20.177227407445926
6039,20.17316516742929
6040,20.171134047420963
6041,20.17367294743137
6042,20.177735187448008
6043,20.179258527454238
6044,20.176719627443845
6045,20.17367294743137
6046,20.172657387427208
6047,20.1751962874376
6048,20.17824296745009
6049,20.1802740874584
6050,20.181289647462563
6051,20.181289647462563
6052,20.17976630745632
6053,20.176719627443845
6054,20.174180727433438
6055,20.17316516742929
6056,20.17367294743137
6057,20.1751962874376
6058,20.177735187448008
6059,20.1802740874584
6060,20.181797427464645
6061,20.182812987468807
6062,20.182812987468807
6063,20.181797427464645
6064,20.1802740874584
6065,20.179258527454238
6066,20.178750747452156
6067,20.179258527454238
6068,20.18078186746048
6069,20.182305207466726
6070,20.182305207466726
6071,20.181797427464645
6072,20.181289647462563
6073,20.181289647462563
6074,20.18078186746048
6075,20.17824296745009
6076,20.1751962874376
6077,20.17367294743137
6078,20.176719627443845
6079,20.181289647462563
6080,20.183320767470875
6081,20.181797427464645
6082,20.17976630745632
6083,20.18078186746048
6084,20.182812987468807
6085,20.182812987468807
6086,20.18078186746048
6087,20.17976630745632
6088,20.18078186746048
6089,20.182812987468807
6090,20.182305207466726
6091,20.181289647462563
6092,20.18078186746048
6093,20.1802740874584
6094,20.177735187448008
6095,20.1751962874376
6096,20.172657387427208
6097,20.171134047420963
6098,20.171641827423045
6099,20.17468850743552
6100,20.177227407445926
6101,20.177735187448008
6102,20.179258527454238
6103,20.182305207466726
6104,20.18484410747712
6105,20.182812987468807
6106,20.17824296745009
6107,20.176211847441763
6108,20.177735187448008
6109,20.181797427464645
6110,20.182305207466726
6111,20.178750747452156
6112,20.172657387427208
6113,20.169102927412638
6114,20.16808736740849
6115,20.16859514741057
6116,20.167071807404326
6117,20.165548467398082
6118,20.165040687396
6119,20.167579587406408
6120,20.171134047420963
6121,20.174180727433438
6122,20.175704067439682
6123,20.17468850743552
6124,20.17316516742929
6125,20.17367294743137
6126,20.1751962874376
6127,20.174180727433438
6128,20.172149607425126
6129,20.172657387427208
6130,20.17316516742929
6131,20.17316516742929
6132,20.174180727433438
6133,20.175704067439682
6134,20.175704067439682
6135,20.17367294743137
6136,20.172149607425126
6137,20.17367294743137
6138,20.177227407445926
6139,20.178750747452156
6140,20.177227407445926
6141,20.1751962874376
6142,20.175704067439682
6143,20.176211847441763
6144,20.174180727433438
6145,20.172149607425126
6146,20.172149607425126
6147,20.17468850743552
6148,20.177227407445926
6149,20.178750747452156
6150,20.182305207466726
6151,20.18484410747712
6152,20.183320767470875
6153,20.17976630745632
6154,20.179258527454238
6155,20.179258527454238
6156,20.176211847441763
6157,20.171134047420963
6158,20.171641827423045
6159,20.17824296745009
6160,20.183828547472956
6161,20.183828547472956
6162,20.182812987468807
6163,20.182305207466726
6164,20.179258527454238
6165,20.17367294743137
6166,20.16961070741472
6167,20.1701184874168
6168,20.17316516742929
6169,20.175704067439682
6170,20.1751962874376
6171,20.172657387427208
6172,20.169102927412638
6173,20.16859514741057
6174,20.1701184874168
6175,20.16961070741472
6176,20.16859514741057
6177,20.169102927412638
6178,20.171134047420963
6179,20.170626267418882
6180,20.16961070741472
6181,20.16961070741472
6182,20.1701184874168
6183,20.170626267418882
6184,20.1701184874168
6185,20.16808736740849
6186,20.166056247400164
6187,20.16453290739392
6188,20.165040687396
6189,20.166056247400164
6190,20.165548467398082
6191,20.164025127391852
6192,20.165040687396
6193,20.167579587406408
6194,20.16808736740849
6195,20.167071807404326
6196,20.165548467398082
6197,20.16351734738977
6198,20.161486227381445
6199,20.161486227381445
6200,20.16351734738977
6201,20.166564027402245
6202,20.171134047420963
6203,20.17316516742929
6204,20.170626267418882
6205,20.166056247400164
6206,20.16453290739392
6207,20.165040687396
6208,20.166056247400164
6209,20.165548467398082
6210,20.166056247400164
6211,20.167071807404326
6212,20.167579587406408
6213,20.16859514741057
6214,20.17316516742929
6215,20.175704067439682
6216,20.1751962874376
6217,20.174180727433438
6218,20.175704067439682
6219,20.176211847441763
6220,20.175704067439682
6221,20.176211847441763
6222,20.176719627443845
6223,20.177735187448008
6224,20.17824296745009
6225,20.17824296745009
6226,20.17824296745009
6227,20.178750747452156
6228,20.17824296745009
6229,20.175704067439682
6230,20.17468850743552
6231,20.175704067439682
6232,20.175704067439682
6233,20.17367294743137
6234,20.171641827423045
6235,20.172149607425126
6236,20.17316516742929
6237,20.17316516742929
6238,20.171134047420963
6239,20.167579587406408
6240,20.16351734738977
6241,20.160978447379364
6242,20.160470667377282
6243,20.162501787385608
6244,20.166056247400164
6245,20.169102927412638
6246,20.1701184874168
6247,20.16961070741472
6248,20.169102927412638
6249,20.16808736740849
6250,20.166056247400164
6251,20.164025127391852
6252,20.162501787385608
6253,20.162501787385608
6254,20.164025127391852
6255,20.164025127391852
6256,20.16300956738769
6257,20.16300956738769
6258,20.16453290739392
6259,20.164025127391852
6260,20.162501787385608
6261,20.162501787385608
6262,20.16453290739392
6263,20.165548467398082
6264,20.16453290739392
6265,20.161994007383527
6266,20.160978447379364
6267,20.160470667377282
6268,20.159455107373134
6269,20.160978447379364
6270,20.16453290739392
6271,20.167071807404326
6272,20.167579587406408
6273,20.166056247400164
6274,20.165040687396
6275,20.166056247400164
6276,20.167579587406408
6277,20.16859514741057
6278,20.1701184874168
6279,20.171641827423045
6280,20.170626267418882
6281,20.167579587406408
6282,20.16453290739392
6283,20.161994007383527
6284,20.161994007383527
6285,20.165040687396
6286,20.167071807404326
6287,20.166564027402245
6288,20.166056247400164
6289,20.166056247400164
6290,20.166564027402245
6291,20.166056247400164
6292,20.165548467398082
6293,20.167071807404326
6294,20.170626267418882
6295,20.17316516742929
6296,20.17367294743137
6297,20.172657387427208
6298,20.171641827423045
6299,20.171134047420963
6300,20.170626267418882
6301,20.16961070741472
6302,20.169102927412638
6303,20.16859514741057
6304,20.16808736740849
6305,20.166564027402245
6306,20.166564027402245
6307,20.169102927412638
6308,20.17316516742929
6309,20.17468850743552
6310,20.17316516742929
6311,20.170626267418882
6312,20.16808736740849
6313,20.167071807404326
6314,20.16808736740849
6315,20.16961070741472
6316,20.171641827423045
6317,20.17367294743137
6318,20.17468850743552
6319,20.17468850743552
6320,20.17468850743552
6321,20.171134047420963
6322,20.16453290739392
6323,20.15843954736897
6324,20.15742398736481
6325,20.160470667377282
6326,20.16453290739392
6327,20.167071807404326
6328,20.167579587406408
6329,20.16808736740849
6330,20.169102927412638
6331,20.16961070741472
6332,20.16808736740849
6333,20.166056247400164
6334,20.165548467398082
6335,20.165040687396
6336,20.164025127391852
6337,20.16453290739392
6338,20.167071807404326
6339,20.169102927412638
6340,20.171134047420963
6341,20.171134047420963
6342,20.16961070741472
6343,20.169102927412638
6344,20.1701184874168
6345,20.170626267418882
6346,20.16961070741472
6347,20.1701184874168
6348,20.171641827423045
6349,20.171134047420963
6350,20.16859514741057
6351,20.167579587406408
6352,20.16961070741472
6353,20.17367294743137
6354,20.17468850743552
6355,20.17316516742929
6356,20.17316516742929
6357,20.175704067439682
6358,20.177735187448008
6359,20.17824296745009
6360,20.177227407445926
6361,20.1751962874376
6362,20.172149607425126
6363,20.1701184874168
6364,20.16961070741472
6365,20.16961070741472
6366,20.1701184874168
6367,20.1701184874168
6368,20.170626267418882
6369,20.17316516742929
6370,20.176211847441763
6371,20.177227407445926
6372,20.17468850743552
6373,20.172149607425126
6374,20.171134047420963
6375,20.172149607425126
6376,20.174180727433438
6377,20.17468850743552
6378,20.172657387427208
6379,20.171641827423045
6380,20.17316516742929
6381,20.1751962874376
6382,20.1751962874376
6383,20.172657387427208
6384,20.170626267418882
6385,20.16961070741472
6386,20.169102927412638
6387,20.1701184874168
6388,20.172149607425126
6389,20.1751962874376
6390,20.177227407445926
6391,20.176719627443845
6392,20.17468850743552
6393,20.174180727433438
6394,20.176211847441763
6395,20.179258527454238
6396,20.18078186746048
6397,20.18078186746048
6398,20.179258527454238
6399,20.176211847441763
6400,20.171134047420963
6401,20.167071807404326
6402,20.16859514741057
6403,20.17367294743137
6404,20.176211847441763
6405,20.172657387427208
6406,20.16859514741057
6407,20.169102927412638
6408,20.171134047420963
6409,20.171641827423045
6410,20.171641827423045
6411,20.172149607425126
6412,20.17316516742929
6413,20.17367294743137
6414,20.174180727433438
6415,20.174180727433438
6416,20.174180727433438
6417,20.1751962874376
6418,20.1751962874376
6419,20.17367294743137
6420,20.171641827423045
6421,20.171641827423045
6422,20.17316516742929
6423,20.174180727433438
6424,20.1751962874376
6425,20.174180727433438
6426,20.17316516742929
6427,20.1751962874376
6428,20.177735187448008
6429,20.178750747452156
6430,20.177735187448008
6431,20.177735187448008
6432,20.17824296745009
6433,20.17824296745009
6434,20.17976630745632
6435,20.182812987468807
6436,20.186367447483363
6437,20.187383007487526
6438,20.187383007487526
6439,20.187890787489593
6440,20.188906347493756
6441,20.188906347493756
6442,20.186875227485444
6443,20.183828547472956
6444,20.181289647462563
6445,20.17976630745632
6446,20.17824296745009
6447,20.17824296745009
6448,20.1802740874584
6449,20.182305207466726
6450,20.183828547472956
6451,20.186367447483363
6452,20.186367447483363
6453,20.182812987468807
6454,20.17976630745632
6455,20.1802740874584
6456,20.181289647462563
6457,20.1802740874584
6458,20.17824296745009
6459,20.176719627443845
6460,20.177735187448008
6461,20.18078186746048
6462,20.181797427464645
6463,20.1802740874584
6464,20.17824296745009
6465,20.17824296745009
6466,20.178750747452156
6467,20.177227407445926
6468,20.176211847441763
6469,20.177735187448008
6470,20.18078186746048
6471,20.183320767470875
6472,20.183320767470875
6473,20.18078186746048
6474,20.17824296745009
6475,20.178750747452156
6476,20.18078186746048
6477,20.181797427464645
6478,20.181797427464645
6479,20.181289647462563
6480,20.181289647462563
6481,20.181289647462563
6482,20.1802740874584
6483,20.178750747452156
6484,20.17824296745009
6485,20.1802740874584
6486,20.181797427464645
6487,20.1802740874584
6488,20.177735187448008
6489,20.17824296745009
6490,20.18078186746048
6491,20.183828547472956
6492,20.184336327475037
6493,20.183828547472956
6494,20.183320767470875
6495,20.183320767470875
6496,20.18484410747712
6497,20.186367447483363
6498,20.18585966748128
6499,20.183828547472956
6500,20.183320767470875
6501,20.183828547472956
6502,20.183320767470875
6503,20.184336327475037
6504,20.186367447483363
6505,20.187890787489593
6506,20.189414127495837
6507,20.192460807508326
6508,20.19499970751872
6509,20.194491927516637
6510,20.18992190749792
6511,20.18585966748128
6512,20.18484410747712
6513,20.18585966748128
6514,20.186367447483363
6515,20.187890787489593
6516,20.18992190749792
6517,20.191953027506244
6518,20.192968587510393
6519,20.19093746750208
6520,20.187890787489593
6521,20.18585966748128
6522,20.18585966748128
6523,20.186367447483363
6524,20.188398567491674
6525,20.19093746750208
6526,20.189414127495837
6527,20.1853518874792
6528,20.182812987468807
6529,20.181797427464645
6530,20.179258527454238
6531,20.177735187448008
6532,20.178750747452156
6533,20.18078186746048
6534,20.181797427464645
6535,20.1802740874584
6536,20.178750747452156
6537,20.179258527454238
6538,20.17976630745632
6539,20.17824296745009
6540,20.176211847441763
6541,20.177227407445926
6542,20.1802740874584
6543,20.182812987468807
6544,20.183828547472956
6545,20.18484410747712
6546,20.186367447483363
6547,20.187383007487526
6548,20.186367447483363
6549,20.184336327475037
6550,20.182305207466726
6551,20.17976630745632
6552,20.178750747452156
6553,20.18078186746048
6554,20.184336327475037
6555,20.186367447483363
6556,20.1853518874792
6557,20.18484410747712
6558,20.186367447483363
6559,20.187890787489593
6560,20.187383007487526
6561,20.187383007487526
6562,20.18992190749792
6563,20.19093746750208
6564,20.187890787489593
6565,20.181797427464645
6566,20.178750747452156
6567,20.179258527454238
6568,20.181797427464645
6569,20.182305207466726
6570,20.182305207466726
6571,20.182305207466726
6572,20.182812987468807
6573,20.18484410747712
6574,20.18585966748128
6575,20.18484410747712
6576,20.181797427464645
6577,20.179258527454238
6578,20.1802740874584
6579,20.182812987468807
6580,20.182812987468807
6581,20.179258527454238
6582,20.176211847441763
6583,20.177735187448008
6584,20.181289647462563
6585,20.183320767470875
6586,20.182305207466726
6587,20.1802740874584
6588,20.17976630745632
6589,20.18078186746048
6590,20.181797427464645
6591,20.1802740874584
6592,20.176719627443845
6593,20.17468850743552
6594,20.176719627443845
6595,20.17976630745632
6596,20.179258527454238
6597,20.176211847441763
6598,20.17468850743552
6599,20.176719627443845
6600,20.1802740874584
6601,20.181289647462563
6602,20.181289647462563
6603,20.181289647462563
6604,20.181797427464645
6605,20.181797427464645
6606,20.18078186746048
6607,20.17976630745632
6608,20.179258527454238
6609,20.17976630745632
6610,20.18078186746048
6611,20.181797427464645
6612,20.182305207466726
6613,20.1802740874584
6614,20.177735187448008
6615,20.176719627443845
6616,20.17824296745009
6617,20.18078186746048
6618,20.183320767470875
6619,20.1853518874792
6620,20.1853518874792
6621,20.182812987468807
6622,20.177227407445926
6623,20.17316516742929
6624,20.17367294743137
6625,20.178750747452156
6626,20.181797427464645
6627,20.18078186746048
6628,20.177227407445926
6629,20.1751962874376
6630,20.176719627443845
6631,20.181289647462563
6632,20.184336327475037
6633,20.182812987468807
6634,20.1802740874584
6635,20.181289647462563
6636,20.183828547472956
6637,20.183828547472956
6638,20.181797427464645
6639,20.181797427464645
6640,20.183828547472956
6641,20.1853518874792
6642,20.183828547472956
6643,20.179258527454238
6644,20.174180727433438
6645,20.17468850743552
6646,20.17976630745632
6647,20.184336327475037
6648,20.183828547472956
6649,20.17976630745632
6650,20.177227407445926
6651,20.176719627443845
6652,20.176211847441763
6653,20.17316516742929
6654,20.1701184874168
6655,20.169102927412638
6656,20.16961070741472
6657,20.1701184874168
6658,20.171134047420963
6659,20.17316516742929
6660,20.1751962874376
6661,20.174180727433438
6662,20.170626267418882
6663,20.16808736740849
6664,20.169102927412638
6665,20.172149607425126
6666,20.17367294743137
6667,20.17367294743137
6668,20.17316516742929
6669,20.17367294743137
6670,20.174180727433438
6671,20.17367294743137
6672,20.171134047420963
6673,20.167579587406408
6674,20.166564027402245
6675,20.167071807404326
6676,20.169102927412638
6677,20.172149607425126
6678,20.1751962874376
6679,20.1751962874376
6680,20.172657387427208
6681,20.169102927412638
6682,20.166564027402245
6683,20.167579587406408
6684,20.171641827423045
6685,20.1751962874376
6686,20.175704067439682
6687,20.172657387427208
6688,20.16859514741057
6689,20.16808736740849
6690,20.170626267418882
6691,20.1701184874168
6692,20.167579587406408
6693,20.16859514741057
6694,20.171134047420963
6695,20.1701184874168
6696,20.166056247400164
6697,20.16351734738977
6698,20.166564027402245
6699,20.172657387427208
6700,20.175704067439682
6701,20.17468850743552
6702,20.17316516742929
6703,20.17316516742929
6704,20.172149607425126
6705,20.16808736740849
6706,20.16351734738977
6707,20.16351734738977
6708,20.16859514741057
6709,20.17367294743137
6710,20.1751962874376
6711,20.17316516742929
6712,20.171134047420963
6713,20.171641827423045
6714,20.1751962874376
6715,20.179258527454238
6716,20.17976630745632
6717,20.177227407445926
6718,20.174180727433438
6719,20.17468850743552
6720,20.177227407445926
6721,20.17824296745009
6722,20.176211847441763
6723,20.1751962874376
6724,20.17824296745009
6725,20.182305207466726
6726,20.182305207466726
6727,20.17824296745009
6728,20.1751962874376
6729,20.1751962874376
6730,20.177227407445926
6731,20.176211847441763
6732,20.172149607425126
6733,20.16859514741057
6734,20.169102927412638
6735,20.171641827423045
6736,20.16808736740849
6737,20.160978447379364
6738,20.159455107373134
6739,20.165548467398082
6740,20.16961070741472
6741,20.16808736740849
6742,20.165548467398082
6743,20.166056247400164
6744,20.169102927412638
6745,20.170626267418882
6746,20.16859514741057
6747,20.165040687396
6748,20.161994007383527
6749,20.16300956738769
6750,20.16453290739392
6751,20.161486227381445
6752,20.156916207362727
6753,20.15793176736689
6754,20.162501787385608
6755,20.165548467398082
6756,20.166056247400164
6757,20.166056247400164
6758,20.165548467398082
6759,20.165548467398082
6760,20.165548467398082
6761,20.165040687396
6762,20.164025127391852
6763,20.164025127391852
6764,20.166056247400164
6765,20.166564027402245
6766,20.166056247400164
6767,20.165548467398082
6768,20.167071807404326
6769,20.169102927412638
6770,20.169102927412638
6771,20.167579587406408
6772,20.16961070741472
6773,20.17367294743137
6774,20.17468850743552
6775,20.17316516742929
6776,20.17316516742929
6777,20.17468850743552
6778,20.174180727433438
6779,20.169102927412638
6780,20.16300956738769
6781,20.162501787385608
6782,20.16808736740849
6783,20.17316516742929
6784,20.17367294743137
6785,20.170626267418882
6786,20.16859514741057
6787,20.16808736740849
6788,20.16859514741057
6789,20.16859514741057
6790,20.167579587406408
6791,20.166056247400164
6792,20.16453290739392
6793,20.166564027402245
6794,20.170626267418882
6795,20.171641827423045
6796,20.1701184874168
6797,20.16808736740849
6798,20.167579587406408
6799,20.16859514741057
6800,20.16961070741472
6801,20.16961070741472
6802,20.167579587406408
6803,20.166056247400164
6804,20.165040687396
6805,20.165548467398082
6806,20.166056247400164
6807,20.167071807404326
6808,20.16961070741472
6809,20.172657387427208
6810,20.174180727433438
6811,20.17316516742929
6812,20.16961070741472
6813,20.165040687396
6814,20.162501787385608
6815,20.16351734738977
6816,20.166564027402245
6817,20.16808736740849
6818,20.166564027402245
6819,20.162501787385608
6820,20.15793176736689
6821,20.155900647358564
6822,20.155392867356483
6823,20.155392867356483
6824,20.15843954736897
6825,20.161486227381445
6826,20.160470667377282
6827,20.15742398736481
6828,20.15793176736689
6829,20.1599628873752
6830,20.160978447379364
6831,20.160470667377282
6832,20.160470667377282
6833,20.160470667377282
6834,20.161486227381445
6835,20.16351734738977
6836,20.165548467398082
6837,20.167071807404326
6838,20.169102927412638
6839,20.1701184874168
6840,20.16961070741472
6841,20.16808736740849
6842,20.166056247400164
6843,20.16351734738977
6844,20.16453290739392
6845,20.16808736740849
6846,20.16961070741472
6847,20.167071807404326
6848,20.164025127391852
6849,20.162501787385608
6850,20.16453290739392
6851,20.16859514741057
6852,20.171134047420963
6853,20.171134047420963
6854,20.16961070741472
6855,20.169102927412638
6856,20.169102927412638
6857,20.1701184874168
6858,20.172149607425126
6859,20.17367294743137
6860,20.172149607425126
6861,20.16808736740849
6862,20.166056247400164
6863,20.166564027402245
6864,20.16859514741057
6865,20.1701184874168
6866,20.16961070741472
6867,20.16859514741057
6868,20.16859514741057
6869,20.167071807404326
6870,20.162501787385608
6871,20.158947327371052
6872,20.158947327371052
6873,20.161486227381445
6874,20.164025127391852
6875,20.16453290739392
6876,20.164025127391852
6877,20.162501787385608
6878,20.16300956738769
6879,20.165040687396
6880,20.165548467398082
6881,20.161994007383527
6882,20.158947327371052
6883,20.158947327371052
6884,20.162501787385608
6885,20.165548467398082
6886,20.166056247400164
6887,20.16453290739392
6888,20.16453290739392
6889,20.166564027402245
6890,20.16808736740849
6891,20.16808736740849
6892,20.167071807404326
6893,20.166056247400164
6894,20.16453290739392
6895,20.16453290739392
6896,20.167071807404326
6897,20.171134047420963
6898,20.174180727433438
6899,20.174180727433438
6900,20.172657387427208
6901,20.170626267418882
6902,20.167071807404326
6903,20.16351734738977
6904,20.16300956738769
6905,20.16453290739392
6906,20.167071807404326
6907,20.16859514741057
6908,20.1701184874168
6909,20.171134047420963
6910,20.170626267418882
6911,20.169102927412638
6912,20.167071807404326
6913,20.165548467398082
6914,20.166056247400164
6915,20.16859514741057
6916,20.171641827423045
6917,20.17468850743552
6918,20.176719627443845
6919,20.175704067439682
6920,20.174180727433438
6921,20.1751962874376
6922,20.176719627443845
6923,20.175704067439682
6924,20.17316516742929
6925,20.172657387427208
6926,20.17367294743137
6927,20.17367294743137
6928,20.17367294743137
6929,20.1751962874376
6930,20.176719627443845
6931,20.177227407445926
6932,20.176211847441763
6933,20.175704067439682
6934,20.174180727433438
6935,20.17367294743137
6936,20.1751962874376
6937,20.178750747452156
6938,20.182305207466726
6939,20.183828547472956
6940,20.181797427464645
6941,20.177227407445926
6942,20.17316516742929
6943,20.172657387427208
6944,20.17468850743552
6945,20.175704067439682
6946,20.1751962874376
6947,20.1751962874376
6948,20.176719627443845
6949,20.177735187448008
6950,20.176719627443845
6951,20.174180727433438
6952,20.1751962874376
6953,20.177735187448008
6954,20.177735187448008
6955,20.175704067439682
6956,20.174180727433438
6957,20.174180727433438
6958,20.17367294743137
6959,20.172149607425126
6960,20.171641827423045
6961,20.17316516742929
6962,20.1751962874376
6963,20.174180727433438
6964,20.170626267418882
6965,20.169102927412638
6966,20.171134047420963
6967,20.17468850743552
6968,20.177735187448008
6969,20.178750747452156
6970,20.17976630745632
6971,20.1802740874584
6972,20.17824296745009
6973,20.176211847441763
6974,20.178750747452156
6975,20.184336327475037
6976,20.183828547472956
6977,20.18078186746048
6978,20.1802740874584
6979,20.182305207466726
6980,20.182305207466726
6981,20.181289647462563
6982,20.181289647462563
6983,20.181289647462563
6984,20.18078186746048
6985,20.179258527454238
6986,20.178750747452156
6987,20.181289647462563
6988,20.182812987468807
6989,20.182305207466726
6990,20.182305207466726
6991,20.183828547472956
6992,20.18585966748128
6993,20.18585966748128
6994,20.183320767470875
6995,20.181289647462563
6996,20.178750747452156
6997,20.177735187448008
6998,20.178750747452156
6999,20.181797427464645
7000,20.18484410747712
7001,20.18484410747712
7002,20.183828547472956
7003,20.182305207466726
7004,20.181289647462563
7005,20.182305207466726
7006,20.183320767470875
7007,20.183828547472956
7008,20.184336327475037
7009,20.184336327475037
7010,20.184336327475037
7011,20.1853518874792
7012,20.18585966748128
7013,20.18585966748128
7014,20.186367447483363
7015,20.187383007487526
7016,20.186875227485444
7017,20.18484410747712
7018,20.182305207466726
7019,20.181797427464645
7020,20.183320767470875
7021,20.18585966748128
7022,20.1853518874792
7023,20.183320767470875
7024,20.181797427464645
7025,20.1802740874584
7026,20.176719627443845
7027,20.17316516742929
7028,20.172657387427208
7029,20.17468850743552
7030,20.176211847441763
7031,20.176211847441763
7032,20.176211847441763
7033,20.177735187448008
7034,20.179258527454238
7035,20.179258527454238
7036,20.177735187448008
7037,20.1751962874376
7038,20.174180727433438
7039,20.175704067439682
7040,20.177735187448008
7041,20.17824296745009
7042,20.177735187448008
7043,20.177735187448008
7044,20.177735187448008
7045,20.178750747452156
7046,20.18078186746048
7047,20.182305207466726
7048,20.181289647462563
7049,20.179258527454238
7050,20.178750747452156
7051,20.17976630745632
7052,20.1802740874584
7053,20.181797427464645
7054,20.18585966748128
7055,20.189414127495837
7056,20.1904296875
7057,20.18992190749792
7058,20.188906347493756
7059,20.188398567491674
7060,20.186875227485444
7061,20.18585966748128
7062,20.187890787489593
7063,20.18992190749792
7064,20.188906347493756
7065,20.186875227485444
7066,20.187383007487526
7067,20.186875227485444
7068,20.182305207466726
7069,20.178750747452156
7070,20.181289647462563
7071,20.186367447483363
7072,20.189414127495837
7073,20.188906347493756
7074,20.18585966748128
7075,20.182812987468807
7076,20.183828547472956
7077,20.186367447483363
7078,20.186875227485444
7079,20.18484410747712
7080,20.183828547472956
7081,20.184336327475037
7082,20.184336327475037
7083,20.182305207466726
7084,20.181797427464645
7085,20.181797427464645
7086,20.181289647462563
7087,20.18078186746048
7088,20.181289647462563
7089,20.181289647462563
7090,20.179258527454238
7091,20.177735187448008
7092,20.177735187448008
7093,20.178750747452156
7094,20.17976630745632
7095,20.17976630745632
7096,20.179258527454238
7097,20.179258527454238
7098,20.18078186746048
7099,20.183320767470875
7100,20.18484410747712
7101,20.182812987468807
7102,20.178750747452156
7103,20.176719627443845
7104,20.176211847441763
7105,20.177227407445926
7106,20.178750747452156
7107,20.18078186746048
7108,20.18078186746048
7109,20.17976630745632
7110,20.17824296745009
7111,20.176211847441763
7112,20.175704067439682
7113,20.177735187448008
7114,20.1802740874584
7115,20.182305207466726
7116,20.183828547472956
7117,20.183828547472956
7118,20.183320767470875
7119,20.181289647462563
7120,20.17976630745632
7121,20.178750747452156
7122,20.17824296745009
7123,20.17824296745009
7124,20.178750747452156
7125,20.1802740874584
7126,20.182812987468807
7127,20.18585966748128
7128,20.18585966748128
7129,20.183828547472956
7130,20.182812987468807
7131,20.183320767470875
7132,20.18484410747712
7133,20.18484410747712
7134,20.183320767470875
7135,20.182305207466726
7136,20.182305207466726
7137,20.182305207466726
7138,20.181289647462563
7139,20.182305207466726
7140,20.1853518874792
7141,20.187890787489593
7142,20.186875227485444
7143,20.183828547472956
7144,20.1802740874584
7145,20.17824296745009
7146,20.177227407445926
7147,20.179258527454238
7148,20.182305207466726
7149,20.181797427464645
7150,20.176719627443845
7151,20.171134047420963
7152,20.1701184874168
7153,20.172149607425126
7154,20.174180727433438
7155,20.175704067439682
7156,20.176719627443845
7157,20.177735187448008
7158,20.17824296745009
7159,20.178750747452156
7160,20.179258527454238
7161,20.1802740874584
7162,20.1802740874584
7163,20.178750747452156
7164,20.176719627443845
7165,20.17468850743552
7166,20.17367294743137
7167,20.17316516742929
7168,20.17367294743137
7169,20.176211847441763
7170,20.178750747452156
7171,20.17976630745632
7172,20.178750747452156
7173,20.177735187448008
7174,20.177735187448008
7175,20.177735187448008
7176,20.17824296745009
7177,20.179258527454238
7178,20.18078186746048
7179,20.18078186746048
7180,20.181797427464645
7181,20.184336327475037
7182,20.18585966748128
7183,20.183828547472956
7184,20.181797427464645
7185,20.183320767470875
7186,20.18484410747712
7187,20.183320767470875
7188,20.18078186746048
7189,20.1802740874584
7190,20.181797427464645
7191,20.181797427464645
7192,20.179258527454238
7193,20.174180727433438
7194,20.172149607425126
7195,20.17468850743552
7196,20.179258527454238
7197,20.18078186746048
7198,20.17976630745632
7199,20.179258527454238
7200,20.181289647462563
7201,20.183828547472956
7202,20.184336327475037
7203,20.181289647462563
7204,20.179258527454238
7205,20.181289647462563
7206,20.183828547472956
7207,20.182812987468807
7208,20.1802740874584
7209,20.179258527454238
7210,20.1802740874584
7211,20.182305207466726
7212,20.182305207466726
7213,20.1802740874584
7214,20.177735187448008
7215,20.178750747452156
7216,20.181797427464645
7217,20.182305207466726
7218,20.179258527454238
7219,20.175704067439682
7220,20.175704067439682
7221,20.177735187448008
7222,20.178750747452156
7223,20.177735187448008
7224,20.176211847441763
7225,20.176719627443845
7226,20.177227407445926
7227,20.175704067439682
7228,20.175704067439682
7229,20.176719627443845
7230,20.177735187448008
7231,20.177227407445926
7232,20.174180727433438
7233,20.170626267418882
7234,20.16859514741057
7235,20.16808736740849
7236,20.16961070741472
7237,20.171134047420963
7238,20.172149607425126
7239,20.172149607425126
7240,20.172657387427208
7241,20.17468850743552
7242,20.177735187448008
7243,20.179258527454238
7244,20.17824296745009
7245,20.1751962874376
7246,20.171134047420963
7247,20.169102927412638
7248,20.16961070741472
7249,20.17316516742929
7250,20.177735187448008
7251,20.179258527454238
7252,20.177735187448008
7253,20.17468850743552
7254,20.171134047420963
7255,20.170626267418882
7256,20.172657387427208
7257,20.172657387427208
7258,20.172149607425126
7259,20.17468850743552
7260,20.176211847441763
7261,20.177227407445926
7262,20.178750747452156
7263,20.17824296745009
7264,20.177227407445926
7265,20.177735187448008
7266,20.17976630745632
7267,20.182305207466726
7268,20.18484410747712
7269,20.184336327475037
7270,20.181289647462563
7271,20.17976630745632
7272,20.18078186746048
7273,20.18078186746048
7274,20.17824296745009
7275,20.17367294743137
7276,20.171134047420963
7277,20.17316516742929
7278,20.175704067439682
7279,20.176211847441763
7280,20.176211847441763
7281,20.17824296745009
7282,20.181797427464645
7283,20.184336327475037
7284,20.184336327475037
7285,20.18078186746048
7286,20.17824296745009
7287,20.178750747452156
7288,20.17824296745009
7289,20.176719627443845
7290,20.177227407445926
7291,20.17824296745009
7292,20.17824296745009
7293,20.177735187448008
7294,20.177227407445926
7295,20.176211847441763
7296,20.1751962874376
7297,20.174180727433438
7298,20.17468850743552
7299,20.174180727433438
7300,20.171134047420963
7301,20.167579587406408
7302,20.166564027402245
7303,20.167579587406408
7304,20.1701184874168
7305,20.172149607425126
7306,20.17367294743137
7307,20.17367294743137
7308,20.172657387427208
7309,20.16961070741472
7310,20.167579587406408
7311,20.16961070741472
7312,20.174180727433438
7313,20.176211847441763
7314,20.1751962874376
7315,20.17367294743137
7316,20.171134047420963
7317,20.167579587406408
7318,20.16351734738977
7319,20.16300956738769
7320,20.162501787385608
7321,20.161994007383527
7322,20.16300956738769
7323,20.16808736740849
7324,20.17468850743552
7325,20.177227407445926
7326,20.176211847441763
7327,20.17468850743552
7328,20.17316516742929
7329,20.172657387427208
7330,20.172657387427208
7331,20.172149607425126
7332,20.16859514741057
7333,20.166564027402245
7334,20.16859514741057
7335,20.172657387427208
7336,20.175704067439682
7337,20.1751962874376
7338,20.174180727433438
7339,20.172149607425126
7340,20.170626267418882
7341,20.171134047420963
7342,20.17316516742929
7343,20.17367294743137
7344,20.17468850743552
7345,20.177227407445926
7346,20.17824296745009
7347,20.176211847441763
7348,20.172657387427208
7349,20.16961070741472
7350,20.169102927412638
7351,20.169102927412638
7352,20.16859514741057
7353,20.16859514741057
7354,20.1701184874168
7355,20.172657387427208
7356,20.1751962874376
7357,20.174180727433438
7358,20.1701184874168
7359,20.167071807404326
7360,20.165040687396
7361,20.164025127391852
7362,20.16453290739392
7363,20.166564027402245
7364,20.16859514741057
7365,20.169102927412638
7366,20.16808736740849
7367,20.167071807404326
7368,20.166056247400164
7369,20.166056247400164
7370,20.166564027402245
7371,20.16859514741057
7372,20.16859514741057
7373,20.167579587406408
7374,20.167579587406408
7375,20.16859514741057
7376,20.16859514741057
7377,20.166564027402245
7378,20.16453290739392
7379,20.16351734738977
7380,20.165040687396
7381,20.166056247400164
7382,20.165548467398082
7383,20.165548467398082
7384,20.167579587406408
7385,20.16808736740849
7386,20.165040687396
7387,20.162501787385608
7388,20.16300956738769
7389,20.165548467398082
7390,20.166564027402245
7391,20.165548467398082
7392,20.16453290739392
7393,20.165548467398082
7394,20.167071807404326
7395,20.166056247400164
7396,20.165040687396
7397,20.166056247400164
7398,20.166564027402245
7399,20.164025127391852
7400,20.160978447379364
7401,20.161486227381445
7402,20.165040687396
7403,20.167579587406408
7404,20.16808736740849
7405,20.16808736740849
7406,20.16859514741057
7407,20.169102927412638
7408,20.16859514741057
7409,20.167071807404326
7410,20.165548467398082
7411,20.165040687396
7412,20.164025127391852
7413,20.16300956738769
7414,20.16300956738769
7415,20.16300956738769
7416,20.162501787385608
7417,20.164025127391852
7418,20.169102927412638
7419,20.174180727433438
7420,20.1751962874376
7421,20.172657387427208
7422,20.169102927412638
7423,20.166564027402245
7424,20.165040687396
7425,20.16351734738977
7426,20.16453290739392
7427,20.167579587406408
7428,20.16859514741057
7429,20.16859514741057
7430,20.1701184874168
7431,20.172149607425126
7432,20.170626267418882
7433,20.165548467398082
7434,20.160470667377282
7435,20.1599628873752
7436,20.16453290739392
7437,20.169102927412638
7438,20.1701184874168
7439,20.167071807404326
7440,20.164025127391852
7441,20.164025127391852
7442,20.166056247400164
7443,20.167579587406408
7444,20.16808736740849
7445,20.16859514741057
7446,20.16859514741057
7447,20.16808736740849
7448,20.167071807404326
7449,20.166056247400164
7450,20.166056247400164
7451,20.167071807404326
7452,20.167071807404326
7453,20.166564027402245
7454,20.167071807404326
7455,20.167579587406408
7456,20.167071807404326
7457,20.166564027402245
7458,20.16859514741057
7459,20.170626267418882
7460,20.1701184874168
7461,20.167579587406408
7462,20.16453290739392
7463,20.16351734738977
7464,20.165548467398082
7465,20.1701184874168
7466,20.1751962874376
7467,20.177227407445926
7468,20.17468850743552
7469,20.16961070741472
7470,20.16808736740849
7471,20.171134047420963
7472,20.17367294743137
7473,20.17468850743552
7474,20.176211847441763
7475,20.177735187448008
7476,20.177735187448008
7477,20.176719627443845
7478,20.176211847441763
7479,20.176719627443845
7480,20.175704067439682
7481,20.174180727433438
7482,20.172149607425126
7483,20.171134047420963
7484,20.171641827423045
7485,20.17367294743137
7486,20.176211847441763
7487,20.177735187448008
7488,20.17824296745009
7489,20.17824296745009
7490,20.177735187448008
7491,20.176719627443845
7492,20.1751962874376
7493,20.172149607425126
7494,20.171134047420963
7495,20.171641827423045
7496,20.17367294743137
7497,20.1751962874376
7498,20.1751962874376
7499,20.17468850743552
7500,20.17468850743552
7501,20.174180727433438
7502,20.174180727433438
7503,20.17316516742929
7504,20.171134047420963
7505,20.169102927412638
7506,20.16808736740849
7507,20.169102927412638
7508,20.171641827423045
7509,20.17468850743552
7510,20.177227407445926
7511,20.177227407445926
7512,20.17468850743552
7513,20.172149607425126
7514,20.1701184874168
7515,20.16859514741057
7516,20.1701184874168
7517,20.17316516742929
7518,20.17468850743552
7519,20.17468850743552
7520,20.172657387427208
7521,20.16961070741472
7522,20.167071807404326
7523,20.165548467398082
7524,20.165548467398082
7525,20.165040687396
7526,20.167071807404326
7527,20.170626267418882
7528,20.174180727433438
7529,20.176719627443845
7530,20.176719627443845
7531,20.17468850743552
7532,20.17468850743552
7533,20.175704067439682
7534,20.17468850743552
7535,20.17367294743137
7536,20.17468850743552
7537,20.177735187448008
7538,20.179258527454238
7539,20.17824296745009
7540,20.175704067439682
7541,20.174180727433438
7542,20.176719627443845
7543,20.18078186746048
7544,20.181797427464645
7545,20.179258527454238
7546,20.176211847441763
7547,20.176211847441763
7548,20.177735187448008
7549,20.178750747452156
7550,20.178750747452156
7551,20.1802740874584
7552,20.182305207466726
7553,20.183320767470875
7554,20.183320767470875
7555,20.182812987468807
7556,20.183320767470875
7557,20.18585966748128
7558,20.187383007487526
7559,20.186875227485444
7560,20.186367447483363
7561,20.187383007487526
7562,20.188398567491674
7563,20.188398567491674
7564,20.18585966748128
7565,20.18078186746048
7566,20.176211847441763
7567,20.175704067439682
7568,20.178750747452156
7569,20.182305207466726
7570,20.183828547472956
7571,20.183828547472956
7572,20.183828547472956
7573,20.183320767470875
7574,20.18078186746048
7575,20.177227407445926
7576,20.176211847441763
7577,20.17824296745009
7578,20.181289647462563
7579,20.182305207466726
7580,20.181289647462563
7581,20.17976630745632
7582,20.179258527454238
7583,20.18078186746048
7584,20.182812987468807
7585,20.182812987468807
7586,20.17976630745632
7587,20.176211847441763
7588,20.1751962874376
7589,20.176211847441763
7590,20.17824296745009
7591,20.18078186746048
7592,20.181289647462563
7593,20.1802740874584
7594,20.17976630745632
7595,20.1802740874584
7596,20.181289647462563
7597,20.1802740874584
7598,20.1802740874584
7599,20.181289647462563
7600,20.182812987468807
7601,20.181289647462563
7602,20.179258527454238
7603,20.179258527454238
7604,20.18078186746048
7605,20.181797427464645
7606,20.18078186746048
7607,20.179258527454238
7608,20.178750747452156
7609,20.179258527454238
7610,20.179258527454238
7611,20.18078186746048
7612,20.183828547472956
7613,20.18585966748128
7614,20.1853518874792
7615,20.1853518874792
7616,20.186367447483363
7617,20.186367447483363
7618,20.186875227485444
7619,20.18992190749792
7620,20.193984147514556
7621,20.19499970751872
7622,20.191445247504163
7623,20.188398567491674
7624,20.188906347493756
7625,20.18992190749792
7626,20.187383007487526
7627,20.183320767470875
7628,20.181289647462563
7629,20.183828547472956
7630,20.187383007487526
7631,20.187383007487526
7632,20.1853518874792
7633,20.1853518874792
7634,20.187890787489593
7635,20.1904296875
7636,20.191445247504163
7637,20.191445247504163
7638,20.191953027506244
7639,20.191445247504163
7640,20.1904296875
7641,20.18992190749792
7642,20.189414127495837
7643,20.188398567491674
7644,20.187383007487526
7645,20.186367447483363
7646,20.186875227485444
7647,20.18585966748128
7648,20.183320767470875
7649,20.181797427464645
7650,20.182812987468807
7651,20.183320767470875
7652,20.181797427464645
7653,20.179258527454238
7654,20.17976630745632
7655,20.183828547472956
7656,20.186875227485444
7657,20.1853518874792
7658,20.181289647462563
7659,20.17976630745632
7660,20.181289647462563
7661,20.183828547472956
7662,20.18484410747712
7663,20.183320767470875
7664,20.181797427464645
7665,20.18078186746048
7666,20.1802740874584
7667,20.18078186746048
7668,20.181797427464645
7669,20.181797427464645
7670,20.181289647462563
7671,20.18078186746048
7672,20.1802740874584
7673,20.181289647462563
7674,20.182305207466726
7675,20.182305207466726
7676,20.182305207466726
7677,20.183320767470875
7678,20.184336327475037
7679,20.183828547472956
7680,20.182305207466726
7681,20.183320767470875
7682,20.186367447483363
7683,20.189414127495837
7684,20.188906347493756
7685,20.18484410747712
7686,20.182305207466726
7687,20.181797427464645
7688,20.181289647462563
7689,20.18078186746048
7690,20.181797427464645
7691,20.184336327475037
7692,20.186367447483363
7693,20.186875227485444
7694,20.187383007487526
7695,20.187383007487526
7696,20.18585966748128
7697,20.182812987468807
7698,20.178750747452156
7699,20.17468850743552
7700,20.17316516742929
7701,20.174180727433438
7702,20.176211847441763
7703,20.17824296745009
7704,20.178750747452156
7705,20.1802740874584
7706,20.182812987468807
7707,20.18484410747712
7708,20.182812987468807
7709,20.17976630745632
7710,20.17976630745632
7711,20.181797427464645
7712,20.182305207466726
7713,20.181797427464645
7714,20.182305207466726
7715,20.18484410747712
7716,20.186875227485444
7717,20.1853518874792
7718,20.183320767470875
7719,20.182812987468807
7720,20.182305207466726
7721,20.181289647462563
7722,20.179258527454238
7723,20.177227407445926
7724,20.17468850743552
7725,20.172657387427208
7726,20.17316516742929
7727,20.177735187448008
7728,20.184336327475037
7729,20.186875227485444
7730,20.182305207466726
7731,20.1751962874376
7732,20.172657387427208
7733,20.175704067439682
7734,20.1802740874584
7735,20.181289647462563
7736,20.177735187448008
7737,20.17316516742929
7738,20.171134047420963
7739,20.174180727433438
7740,20.175704067439682
7741,20.172657387427208
7742,20.16961070741472
7743,20.172149607425126
7744,20.177227407445926
7745,20.181289647462563
7746,20.182305207466726
7747,20.181797427464645
7748,20.182305207466726
7749,20.182305207466726
7750,20.1802740874584
7751,20.1751962874376
7752,20.171641827423045
7753,20.171641827423045
7754,20.174180727433438
7755,20.176211847441763
7756,20.176719627443845
7757,20.175704067439682
7758,20.1751962874376
7759,20.175704067439682
7760,20.176211847441763
7761,20.176719627443845
7762,20.179258527454238
7763,20.1802740874584
7764,20.17976630745632
7765,20.17824296745009
7766,20.177227407445926
7767,20.176719627443845
7768,20.17824296745009
7769,20.177735187448008
7770,20.174180727433438
7771,20.171134047420963
7772,20.170626267418882
7773,20.170626267418882
7774,20.171134047420963
7775,20.172149607425126
7776,20.17316516742929
7777,20.172657387427208
7778,20.170626267418882
7779,20.171134047420963
7780,20.174180727433438
7781,20.176719627443845
7782,20.176211847441763
7783,20.175704067439682
7784,20.175704067439682
7785,20.176719627443845
7786,20.179258527454238
7787,20.181797427464645
7788,20.1802740874584
7789,20.17367294743137
7790,20.16808736740849
7791,20.167579587406408
7792,20.16859514741057
7793,20.167071807404326
7794,20.16351734738977
7795,20.16351734738977
7796,20.166564027402245
7797,20.16961070741472
7798,20.16808736740849
7799,20.164025127391852
7800,20.16300956738769
7801,20.167071807404326
7802,20.172657387427208
7803,20.17468850743552
7804,20.171134047420963
7805,20.166056247400164
7806,20.165040687396
7807,20.167071807404326
7808,20.16961070741472
7809,20.1701184874168
7810,20.167579587406408
7811,20.164025127391852
7812,20.16300956738769
7813,20.164025127391852
7814,20.16453290739392
7815,20.16351734738977
7816,20.16453290739392
7817,20.16808736740849
7818,20.1701184874168
7819,20.1701184874168
7820,20.170626267418882
7821,20.171134047420963
7822,20.172149607425126
7823,20.172149607425126
7824,20.169102927412638
7825,20.167579587406408
7826,20.170626267418882
7827,20.174180727433438
7828,20.17468850743552
7829,20.172657387427208
7830,20.170626267418882
7831,20.16961070741472
7832,20.171134047420963
7833,20.17367294743137
7834,20.17367294743137
7835,20.17316516742929
7836,20.17316516742929
7837,20.174180727433438
7838,20.1751962874376
7839,20.17367294743137
7840,20.171134047420963
7841,20.1701184874168
7842,20.171134047420963
7843,20.172657387427208
7844,20.17316516742929
7845,20.17316516742929
7846,20.171641827423045
7847,20.170626267418882
7848,20.1701184874168
7849,20.169102927412638
7850,20.167579587406408
7851,20.166564027402245
7852,20.166056247400164
7853,20.165548467398082
7854,20.164025127391852
7855,20.160978447379364
7856,20.158947327371052
7857,20.160978447379364
7858,20.16351734738977
7859,20.161994007383527
7860,20.15793176736689
7861,20.156408427360645
7862,20.158947327371052
7863,20.162501787385608
7864,20.16453290739392
7865,20.16453290739392
7866,20.16300956738769
7867,20.160978447379364
7868,20.161486227381445
7869,20.16453290739392
7870,20.166056247400164
7871,20.16300956738769
7872,20.1599628873752
7873,20.160470667377282
7874,20.161486227381445
7875,20.1599628873752
7876,20.156408427360645
7877,20.155900647358564
7878,20.160978447379364
7879,20.166056247400164
7880,20.166564027402245
7881,20.162501787385608
7882,20.158947327371052
7883,20.1599628873752
7884,20.165548467398082
7885,20.1701184874168
7886,20.170626267418882
7887,20.169102927412638
7888,20.169102927412638
7889,20.169102927412638
7890,20.16859514741057
7891,20.16808736740849
7892,20.16808736740849
7893,20.167071807404326
7894,20.165040687396
7895,20.16453290739392
7896,20.166564027402245
7897,20.16859514741057
7898,20.16961070741472
7899,20.171134047420963
7900,20.172149607425126
7901,20.171641827423045
7902,20.171134047420963
7903,20.17316516742929
7904,20.1751962874376
7905,20.17367294743137
7906,20.16859514741057
7907,20.16300956738769
7908,20.160978447379364
7909,20.160470667377282
7910,20.161486227381445
7911,20.16453290739392
7912,20.167579587406408
7913,20.169102927412638
7914,20.16961070741472
7915,20.171134047420963
7916,20.170626267418882
7917,20.167579587406408
7918,20.16453290739392
7919,20.162501787385608
7920,20.161486227381445
7921,20.161486227381445
7922,20.162501787385608
7923,20.16453290739392
7924,20.165040687396
7925,20.16351734738977
7926,20.164025127391852
7927,20.167579587406408
7928,20.171641827423045
7929,20.1701184874168
7930,20.164025127391852
7931,20.159455107373134
7932,20.160470667377282
7933,20.16453290739392
7934,20.165040687396
7935,20.16300956738769
7936,20.160978447379364
7937,20.159455107373134
7938,20.15843954736897
7939,20.15742398736481
7940,20.15843954736897
7941,20.159455107373134
7942,20.160470667377282
7943,20.159455107373134
7944,20.15843954736897
7945,20.15843954736897
7946,20.160470667377282
7947,20.161486227381445
7948,20.161994007383527
7949,20.16300956738769
7950,20.165040687396
7951,20.166056247400164
7952,20.166564027402245
7953,20.166564027402245
7954,20.167071807404326
7955,20.167071807404326
7956,20.16453290739392
7957,20.162501787385608
7958,20.161994007383527
7959,20.16300956738769
7960,20.16453290739392
7961,20.165548467398082
7962,20.165040687396
7963,20.16453290739392
7964,20.165040687396
7965,20.166056247400164
7966,20.165548467398082
7967,20.165040687396
7968,20.165548467398082
7969,20.166564027402245
7970,20.166564027402245
7971,20.166056247400164
7972,20.166056247400164
7973,20.166564027402245
7974,20.169102927412638
7975,20.172657387427208
7976,20.17468850743552
7977,20.171641827423045
7978,20.166056247400164
7979,20.16300956738769
7980,20.164025127391852
7981,20.167071807404326
7982,20.16808736740849
7983,20.166564027402245
7984,20.165040687396
7985,20.166056247400164
7986,20.167579587406408
7987,20.16808736740849
7988,20.167579587406408
7989,20.166564027402245
7990,20.165040687396
7991,20.165040687396
7992,20.166564027402245
7993,20.16808736740849
7994,20.16808736740849
7995,20.167579587406408
7996,20.167579587406408
7997,20.16808736740849
7998,20.167071807404326
7999,20.16453290739392
8000,20.161994007383527
8001,20.1599628873752
8002,20.158947327371052
8003,20.15843954736897
8004,20.160978447379364
8005,20.165548467398082
8006,20.169102927412638
8007,20.169102927412638
8008,20.169102927412638
8009,20.16808736740849
8010,20.165548467398082
8011,20.161994007383527
8012,20.161994007383527
8013,20.16453290739392
8014,20.166564027402245
8015,20.165548467398082
8016,20.16453290739392
8017,20.166056247400164
8018,20.169102927412638
8019,20.171134047420963
8020,20.170626267418882
8021,20.16859514741057
8022,20.165040687396
8023,20.16351734738977
8024,20.165548467398082
8025,20.16808736740849
8026,20.16808736740849
8027,20.167071807404326
8028,20.166564027402245
8029,20.16859514741057
8030,20.169102927412638
8031,20.16859514741057
8032,20.169102927412638
8033,20.171641827423045
8034,20.172657387427208
8035,20.16961070741472
8036,20.167071807404326
8037,20.16859514741057
8038,20.17367294743137
8039,20.177735187448008
8040,20.177735187448008
8041,20.17316516742929
8042,20.16859514741057
8043,20.167579587406408
8044,20.170626267418882
8045,20.1751962874376
8046,20.177735187448008
8047,20.177735187448008
8048,20.175704067439682
8049,20.17367294743137
8050,20.172149607425126
8051,20.171641827423045
8052,20.171134047420963
8053,20.17316516742929
8054,20.177227407445926
8055,20.178750747452156
8056,20.177227407445926
8057,20.1751962874376
8058,20.1751962874376
8059,20.1751962874376
8060,20.174180727433438
8061,20.171641827423045
8062,20.16859514741057
8063,20.166056247400164
8064,20.166056247400164
8065,20.167579587406408
8066,20.16859514741057
8067,20.16961070741472
8068,20.170626267418882
8069,20.171641827423045
8070,20.174180727433438
8071,20.176719627443845
8072,20.176719627443845
8073,20.1751962874376
8074,20.1751962874376
8075,20.17468850743552
8076,20.172149607425126
8077,20.171134047420963
8078,20.172149607425126
8079,20.17367294743137
8080,20.17367294743137
8081,20.17316516742929
8082,20.17316516742929
8083,20.171134047420963
8084,20.169102927412638
8085,20.16859514741057
8086,20.171134047420963
8087,20.17367294743137
8088,20.17316516742929
8089,20.171641827423045
8090,20.172149607425126
8091,20.17367294743137
8092,20.17468850743552
8093,20.174180727433438
8094,20.17367294743137
8095,20.17367294743137
8096,20.17316516742929
8097,20.172657387427208
8098,20.17316516742929
8099,20.1751962874376
8100,20.177227407445926
8101,20.18078186746048
8102,20.182305207466726
8103,20.179258527454238
8104,20.17367294743137
8105,20.172149607425126
8106,20.174180727433438
8107,20.175704067439682
8108,20.176211847441763
8109,20.175704067439682
8110,20.176211847441763
8111,20.177735187448008
8112,20.179258527454238
8113,20.181289647462563
8114,20.181797427464645
8115,20.18078186746048
8116,20.177227407445926
8117,20.174180727433438
8118,20.175704067439682
8119,20.182305207466726
8120,20.187890787489593
8121,20.187890787489593
8122,20.184336327475037
8123,20.182812987468807
8124,20.182812987468807
8125,20.183320767470875
8126,20.183828547472956
8127,20.184336327475037
8128,20.184336327475037
8129,20.18484410747712
8130,20.183320767470875
8131,20.181289647462563
8132,20.179258527454238
8133,20.177227407445926
8134,20.176719627443845
8135,20.177227407445926
8136,20.177227407445926
8137,20.175704067439682
8138,20.1751962874376
8139,20.176211847441763
8140,20.17824296745009
8141,20.17824296745009
8142,20.176211847441763
8143,20.171641827423045
8144,20.16808736740849
8145,20.167579587406408
8146,20.170626267418882
8147,20.175704067439682
8148,20.17824296745009
8149,20.177227407445926
8150,20.1751962874376
8151,20.17468850743552
8152,20.176719627443845
8153,20.178750747452156
8154,20.178750747452156
8155,20.177227407445926
8156,20.177735187448008
8157,20.1802740874584
8158,20.182305207466726
8159,20.181797427464645
8160,20.178750747452156
8161,20.176211847441763
8162,20.17824296745009
8163,20.182812987468807
8164,20.183320767470875
8165,20.17824296745009
8166,20.17367294743137
8167,20.174180727433438
8168,20.17824296745009
8169,20.181289647462563
8170,20.181289647462563
8171,20.179258527454238
8172,20.177735187448008
8173,20.177735187448008
8174,20.1802740874584
8175,20.183320767470875
8176,20.18484410747712
8177,20.186875227485444
8178,20.187890787489593
8179,20.187890787489593
8180,20.187383007487526
8181,20.187383007487526
8182,20.187890787489593
8183,20.187383007487526
8184,20.186367447483363
8185,20.184336327475037
8186,20.182305207466726
8187,20.17976630745632
8188,20.177735187448008
8189,20.17824296745009
8190,20.1802740874584
8191,20.182305207466726
8192,20.183320767470875
8193,20.183320767470875
8194,20.182305207466726
8195,20.181797427464645
8196,20.182812987468807
8197,20.182812987468807
8198,20.17976630745632
8199,20.177227407445926
8200,20.177735187448008
8201,20.181289647462563
8202,20.184336327475037
8203,20.184336327475037
8204,20.183320767470875
8205,20.183320767470875
8206,20.183320767470875
8207,20.181797427464645
8208,20.179258527454238
8209,20.176211847441763
8210,20.174180727433438
8211,20.174180727433438
8212,20.1751962874376
8213,20.176211847441763
8214,20.177735187448008
8215,20.17824296745009
8216,20.177735187448008
8217,20.177735187448008
8218,20.17824296745009
8219,20.178750747452156
8220,20.1802740874584
8221,20.181797427464645
8222,20.182305207466726
8223,20.182305207466726
8224,20.1802740874584
8225,20.177735187448008
8226,20.1751962874376
8227,20.17316516742929
8228,20.172657387427208
8229,20.17468850743552
8230,20.177227407445926
8231,20.17824296745009
8232,20.177227407445926
8233,20.176719627443845
8234,20.178750747452156
8235,20.181797427464645
8236,20.181289647462563
8237,20.177735187448008
8238,20.1751962874376
8239,20.176211847441763
8240,20.17824296745009
8241,20.178750747452156
8242,20.177735187448008
8243,20.179258527454238
8244,20.182305207466726
8245,20.183828547472956
8246,20.182812987468807
8247,20.181289647462563
8248,20.181797427464645
8249,20.182812987468807
8250,20.181289647462563
8251,20.178750747452156
8252,20.176719627443845
8253,20.176211847441763
8254,20.175704067439682
8255,20.177227407445926
8256,20.18078186746048
8257,20.182812987468807
8258,20.18078186746048
8259,20.176719627443845
8260,20.1751962874376
8261,20.176211847441763
8262,20.178750747452156
8263,20.1802740874584
8264,20.181289647462563
8265,20.182305207466726
8266,20.182305207466726
8267,20.18078186746048
8268,20.179258527454238
8269,20.177735187448008
8270,20.176719627443845
8271,20.175704067439682
8272,20.1751962874376
8273,20.174180727433438
8274,20.172657387427208
8275,20.172657387427208
8276,20.176719627443845
8277,20.17976630745632
8278,20.17824296745009
8279,20.1751962874376
8280,20.1751962874376
8281,20.1751962874376
8282,20.17367294743137
8283,20.17316516742929
8284,20.17468850743552
8285,20.17824296745009
8286,20.17976630745632
8287,20.178750747452156
8288,20.175704067439682
8289,20.172657387427208
8290,20.171134047420963
8291,20.1701184874168
8292,20.16808736740849
8293,20.16453290739392
8294,20.16453290739392
8295,20.16961070741472
8296,20.17468850743552
8297,20.176719627443845
8298,20.177227407445926
8299,20.178750747452156
8300,20.18078186746048
8301,20.181289647462563
8302,20.1802740874584
8303,20.17976630745632
8304,20.17824296745009
8305,20.17824296745009
8306,20.17976630745632
8307,20.182812987468807
8308,20.184336327475037
8309,20.183828547472956
8310,20.1802740874584
8311,20.1751962874376
8312,20.171641827423045
8313,20.171134047420963
8314,20.17316516742929
8315,20.176211847441763
8316,20.176719627443845
8317,20.176719627443845
8318,20.179258527454238
8319,20.182305207466726
8320,20.18484410747712
8321,20.183828547472956
8322,20.181797427464645
8323,20.181797427464645
8324,20.184336327475037
8325,20.186875227485444
8326,20.187890787489593
8327,20.1853518874792
8328,20.18078186746048
8329,20.17976630745632
8330,20.182305207466726
8331,20.182812987468807
8332,20.1802740874584
8333,20.178750747452156
8334,20.177735187448008
8335,20.177227407445926
8336,20.17824296745009
8337,20.17976630745632
8338,20.18078186746048
8339,20.181289647462563
8340,20.18078186746048
8341,20.17976630745632
8342,20.17976630745632
8343,20.178750747452156
8344,20.177227407445926
8345,20.1751962874376
8346,20.175704067439682
8347,20.176719627443845
8348,20.175704067439682
8349,20.17468850743552
8350,20.174180727433438
8351,20.172149607425126
8352,20.167579587406408
8353,20.16453290739392
8354,20.166564027402245
8355,20.170626267418882
8356,20.172657387427208
8357,20.172657387427208
8358,20.172149607425126
8359,20.172149607425126
8360,20.171134047420963
8361,20.169102927412638
8362,20.167579587406408
8363,20.167071807404326
8364,20.16808736740849
8365,20.170626267418882
8366,20.172657387427208
8367,20.172657387427208
8368,20.172149607425126
8369,20.171641827423045
8370,20.171641827423045
8371,20.172149607425126
8372,20.171134047420963
8373,20.16961070741472
8374,20.170626267418882
8375,20.176211847441763
8376,20.182305207466726
8377,20.183320767470875
8378,20.179258527454238
8379,20.17824296745009
8380,20.181797427464645
8381,20.184336327475037
8382,20.182305207466726
8383,20.18078186746048
8384,20.18078186746048
8385,20.1802740874584
8386,20.181289647462563
8387,20.181797427464645
8388,20.1802740874584
8389,20.17824296745009
8390,20.177735187448008
8391,20.177735187448008
8392,20.177227407445926
8393,20.17468850743552
8394,20.17316516742929
8395,20.174180727433438
8396,20.178750747452156
8397,20.181289647462563
8398,20.18078186746048
8399,20.178750747452156
8400,20.17824296745009
8401,20.179258527454238
8402,20.1802740874584
8403,20.17824296745009
8404,20.1751962874376
8405,20.174180727433438
8406,20.17468850743552
8407,20.175704067439682
8408,20.1751962874376
8409,20.175704067439682
8410,20.176719627443845
8411,20.176719627443845
8412,20.17468850743552
8413,20.171641827423045
8414,20.167579587406408
8415,20.165548467398082
8416,20.167579587406408
8417,20.171641827423045
8418,20.172149607425126
8419,20.171641827423045
8420,20.171641827423045
8421,20.171641827423045
8422,20.169102927412638
8423,20.16808736740849
8424,20.170626267418882
8425,20.17316516742929
8426,20.172657387427208
8427,20.1701184874168
8428,20.16961070741472
8429,20.16961070741472
8430,20.169102927412638
8431,20.16859514741057
8432,20.16859514741057
8433,20.165548467398082
8434,20.159455107373134
8435,20.15843954736897
8436,20.16300956738769
8437,20.167071807404326
8438,20.167071807404326
8439,20.166056247400164
8440,20.16808736740849
8441,20.171134047420963
8442,20.171134047420963
8443,20.167579587406408
8444,20.164025127391852
8445,20.16300956738769
8446,20.16351734738977
8447,20.166056247400164
8448,20.170626267418882
8449,20.174180727433438
8450,20.174180727433438
8451,20.172149607425126
8452,20.171134047420963
8453,20.172657387427208
8454,20.171641827423045
8455,20.167579587406408
8456,20.166056247400164
8457,20.171134047420963
8458,20.177735187448008
8459,20.179258527454238
8460,20.174180727433438
8461,20.169102927412638
8462,20.169102927412638
8463,20.170626267418882
8464,20.171641827423045
8465,20.172149607425126
8466,20.174180727433438
8467,20.1751962874376
8468,20.17367294743137
8469,20.171134047420963
8470,20.170626267418882
8471,20.171134047420963
8472,20.172149607425126
8473,20.172149607425126
8474,20.170626267418882
8475,20.169102927412638
8476,20.16808736740849
8477,20.166564027402245
8478,20.165548467398082
8479,20.16351734738977
8480,20.16300956738769
8481,20.16453290739392
8482,20.167579587406408
8483,20.171641827423045
8484,20.17316516742929
8485,20.1701184874168
8486,20.165548467398082
8487,20.16300956738769
8488,20.161486227381445
8489,20.161486227381445
8490,20.162501787385608
8491,20.166056247400164
8492,20.16961070741472
8493,20.171641827423045
8494,20.1701184874168
8495,20.16808736740849
8496,20.165548467398082
8497,20.16351734738977
8498,20.160978447379364
8499,20.158947327371052
8500,20.15793176736689
8501,20.15793176736689
8502,20.159455107373134
8503,20.160470667377282
8504,20.160470667377282
8505,20.160470667377282
8506,20.160978447379364
8507,20.16351734738977
8508,20.166564027402245
8509,20.16808736740849
8510,20.167071807404326
8511,20.166056247400164
8512,20.167071807404326
8513,20.16808736740849
8514,20.16808736740849
8515,20.16859514741057
8516,20.16808736740849
8517,20.165548467398082
8518,20.1599628873752
8519,20.156916207362727
8520,20.158947327371052
8521,20.16351734738977
8522,20.165548467398082
8523,20.16453290739392
8524,20.16453290739392
8525,20.165548467398082
8526,20.165040687396
8527,20.164025127391852
8528,20.16453290739392
8529,20.166564027402245
8530,20.16859514741057
8531,20.1701184874168
8532,20.1701184874168
8533,20.169102927412638
8534,20.16859514741057
8535,20.16961070741472
8536,20.171134047420963
8537,20.1701184874168
8538,20.16859514741057
8539,20.16808736740849
8540,20.16808736740849
8541,20.16808736740849
8542,20.1701184874168
8543,20.171641827423045
8544,20.171641827423045
8545,20.1701184874168
8546,20.169102927412638
8547,20.16859514741057
8548,20.16859514741057
8549,20.167579587406408
8550,20.166564027402245
8551,20.166056247400164
8552,20.166564027402245
8553,20.16859514741057
8554,20.170626267418882
8555,20.1701184874168
8556,20.167071807404326
8557,20.16351734738977
8558,20.1599628873752
8559,20.156916207362727
8560,20.15793176736689
8561,20.161994007383527
8562,20.164025127391852
8563,20.16351734738977
8564,20.16351734738977
8565,20.165040687396
8566,20.16808736740849
8567,20.16961070741472
8568,20.167579587406408
8569,20.16300956738769
8570,20.160978447379364
8571,20.16351734738977
8572,20.166564027402245
8573,20.167579587406408
8574,20.165548467398082
8575,20.16453290739392
8576,20.165548467398082
8577,20.166564027402245
8578,20.165040687396
8579,20.16300956738769
8580,20.16351734738977
8581,20.165040687396
8582,20.166056247400164
8583,20.165548467398082
8584,20.16453290739392
8585,20.16453290739392
8586,20.166056247400164
8587,20.169102927412638
8588,20.172149607425126
8589,20.174180727433438
8590,20.174180727433438
8591,20.172657387427208
8592,20.171134047420963
8593,20.1701184874168
8594,20.16961070741472
8595,20.171134047420963
8596,20.17316516742929
8597,20.172657387427208
8598,20.16961070741472
8599,20.166564027402245
8600,20.165040687396
8601,20.165548467398082
8602,20.167071807404326
8603,20.16961070741472
8604,20.17316516742929
8605,20.176719627443845
8606,20.177227407445926
8607,20.175704067439682
8608,20.17468850743552
8609,20.174180727433438
8610,20.172657387427208
8611,20.169102927412638
8612,20.16808736740849
8613,20.171134047420963
8614,20.17468850743552
8615,20.1751962874376
8616,20.1751962874376
8617,20.1751962874376
8618,20.17468850743552
8619,20.17316516742929
8620,20.171134047420963
8621,20.169102927412638
8622,20.167579587406408
8623,20.167579587406408
8624,20.169102927412638
8625,20.1701184874168
8626,20.16961070741472
8627,20.169102927412638
8628,20.170626267418882
8629,20.17316516742929
8630,20.17367294743137
8631,20.172657387427208
8632,20.171134047420963
8633,20.16808736740849
8634,20.16453290739392
8635,20.164025127391852
8636,20.166056247400164
8637,20.16859514741057
8638,20.169102927412638
8639,20.16859514741057
8640,20.167579587406408
8641,20.166056247400164
8642,20.165040687396
8643,20.16453290739392
8644,20.166056247400164
8645,20.16808736740849
8646,20.16859514741057
8647,20.167579587406408
8648,20.165548467398082
8649,20.165548467398082
8650,20.167579587406408
8651,20.1701184874168
8652,20.1701184874168
8653,20.16961070741472
8654,20.171641827423045
8655,20.17316516742929
8656,20.171641827423045
8657,20.1701184874168
8658,20.174180727433438
8659,20.17976630745632
8660,20.1802740874584
8661,20.179258527454238
8662,20.17976630745632
8663,20.1802740874584
8664,20.178750747452156
8665,20.177735187448008
8666,20.178750747452156
8667,20.181797427464645
8668,20.183320767470875
8669,20.181289647462563
8670,20.17824296745009
8671,20.177735187448008
8672,20.18078186746048
8673,20.183320767470875
8674,20.182812987468807
8675,20.17976630745632
8676,20.17824296745009
8677,20.179258527454238
8678,20.181797427464645
8679,20.183828547472956
8680,20.184336327475037
8681,20.183320767470875
8682,20.181289647462563
8683,20.17824296745009
8684,20.1751962874376
8685,20.17468850743552
8686,20.177227407445926
8687,20.17976630745632
8688,20.181289647462563
8689,20.182812987468807
8690,20.183828547472956
8691,20.183320767470875
8692,20.181797427464645
8693,20.182305207466726
8694,20.184336327475037
8695,20.184336327475037
8696,20.183828547472956
8697,20.183828547472956
8698,20.182812987468807
8699,20.18078186746048
8700,20.178750747452156
8701,20.178750747452156
8702,20.18078186746048
8703,20.1802740874584
8704,20.175704067439682
8705,20.17316516742929
8706,20.176719627443845
8707,20.182305207466726
8708,20.183320767470875
8709,20.181797427464645
8710,20.181797427464645
8711,20.183320767470875
8712,20.182305207466726
8713,20.179258527454238
8714,20.17824296745009
8715,20.178750747452156
8716,20.1802740874584
8717,20.181797427464645
8718,20.181289647462563
8719,20.179258527454238
8720,20.179258527454238
8721,20.182305207466726
8722,20.184336327475037
8723,20.182305207466726
8724,20.177735187448008
8725,20.17468850743552
8726,20.177227407445926
8727,20.182305207466726
8728,20.18585966748128
8729,20.18585966748128
8730,20.184336327475037
8731,20.182812987468807
8732,20.182305207466726
8733,20.182305207466726
8734,20.182812987468807
8735,20.184336327475037
8736,20.18484410747712
8737,20.18585966748128
8738,20.189414127495837
8739,20.192968587510393
8740,20.191445247504163
8741,20.187383007487526
8742,20.1853518874792
8743,20.186367447483363
8744,20.188398567491674
8745,20.188398567491674
8746,20.186367447483363
8747,20.18484410747712
8748,20.18585966748128
8749,20.186875227485444
8750,20.187383007487526
8751,20.187383007487526
8752,20.187890787489593
8753,20.188398567491674
8754,20.189414127495837
8755,20.188906347493756
8756,20.187890787489593
8757,20.186875227485444
8758,20.18484410747712
8759,20.182305207466726
8760,20.181289647462563
8761,20.181797427464645
8762,20.183828547472956
8763,20.18484410747712
8764,20.1853518874792
8765,20.183828547472956
8766,20.1802740874584
8767,20.176211847441763
8768,20.175704067439682
8769,20.179258527454238
8770,20.182812987468807
8771,20.182812987468807
8772,20.181289647462563
8773,20.18078186746048
8774,20.181289647462563
8775,20.181797427464645
8776,20.181797427464645
8777,20.1802740874584
8778,20.17824296745009
8779,20.177735187448008
8780,20.17824296745009
8781,20.179258527454238
8782,20.178750747452156
8783,20.179258527454238
8784,20.182812987468807
8785,20.1853518874792
8786,20.1853518874792
8787,20.183828547472956
8788,20.183320767470875
8789,20.183320767470875
8790,20.183320767470875
8791,20.183320767470875
8792,20.183320767470875
8793,20.183828547472956
8794,20.184336327475037
8795,20.184336327475037
8796,20.1853518874792
8797,20.1853518874792
8798,20.18484410747712
8799,20.184336327475037
8800,20.183828547472956
8801,20.183320767470875
8802,20.184336327475037
8803,20.186367447483363
8804,20.186875227485444
8805,20.18484410747712
8806,20.181289647462563
8807,20.178750747452156
8808,20.177227407445926
8809,20.177227407445926
8810,20.178750747452156
8811,20.18078186746048
8812,20.181797427464645
8813,20.182305207466726
8814,20.182812987468807
8815,20.183320767470875
8816,20.182812987468807
8817,20.18078186746048
8818,20.178750747452156
8819,20.176719627443845
8820,20.176719627443845
8821,20.177227407445926
8822,20.17824296745009
8823,20.181797427464645
8824,20.183828547472956
8825,20.181797427464645
8826,20.17976630745632
8827,20.17976630745632
8828,20.1802740874584
8829,20.18078186746048
8830,20.181289647462563
8831,20.181797427464645
8832,20.1802740874584
8833,20.176719627443845
8834,20.176211847441763
8835,20.179258527454238
8836,20.181797427464645
8837,20.182305207466726
8838,20.182812987468807
8839,20.18484410747712
8840,20.18484410747712
8841,20.181289647462563
8842,20.177735187448008
8843,20.176719627443845
8844,20.177227407445926
8845,20.177227407445926
8846,20.176211847441763
8847,20.175704067439682
8848,20.17468850743552
8849,20.171641827423045
8850,20.16961070741472
8851,20.171134047420963
8852,20.176211847441763
8853,20.1802740874584
8854,20.18078186746048
8855,20.17976630745632
8856,20.1802740874584
8857,20.17976630745632
8858,20.17824296745009
8859,20.177227407445926
8860,20.176211847441763
8861,20.176719627443845
8862,20.177735187448008
8863,20.177735187448008
8864,20.1751962874376
8865,20.17367294743137
8866,20.17367294743137
8867,20.17468850743552
8868,20.174180727433438
8869,20.17316516742929
8870,20.172657387427208
8871,20.17367294743137
8872,20.176211847441763
8873,20.17824296745009
8874,20.1802740874584
8875,20.181289647462563
8876,20.17976630745632
8877,20.17824296745009
8878,20.17824296745009
8879,20.1802740874584
8880,20.18078186746048
8881,20.179258527454238
8882,20.17824296745009
8883,20.177735187448008
8884,20.176211847441763
8885,20.176719627443845
8886,20.181289647462563
8887,20.18484410747712
8888,20.182305207466726
8889,20.174180727433438
8890,20.16808736740849
8891,20.16859514741057
8892,20.172149607425126
8893,20.172657387427208
8894,20.16961070741472
8895,20.16859514741057
8896,20.171641827423045
8897,20.17468850743552
8898,20.1751962874376
8899,20.17367294743137
8900,20.17316516742929
8901,20.17316516742929
8902,20.171641827423045
8903,20.16808736740849
8904,20.167579587406408
8905,20.171134047420963
8906,20.176719627443845
8907,20.178750747452156
8908,20.177227407445926
8909,20.174180727433438
8910,20.170626267418882
8911,20.16808736740849
8912,20.167579587406408
8913,20.167579587406408
8914,20.166056247400164
8915,20.165040687396
8916,20.167579587406408
8917,20.1701184874168
8918,20.16961070741472
8919,20.16859514741057
8920,20.1701184874168
8921,20.172149607425126
8922,20.171134047420963
8923,20.167579587406408
8924,20.165548467398082
8925,20.166564027402245
8926,20.16808736740849
8927,20.16808736740849
8928,20.166056247400164
8929,20.166056247400164
8930,20.16808736740849
8931,20.16859514741057
8932,20.166056247400164
8933,20.16300956738769
8934,20.162501787385608
8935,20.16351734738977
8936,20.165548467398082
8937,20.16859514741057
8938,20.171134047420963
8939,20.172149607425126
8940,20.171641827423045
8941,20.172149607425126
8942,20.17468850743552
8943,20.1751962874376
8944,20.17468850743552
8945,20.175704067439682
8946,20.176211847441763
8947,20.17367294743137
8948,20.171641827423045
8949,20.171134047420963
8950,20.170626267418882
8951,20.171134047420963
8952,20.171134047420963
8953,20.167579587406408
8954,20.16351734738977
8955,20.16453290739392
8956,20.169102927412638
8957,20.172657387427208
8958,20.172149607425126
8959,20.172149607425126
8960,20.175704067439682
8961,20.179258527454238
8962,20.179258527454238
8963,20.176719627443845
8964,20.172657387427208
8965,20.16961070741472
8966,20.16961070741472
8967,20.16961070741472
8968,20.167579587406408
8969,20.166056247400164
8970,20.167071807404326
8971,20.167579587406408
8972,20.16453290739392
8973,20.15843954736897
8974,20.155392867356483
8975,20.15793176736689
8976,20.16300956738769
8977,20.166564027402245
8978,20.167071807404326
8979,20.167071807404326
8980,20.16808736740849
8981,20.16859514741057
8982,20.167071807404326
8983,20.16300956738769
8984,20.160470667377282
8985,20.160470667377282
8986,20.161486227381445
8987,20.161486227381445
8988,20.1599628873752
8989,20.15843954736897
8990,20.158947327371052
8991,20.160470667377282
8992,20.162501787385608
8993,20.16453290739392
8994,20.165040687396
8995,20.164025127391852
8996,20.162501787385608
8997,20.161486227381445
8998,20.158947327371052
8999,20.15793176736689
9000,20.161994007383527
9001,20.166564027402245
9002,20.167071807404326
9003,20.16351734738977
9004,20.1599628873752
9005,20.158947327371052
9006,20.161994007383527
9007,20.166056247400164
9008,20.169102927412638
9009,20.1701184874168
9010,20.16859514741057
9011,20.166056247400164
9012,20.16453290739392
9013,20.164025127391852
9014,20.162501787385608
9015,20.16300956738769
9016,20.165548467398082
9017,20.16859514741057
9018,20.1701184874168
9019,20.1701184874168
9020,20.171134047420963
9021,20.171641827423045
9022,20.1701184874168
9023,20.169102927412638
9024,20.169102927412638
9025,20.16859514741057
9026,20.167071807404326
9027,20.165548467398082
9028,20.165040687396
9029,20.165040687396
9030,20.166564027402245
9031,20.167579587406408
9032,20.167579587406408
9033,20.166564027402245
9034,20.166564027402245
9035,20.167071807404326
9036,20.167579587406408
9037,20.167579587406408
9038,20.166056247400164
9039,20.165548467398082
9040,20.166056247400164
9041,20.166564027402245
9042,20.165548467398082
9043,20.165040687396
9044,20.165040687396
9045,20.165040687396
9046,20.165548467398082
9047,20.166056247400164
9048,20.167579587406408
9049,20.169102927412638
9050,20.16808736740849
9051,20.164025127391852
9052,20.160978447379364
9053,20.161486227381445
9054,20.164025127391852
9055,20.165548467398082
9056,20.164025127391852
9057,20.161994007383527
9058,20.161994007383527
9059,20.162501787385608
9060,20.162501787385608
9061,20.160470667377282
9062,20.159455107373134
9063,20.1599628873752
9064,20.162501787385608
9065,20.165040687396
9066,20.166056247400164
9067,20.165548467398082
9068,20.165548467398082
9069,20.166056247400164
9070,20.167071807404326
9071,20.166056247400164
9072,20.16300956738769
9073,20.160978447379364
9074,20.160470667377282
9075,20.161486227381445
9076,20.16351734738977
9077,20.165040687396
9078,20.166056247400164
9079,20.167071807404326
9080,20.16859514741057
9081,20.1701184874168
9082,20.171134047420963
9083,20.172149607425126
9084,20.171641827423045
9085,20.172657387427208
9086,20.17367294743137
9087,20.172657387427208
9088,20.1701184874168
9089,20.16859514741057
9090,20.16961070741472
9091,20.1701184874168
9092,20.1701184874168
9093,20.170626267418882
9094,20.172149607425126
9095,20.172149607425126
9096,20.16961070741472
9097,20.164025127391852
9098,20.15843954736897
9099,20.156916207362727
9100,20.161486227381445
9101,20.167071807404326
9102,20.16859514741057
9103,20.166056247400164
9104,20.166056247400164
9105,20.169102927412638
9106,20.17316516742929
9107,20.172657387427208
9108,20.16859514741057
9109,20.165548467398082
9110,20.165548467398082
9111,20.166056247400164
9112,20.165548467398082
9113,20.167071807404326
9114,20.170626267418882
9115,20.172149607425126
9116,20.169102927412638
9117,20.165040687396
9118,20.16351734738977
9119,20.165040687396
9120,20.165548467398082
9121,20.16453290739392
9122,20.16300956738769
9123,20.164025127391852
9124,20.166564027402245
9125,20.169102927412638
9126,20.16961070741472
9127,20.16961070741472
9128,20.169102927412638
9129,20.16808736740849
9130,20.167071807404326
9131,20.167071807404326
9132,20.16859514741057
9133,20.16961070741472
9134,20.1701184874168
9135,20.16961070741472
9136,20.167071807404326
9137,20.164025127391852
9138,20.161994007383527
9139,20.160978447379364
9140,20.1599628873752
9141,20.161486227381445
9142,20.165548467398082
9143,20.1701184874168
9144,20.171641827423045
9145,20.16961070741472
9146,20.165548467398082
9147,20.16351734738977
9148,20.164025127391852
9149,20.165040687396
9150,20.166056247400164
9151,20.166056247400164
9152,20.167071807404326
9153,20.1701184874168
9154,20.17316516742929
9155,20.17468850743552
9156,20.174180727433438
9157,20.174180727433438
9158,20.174180727433438
9159,20.17367294743137
9160,20.17316516742929
9161,20.172657387427208
9162,20.172149607425126
9163,20.172149607425126
9164,20.171641827423045
9165,20.171134047420963
9166,20.172149607425126
9167,20.1751962874376
9168,20.17824296745009
9169,20.17976630745632
9170,20.178750747452156
9171,20.179258527454238
9172,20.1802740874584
9173,20.178750747452156
9174,20.176211847441763
9175,20.175704067439682
9176,20.176211847441763
9177,20.1751962874376
9178,20.17367294743137
9179,20.171134047420963
9180,20.167579587406408
9181,20.164025127391852
9182,20.16300956738769
9183,20.165548467398082
9184,20.169102927412638
9185,20.170626267418882
9186,20.171641827423045
9187,20.17367294743137
9188,20.17367294743137
9189,20.171641827423045
9190,20.16859514741057
9191,20.16859514741057
9192,20.170626267418882
9193,20.172149607425126
9194,20.17316516742929
9195,20.17367294743137
9196,20.172657387427208
9197,20.1701184874168
9198,20.16808736740849
9199,20.169102927412638
9200,20.172149607425126
9201,20.17367294743137
9202,20.172657387427208
9203,20.172149607425126
9204,20.172149607425126
9205,20.172149607425126
9206,20.17316516742929
9207,20.1751962874376
9208,20.176719627443845
9209,20.176719627443845
9210,20.1751962874376
9211,20.17367294743137
9212,20.17367294743137
9213,20.1751962874376
9214,20.176211847441763
9215,20.1751962874376
9216,20.174180727433438
9217,20.176211847441763
9218,20.179258527454238
9219,20.182812987468807
9220,20.183320767470875
9221,20.17976630745632
9222,20.17367294743137
9223,20.170626267418882
9224,20.171641827423045
9225,20.17468850743552
9226,20.177227407445926
9227,20.17976630745632
9228,20.181797427464645
9229,20.181289647462563
9230,20.17976630745632
9231,20.178750747452156
9232,20.176211847441763
9233,20.174180727433438
9234,20.176211847441763
9235,20.181289647462563
9236,20.1853518874792
9237,20.186367447483363
9238,20.184336327475037
9239,20.18078186746048
9240,20.1802740874584
9241,20.181289647462563
9242,20.18078186746048
9243,20.1802740874584
9244,20.181797427464645
9245,20.183320767470875
9246,20.183320767470875
9247,20.183828547472956
9248,20.183320767470875
9249,20.181797427464645
9250,20.1802740874584
9251,20.1802740874584
9252,20.179258527454238
9253,20.177227407445926
9254,20.1751962874376
9255,20.176211847441763
9256,20.178750747452156
9257,20.18078186746048
9258,20.182812987468807
9259,20.183320767470875
9260,20.179258527454238
9261,20.17468850743552
9262,20.17468850743552
9263,20.176719627443845
9264,20.177227407445926
9265,20.17468850743552
9266,20.172149607425126
9267,20.171641827423045
9268,20.17316516742929
9269,20.17468850743552
9270,20.176719627443845
9271,20.17824296745009
9272,20.177735187448008
9273,20.176211847441763
9274,20.176211847441763
9275,20.177227407445926
9276,20.179258527454238
9277,20.18078186746048
9278,20.1802740874584
9279,20.17976630745632
9280,20.179258527454238
9281,20.17824296745009
9282,20.176719627443845
9283,20.177227407445926
9284,20.17976630745632
9285,20.181797427464645
9286,20.182305207466726
9287,20.182812987468807
9288,20.184336327475037
9289,20.18585966748128
9290,20.186367447483363
9291,20.18484410747712
9292,20.183320767470875
9293,20.182812987468807
9294,20.182305207466726
9295,20.182812987468807
9296,20.181797427464645
9297,20.1802740874584
9298,20.181289647462563
9299,20.182812987468807
9300,20.183828547472956
9301,20.182812987468807
9302,20.182812987468807
9303,20.182812987468807
9304,20.181289647462563
9305,20.177227407445926
9306,20.1751962874376
9307,20.177227407445926
9308,20.1802740874584
9309,20.1802740874584
9310,20.178750747452156
9311,20.17824296745009
9312,20.1802740874584
9313,20.182812987468807
9314,20.183828547472956
9315,20.18078186746048
9316,20.177227407445926
9317,20.177227407445926
9318,20.181797427464645
9319,20.18585966748128
9320,20.186367447483363
9321,20.1853518874792
9322,20.18585966748128
9323,20.1853518874792
9324,20.181797427464645
9325,20.177227407445926
9326,20.17367294743137
9327,20.17367294743137
9328,20.17824296745009
9329,20.182812987468807
9330,20.182812987468807
9331,20.17824296745009
9332,20.174180727433438
9333,20.17468850743552
9334,20.177735187448008
9335,20.178750747452156
9336,20.176211847441763
9337,20.174180727433438
9338,20.175704067439682
9339,20.179258527454238
9340,20.17976630745632
9341,20.177735187448008
9342,20.176211847441763
9343,20.177227407445926
9344,20.179258527454238
9345,20.178750747452156
9346,20.17468850743552
9347,20.170626267418882
9348,20.171134047420963
9349,20.176211847441763
9350,20.17976630745632
9351,20.178750747452156
9352,20.176211847441763
9353,20.176719627443845
9354,20.181289647462563
9355,20.184336327475037
9356,20.182812987468807
9357,20.17976630745632
9358,20.178750747452156
9359,20.1802740874584
9360,20.18078186746048
9361,20.179258527454238
9362,20.17824296745009
9363,20.178750747452156
9364,20.181289647462563
9365,20.183320767470875
9366,20.182812987468807
9367,20.179258527454238
9368,20.177735187448008
9369,20.17824296745009
9370,20.1802740874584
9371,20.181797427464645
9372,20.182812987468807
9373,20.181797427464645
9374,20.18078186746048
9375,20.181797427464645
9376,20.183320767470875
9377,20.182812987468807
9378,20.181797427464645
9379,20.182812987468807
9380,20.183320767470875
9381,20.181289647462563
9382,20.177735187448008
9383,20.176211847441763
9384,20.176719627443845
9385,20.17468850743552
9386,20.170626267418882
9387,20.167579587406408
9388,20.166564027402245
9389,20.169102927412638
9390,20.17367294743137
9391,20.17824296745009
9392,20.181797427464645
9393,20.182812987468807
9394,20.181797427464645
9395,20.17976630745632
9396,20.177227407445926
9397,20.17367294743137
9398,20.16961070741472
9399,20.16961070741472
9400,20.174180727433438
9401,20.177735187448008
9402,20.177735187448008
9403,20.176719627443845
9404,20.177227407445926
9405,20.178750747452156
9406,20.179258527454238
9407,20.1802740874584
9408,20.181797427464645
9409,20.182812987468807
9410,20.1802740874584
9411,20.175704067439682
9412,20.174180727433438
9413,20.1751962874376
9414,20.1751962874376
9415,20.1751962874376
9416,20.176719627443845
9417,20.17824296745009
9418,20.178750747452156
9419,20.178750747452156
9420,20.179258527454238
9421,20.178750747452156
9422,20.178750747452156
9423,20.17976630745632
9424,20.181797427464645
9425,20.182305207466726
9426,20.17976630745632
9427,20.177735187448008
9428,20.177227407445926
9429,20.176211847441763
9430,20.176211847441763
9431,20.178750747452156
9432,20.182812987468807
9433,20.186875227485444
9434,20.18992190749792
9435,20.1904296875
9436,20.188398567491674
9437,20.186367447483363
9438,20.186367447483363
9439,20.18585966748128
9440,20.183320767470875
9441,20.181289647462563
9442,20.182305207466726
9443,20.1853518874792
9444,20.1853518874792
9445,20.182812987468807
9446,20.179258527454238
9447,20.179258527454238
9448,20.181289647462563
9449,20.182812987468807
9450,20.181797427464645
9451,20.181289647462563
9452,20.182812987468807
9453,20.18484410747712
9454,20.1853518874792
9455,20.1853518874792
9456,20.183320767470875
9457,20.181289647462563
9458,20.17976630745632
9459,20.179258527454238
9460,20.17824296745009
9461,20.178750747452156
9462,20.17976630745632
9463,20.178750747452156
9464,20.176211847441763
9465,20.174180727433438
9466,20.17316516742929
9467,20.17367294743137
9468,20.17468850743552
9469,20.1751962874376
9470,20.17367294743137
9471,20.171641827423045
9472,20.171641827423045
9473,20.172657387427208
9474,20.172657387427208
9475,20.1701184874168
9476,20.167579587406408
9477,20.167071807404326
9478,20.16808736740849
9479,20.169102927412638
9480,20.16961070741472
9481,20.1701184874168
9482,20.16961070741472
9483,20.16808736740849
9484,20.166056247400164
9485,20.166056247400164
9486,20.16961070741472
9487,20.1751962874376
9488,20.17976630745632
9489,20.181289647462563
9490,20.18078186746048
9491,20.178750747452156
9492,20.175704067439682
9493,20.17468850743552
9494,20.175704067439682
9495,20.177227407445926
9496,20.177227407445926
9497,20.177735187448008
9498,20.1802740874584
9499,20.182305207466726
9500,20.18078186746048
9501,20.177735187448008
9502,20.177227407445926
9503,20.179258527454238
9504,20.17976630745632
9505,20.178750747452156
9506,20.177735187448008
9507,20.178750747452156
9508,20.1802740874584
9509,20.181797427464645
9510,20.179258527454238
9511,20.176211847441763
9512,20.175704067439682
9513,20.177227407445926
9514,20.177227407445926
9515,20.176719627443845
9516,20.175704067439682
9517,20.174180727433438
9518,20.1751962874376
9519,20.179258527454238
9520,20.181797427464645
9521,20.179258527454238
9522,20.1751962874376
9523,20.171641827423045
9524,20.170626267418882
9525,20.171134047420963
9526,20.171641827423045
9527,20.17316516742929
9528,20.1751962874376
9529,20.175704067439682
9530,20.17367294743137
9531,20.171641827423045
9532,20.171641827423045
9533,20.171134047420963
9534,20.1701184874168
9535,20.16961070741472
9536,20.171641827423045
9537,20.174180727433438
9538,20.1751962874376
9539,20.17316516742929
9540,20.1701184874168
9541,20.167579587406408
9542,20.16808736740849
9543,20.1701184874168
9544,20.170626267418882
9545,20.1701184874168
9546,20.169102927412638
9547,20.16808736740849
9548,20.166564027402245
9549,20.166564027402245
9550,20.167579587406408
9551,20.166564027402245
9552,20.16453290739392
9553,20.16300956738769
9554,20.161994007383527
9555,20.16300956738769
9556,20.165548467398082
9557,20.16808736740849
9558,20.16961070741472
9559,20.16808736740849
9560,20.165040687396
9561,20.165040687396
9562,20.16859514741057
9563,20.170626267418882
9564,20.1701184874168
9565,20.16961070741472
9566,20.16961070741472
9567,20.169102927412638
9568,20.16961070741472
9569,20.170626267418882
9570,20.171134047420963
9571,20.171134047420963
9572,20.172149607425126
9573,20.17316516742929
9574,20.17316516742929
9575,20.172149607425126
9576,20.172149607425126
9577,20.174180727433438
9578,20.175704067439682
9579,20.176211847441763
9580,20.176211847441763
9581,20.175704067439682
9582,20.1751962874376
9583,20.1751962874376
9584,20.175704067439682
9585,20.1751962874376
9586,20.172149607425126
9587,20.169102927412638
9588,20.169102927412638
9589,20.172149607425126
9590,20.1751962874376
9591,20.1751962874376
9592,20.17367294743137
9593,20.172149607425126
9594,20.16961070741472
9595,20.165548467398082
9596,20.16300956738769
9597,20.16351734738977
9598,20.165548467398082
9599,20.166056247400164
9600,20.167071807404326
9601,20.16808736740849
9602,20.166564027402245
9603,20.165548467398082
9604,20.167071807404326
9605,20.169102927412638
9606,20.16961070741472
9607,20.16961070741472
9608,20.16859514741057
9609,20.165548467398082
9610,20.161994007383527
9611,20.1599628873752
9612,20.1599628873752
9613,20.16300956738769
9614,20.167071807404326
9615,20.16808736740849
9616,20.166564027402245
9617,20.165548467398082
9618,20.165040687396
9619,20.165040687396
9620,20.165040687396
9621,20.166564027402245
9622,20.1701184874168
9623,20.171641827423045
9624,20.16961070741472
9625,20.166564027402245
9626,20.165548467398082
9627,20.166564027402245
9628,20.167579587406408
9629,20.167579587406408
9630,20.166564027402245
9631,20.165548467398082
9632,20.165040687396
9633,20.166056247400164
9634,20.165548467398082
9635,20.161994007383527
9636,20.15742398736481
9637,20.156408427360645
9638,20.160470667377282
9639,20.164025127391852
9640,20.166056247400164
9641,20.16859514741057
9642,20.170626267418882
9643,20.171641827423045
9644,20.170626267418882
9645,20.169102927412638
9646,20.16859514741057
9647,20.16961070741472
9648,20.170626267418882
9649,20.1701184874168
9650,20.169102927412638
9651,20.16961070741472
9652,20.171641827423045
9653,20.17316516742929
9654,20.172657387427208
9655,20.16961070741472
9656,20.166564027402245
9657,20.165548467398082
9658,20.16808736740849
9659,20.171641827423045
9660,20.17367294743137
9661,20.172657387427208
9662,20.170626267418882
9663,20.169102927412638
9664,20.169102927412638
9665,20.16859514741057
9666,20.166564027402245
9667,20.16453290739392
9668,20.166564027402245
9669,20.169102927412638
9670,20.169102927412638
9671,20.16859514741057
9672,20.169102927412638
9673,20.16961070741472
9674,20.169102927412638
9675,20.167579587406408
9676,20.165548467398082
9677,20.16453290739392
9678,20.16453290739392
9679,20.16453290739392
9680,20.164025127391852
9681,20.165040687396
9682,20.165548467398082
9683,20.164025127391852
9684,20.16351734738977
9685,20.165548467398082
9686,20.167071807404326
9687,20.166056247400164
9688,20.16351734738977
9689,20.16351734738977
9690,20.165548467398082
9691,20.167071807404326
9692,20.166564027402245
9693,20.166056247400164
9694,20.166056247400164
9695,20.166056247400164
9696,20.165040687396
9697,20.164025127391852
9698,20.164025127391852
9699,20.165548467398082
9700,20.16808736740849
9701,20.16859514741057
9702,20.16859514741057
9703,20.16859514741057
9704,20.16808736740849
9705,20.167579587406408
9706,20.16859514741057
9707,20.171134047420963
9708,20.171641827423045
9709,20.1701184874168
9710,20.1701184874168
9711,20.172149607425126
9712,20.174180727433438
9713,20.1751962874376
9714,20.175704067439682
9715,20.176211847441763
9716,20.177227407445926
9717,20.176719627443845
9718,20.17316516742929
9719,20.16859514741057
9720,20.16961070741472
9721,20.176719627443845
9722,20.181797427464645
9723,20.18078186746048
9724,20.176719627443845
9725,20.175704067439682
9726,20.177227407445926
9727,20.178750747452156
9728,20.177735187448008
9729,20.175704067439682
9730,20.174180727433438
9731,20.17316516742929
9732,20.170626267418882
9733,20.16961070741472
9734,20.17316516742929
9735,20.17824296745009
9736,20.178750747452156
9737,20.1751962874376
9738,20.17316516742929
9739,20.1751962874376
9740,20.17824296745009
9741,20.179258527454238
9742,20.177227407445926
9743,20.175704067439682
9744,20.17468850743552
9745,20.175704067439682
9746,20.176719627443845
9747,20.175704067439682
9748,20.171641827423045
9749,20.167071807404326
9750,20.165040687396
9751,20.167071807404326
9752,20.172149607425126
9753,20.176211847441763
9754,20.176719627443845
9755,20.17367294743137
9756,20.16859514741057
9757,20.167579587406408
9758,20.171134047420963
9759,20.17316516742929
9760,20.1701184874168
9761,20.16808736740849
9762,20.16961070741472
9763,20.172149607425126
9764,20.172657387427208
9765,20.171641827423045
9766,20.172657387427208
9767,20.17468850743552
9768,20.175704067439682
9769,20.175704067439682
9770,20.174180727433438
9771,20.172657387427208
9772,20.172149607425126
9773,20.172657387427208
9774,20.172149607425126
9775,20.172149607425126
9776,20.17316516742929
9777,20.1751962874376
9778,20.177227407445926
9779,20.177735187448008
9780,20.175704067439682
9781,20.175704067439682
9782,20.17976630745632
9783,20.183828547472956
9784,20.183320767470875
9785,20.181289647462563
9786,20.17976630745632
9787,20.17976630745632
9788,20.17976630745632
9789,20.1802740874584
9790,20.17976630745632
9791,20.178750747452156
9792,20.1802740874584
9793,20.183320767470875
9794,20.184336327475037
9795,20.183320767470875
9796,20.182812987468807
9797,20.183828547472956
9798,20.1853518874792
9799,20.18585966748128
9800,20.1853518874792
9801,20.182812987468807
9802,20.1802740874584
9803,20.181289647462563
9804,20.183828547472956
9805,20.183828547472956
9806,20.181797427464645
9807,20.182812987468807
9808,20.1853518874792
9809,20.186367447483363
9810,20.18585966748128
9811,20.181797427464645
9812,20.177735187448008
9813,20.176211847441763
9814,20.177227407445926
9815,20.177735187448008
9816,20.1802740874584
9817,20.18484410747712
9818,20.186875227485444
9819,20.18585966748128
9820,20.182812987468807
9821,20.1802740874584
9822,20.1802740874584
9823,20.181797427464645
9824,20.181289647462563
9825,20.17976630745632
9826,20.17976630745632
9827,20.182305207466726
9828,20.1853518874792
9829,20.186367447483363
9830,20.18484410747712
9831,20.1853518874792
9832,20.188398567491674
9833,20.188906347493756
9834,20.186367447483363
9835,20.182812987468807
9836,20.181289647462563
9837,20.18078186746048
9838,20.1802740874584
9839,20.17824296745009
9840,20.176211847441763
9841,20.176211847441763
9842,20.17824296745009
9843,20.179258527454238
9844,20.178750747452156
9845,20.17976630745632
9846,20.183828547472956
9847,20.187383007487526
9848,20.187890787489593
9849,20.187383007487526
9850,20.186875227485444
9851,20.186875227485444
9852,20.186367447483363
9853,20.1853518874792
9854,20.183828547472956
9855,20.182812987468807
9856,20.183320767470875
9857,20.186367447483363
9858,20.18992190749792
9859,20.19093746750208
9860,20.188398567491674
9861,20.186367447483363
9862,20.186367447483363
9863,20.184336327475037
9864,20.181797427464645
9865,20.181797427464645
9866,20.1853518874792
9867,20.18992190749792
9868,20.192968587510393
9869,20.192460807508326
9870,20.19093746750208
9871,20.1904296875
9872,20.1904296875
9873,20.188398567491674
9874,20.18585966748128
9875,20.184336327475037
9876,20.18585966748128
9877,20.187383007487526
9878,20.186875227485444
9879,20.183828547472956
9880,20.182305207466726
9881,20.183828547472956
9882,20.1853518874792
9883,20.18484410747712
9884,20.181289647462563
9885,20.177735187448008
9886,20.175704067439682
9887,20.177735187448008
9888,20.181797427464645
9889,20.186367447483363
9890,20.187383007487526
9891,20.18484410747712
9892,20.182305207466726
9893,20.182812987468807
9894,20.183828547472956
9895,20.182305207466726
9896,20.18078186746048
9897,20.181797427464645
9898,20.183828547472956
9899,20.183828547472956
9900,20.182812987468807
9901,20.181797427464645
9902,20.181797427464645
9903,20.18078186746048
9904,20.17976630745632
9905,20.1802740874584
9906,20.181797427464645
9907,20.18078186746048
9908,20.178750747452156
9909,20.17824296745009
9910,20.182812987468807
9911,20.188398567491674
9912,20.188906347493756
9913,20.186875227485444
9914,20.187383007487526
9915,20.189414127495837
9916,20.19093746750208
9917,20.189414127495837
9918,20.18585966748128
9919,20.182812987468807
9920,20.182812987468807
9921,20.18484410747712
9922,20.188398567491674
9923,20.1904296875
9924,20.187890787489593
9925,20.182305207466726
9926,20.17824296745009
9927,20.178750747452156
9928,20.182812987468807
9929,20.18585966748128
9930,20.187383007487526
9931,20.188398567491674
9932,20.187890787489593
9933,20.18585966748128
9934,20.18484410747712
9935,20.183828547472956
9936,20.182812987468807
9937,20.182812987468807
9938,20.184336327475037
9939,20.186367447483363
9940,20.186367447483363
9941,20.186367447483363
9942,20.187383007487526
9943,20.186875227485444
9944,20.182812987468807
9945,20.177227407445926
9946,20.175704067439682
9947,20.17824296745009
9948,20.18078186746048
9949,20.17976630745632
9950,20.17976630745632
9951,20.182305207466726
9952,20.182812987468807
9953,20.1802740874584
9954,20.178750747452156
9955,20.18078186746048
9956,20.182305207466726
9957,20.181289647462563
9958,20.178750747452156
9959,20.17824296745009
9960,20.18078186746048
9961,20.181289647462563
9962,20.17824296745009
9963,20.1751962874376
9964,20.175704067439682
9965,20.176211847441763
9966,20.17468850743552
9967,20.172149607425126
9968,20.170626267418882
9969,20.171134047420963
9970,20.172657387427208
9971,20.1751962874376
9972,20.176719627443845
9973,20.176719627443845
9974,20.176211847441763
9975,20.177227407445926
9976,20.177735187448008
9977,20.176719627443845
9978,20.174180727433438
9979,20.172149607425126
9980,20.171134047420963
9981,20.17316516742929
9982,20.176719627443845
9983,20.178750747452156
9984,20.178750747452156
9985,20.177227407445926
9986,20.175704067439682
9987,20.1751962874376
9988,20.17468850743552
9989,20.175704067439682
9990,20.177735187448008
9991,20.178750747452156
9992,20.1751962874376
9993,20.171134047420963
9994,20.171134047420963
9995,20.176719627443845
9996,20.18078186746048
9997,20.1802740874584
9998,20.177735187448008
9999,20.176719627443845
