sample_index,raw_value,g_value
0,137419,19.778620105813232
1,137422,19.780143445819462
2,137417,19.77760454580907
3,137410,19.774050085794514
4,137412,19.775065645798662
5,137421,19.77963566581738
6,137427,19.78268234582987
7,137425,19.781666785825706
8,137421,19.77963566581738
9,137421,19.77963566581738
10,137421,19.77963566581738
11,137416,19.777096765806988
12,137412,19.775065645798662
13,137414,19.776081205802825
14,137421,19.77963566581738
15,137428,19.78319012583195
16,137428,19.78319012583195
17,137423,19.780651225821543
18,137418,19.77811232581115
19,137416,19.777096765806988
20,137419,19.778620105813232
21,137426,19.782174565827788
22,137433,19.785729025842343
23,137433,19.785729025842343
24,137427,19.78268234582987
25,137423,19.780651225821543
26,137421,19.77963566581738
27,137417,19.77760454580907
28,137415,19.776588985804906
29,137417,19.77760454580907
30,137418,19.77811232581115
31,137418,19.77811232581115
32,137418,19.77811232581115
33,137414,19.776081205802825
34,137409,19.773542305792432
35,137412,19.775065645798662
36,137420,19.779127885815313
37,137427,19.78268234582987
38,137429,19.783697905834032
39,137427,19.78268234582987
40,137422,19.780143445819462
41,137418,19.77811232581115
42,137418,19.77811232581115
43,137419,19.778620105813232
44,137422,19.780143445819462
45,137424,19.781159005823625
46,137425,19.781666785825706
47,137422,19.780143445819462
48,137417,19.77760454580907
49,137416,19.777096765806988
50,137421,19.77963566581738
51,137426,19.782174565827788
52,137427,19.78268234582987
53,137426,19.782174565827788
54,137426,19.782174565827788
55,137423,19.780651225821543
56,137419,19.778620105813232
57,137416,19.777096765806988
58,137413,19.775573425800744
59,137413,19.775573425800744
60,137417,19.77760454580907
61,137421,19.77963566581738
62,137422,19.780143445819462
63,137423,19.780651225821543
64,137425,19.781666785825706
65,137426,19.782174565827788
66,137426,19.782174565827788
67,137428,19.78319012583195
68,137427,19.78268234582987
69,137421,19.77963566581738
70,137417,19.77760454580907
71,137422,19.780143445819462
72,137429,19.783697905834032
73,137428,19.78319012583195
74,137423,19.780651225821543
75,137417,19.77760454580907
76,137413,19.775573425800744
77,137412,19.775065645798662
78,137414,19.776081205802825
79,137416,19.777096765806988
80,137418,19.77811232581115
81,137418,19.77811232581115
82,137414,19.776081205802825
83,137412,19.775065645798662
84,137414,19.776081205802825
85,137418,19.77811232581115
86,137418,19.77811232581115
87,137418,19.77811232581115
88,137420,19.779127885815313
89,137424,19.781159005823625
90,137425,19.781666785825706
91,137423,19.780651225821543
92,137422,19.780143445819462
93,137420,19.779127885815313
94,137416,19.777096765806988
95,137416,19.777096765806988
96,137418,19.77811232581115
97,137418,19.77811232581115
98,137416,19.777096765806988
99,137416,19.777096765806988
100,137418,19.77811232581115
101,137420,19.779127885815313
102,137423,19.780651225821543
103,137425,19.781666785825706
104,137425,19.781666785825706
105,137425,19.781666785825706
106,137427,19.78268234582987
107,137431,19.78471346583818
108,137434,19.786236805844425
109,137434,19.786236805844425
110,137431,19.78471346583818
111,137427,19.78268234582987
112,137425,19.781666785825706
113,137425,19.781666785825706
114,137424,19.781159005823625
115,137419,19.778620105813232
116,137414,19.776081205802825
117,137414,19.776081205802825
118,137418,19.77811232581115
119,137420,19.779127885815313
120,137419,19.778620105813232
121,137419,19.778620105813232
122,137421,19.77963566581738
123,137422,19.780143445819462
124,137421,19.77963566581738
125,137420,19.779127885815313
126,137421,19.77963566581738
127,137423,19.780651225821543
128,137422,19.780143445819462
129,137416,19.777096765806988
130,137412,19.775065645798662
131,137416,19.777096765806988
132,137427,19.78268234582987
133,137437,19.78776014585067
134,137437,19.78776014585067
135,137427,19.78268234582987
136,137416,19.777096765806988
137,137411,19.774557865796595
138,137412,19.775065645798662
139,137416,19.777096765806988
140,137421,19.77963566581738
141,137426,19.782174565827788
142,137428,19.78319012583195
143,137424,19.781159005823625
144,137417,19.77760454580907
145,137418,19.77811232581115
146,137426,19.782174565827788
147,137430,19.7842056858361
148,137426,19.782174565827788
149,137423,19.780651225821543
150,137421,19.77963566581738
151,137420,19.779127885815313
152,137419,19.778620105813232
153,137423,19.780651225821543
154,137431,19.78471346583818
155,137432,19.785221245840262
156,137425,19.781666785825706
157,137415,19.776588985804906
158,137411,19.774557865796595
159,137416,19.777096765806988
160,137424,19.781159005823625
161,137428,19.78319012583195
162,137426,19.782174565827788
163,137420,19.779127885815313
164,137417,19.77760454580907
165,137418,19.77811232581115
166,137421,19.77963566581738
167,137422,19.780143445819462
168,137422,19.780143445819462
169,137424,19.781159005823625
170,137424,19.781159005823625
171,137422,19.780143445819462
172,137419,19.778620105813232
173,137420,19.779127885815313
174,137422,19.780143445819462
175,137426,19.782174565827788
176,137430,19.7842056858361
177,137432,19.785221245840262
178,137429,19.783697905834032
179,137422,19.780143445819462
180,137417,19.77760454580907
181,137417,19.77760454580907
182,137423,19.780651225821543
183,137433,19.785729025842343
184,137436,19.787252365848587
185,137431,19.78471346583818
186,137426,19.782174565827788
187,137426,19.782174565827788
188,137429,19.783697905834032
189,137426,19.782174565827788
190,137422,19.780143445819462
191,137421,19.77963566581738
192,137420,19.779127885815313
193,137417,19.77760454580907
194,137417,19.77760454580907
195,137420,19.779127885815313
196,137420,19.779127885815313
197,137415,19.776588985804906
198,137410,19.774050085794514
199,137411,19.774557865796595
200,137414,19.776081205802825
201,137413,19.775573425800744
202,137412,19.775065645798662
203,137414,19.776081205802825
204,137418,19.77811232581115
205,137419,19.778620105813232
206,137420,19.779127885815313
207,137421,19.77963566581738
208,137421,19.77963566581738
209,137420,19.779127885815313
210,137424,19.781159005823625
211,137426,19.782174565827788
212,137421,19.77963566581738
213,137416,19.777096765806988
214,137415,19.776588985804906
215,137418,19.77811232581115
216,137422,19.780143445819462
217,137424,19.781159005823625
218,137422,19.780143445819462
219,137416,19.777096765806988
220,137408,19.77303452579035
221,137407,19.77252674578827
222,137415,19.776588985804906
223,137425,19.781666785825706
224,137433,19.785729025842343
225,137438,19.78826792585275
226,137435,19.786744585846506
227,137426,19.782174565827788
228,137418,19.77811232581115
229,137415,19.776588985804906
230,137416,19.777096765806988
231,137416,19.777096765806988
232,137418,19.77811232581115
233,137418,19.77811232581115
234,137419,19.778620105813232
235,137419,19.778620105813232
236,137417,19.77760454580907
237,137416,19.777096765806988
238,137420,19.779127885815313
239,137421,19.77963566581738
240,137417,19.77760454580907
241,137412,19.775065645798662
242,137409,19.773542305792432
243,137409,19.773542305792432
244,137410,19.774050085794514
245,137407,19.77252674578827
246,137408,19.77303452579035
247,137418,19.77811232581115
248,137427,19.78268234582987
249,137426,19.782174565827788
250,137422,19.780143445819462
251,137417,19.77760454580907
252,137414,19.776081205802825
253,137414,19.776081205802825
254,137415,19.776588985804906
255,137418,19.77811232581115
256,137426,19.782174565827788
257,137429,19.783697905834032
258,137424,19.781159005823625
259,137419,19.778620105813232
260,137416,19.777096765806988
261,137415,19.776588985804906
262,137419,19.778620105813232
263,137419,19.778620105813232
264,137415,19.776588985804906
265,137413,19.775573425800744
266,137415,19.776588985804906
267,137419,19.778620105813232
268,137426,19.782174565827788
269,137427,19.78268234582987
270,137423,19.780651225821543
271,137421,19.77963566581738
272,137422,19.780143445819462
273,137422,19.780143445819462
274,137425,19.781666785825706
275,137429,19.783697905834032
276,137429,19.783697905834032
277,137429,19.783697905834032
278,137427,19.78268234582987
279,137423,19.780651225821543
280,137422,19.780143445819462
281,137423,19.780651225821543
282,137423,19.780651225821543
283,137427,19.78268234582987
284,137429,19.783697905834032
285,137425,19.781666785825706
286,137424,19.781159005823625
287,137426,19.782174565827788
288,137423,19.780651225821543
289,137418,19.77811232581115
290,137415,19.776588985804906
291,137416,19.777096765806988
292,137419,19.778620105813232
293,137422,19.780143445819462
294,137423,19.780651225821543
295,137428,19.78319012583195
296,137433,19.785729025842343
297,137430,19.7842056858361
298,137425,19.781666785825706
299,137425,19.781666785825706
300,137424,19.781159005823625
301,137422,19.780143445819462
302,137418,19.77811232581115
303,137413,19.775573425800744
304,137412,19.775065645798662
305,137417,19.77760454580907
306,137420,19.779127885815313
307,137419,19.778620105813232
308,137421,19.77963566581738
309,137421,19.77963566581738
310,137418,19.77811232581115
311,137414,19.776081205802825
312,137410,19.774050085794514
313,137412,19.775065645798662
314,137418,19.77811232581115
315,137419,19.778620105813232
316,137418,19.77811232581115
317,137417,19.77760454580907
318,137415,19.776588985804906
319,137414,19.776081205802825
320,137418,19.77811232581115
321,137420,19.779127885815313
322,137418,19.77811232581115
323,137416,19.777096765806988
324,137413,19.775573425800744
325,137411,19.774557865796595
326,137416,19.777096765806988
327,137420,19.779127885815313
328,137417,19.77760454580907
329,137413,19.775573425800744
330,137409,19.773542305792432
331,137407,19.77252674578827
332,137408,19.77303452579035
333,137412,19.775065645798662
334,137415,19.776588985804906
335,137416,19.777096765806988
336,137419,19.778620105813232
337,137424,19.781159005823625
338,137429,19.783697905834032
339,137430,19.7842056858361
340,137426,19.782174565827788
341,137422,19.780143445819462
342,137419,19.778620105813232
343,137417,19.77760454580907
344,137415,19.776588985804906
345,137413,19.775573425800744
346,137412,19.775065645798662
347,137416,19.777096765806988
348,137423,19.780651225821543
349,137427,19.78268234582987
350,137427,19.78268234582987
351,137427,19.78268234582987
352,137426,19.782174565827788
353,137421,19.77963566581738
354,137417,19.77760454580907
355,137416,19.777096765806988
356,137418,19.77811232581115
357,137417,19.77760454580907
358,137419,19.778620105813232
359,137424,19.781159005823625
360,137425,19.781666785825706
361,137420,19.779127885815313
362,137417,19.77760454580907
363,137419,19.778620105813232
364,137416,19.777096765806988
365,137409,19.773542305792432
366,137408,19.77303452579035
367,137415,19.776588985804906
368,137420,19.779127885815313
369,137420,19.779127885815313
370,137419,19.778620105813232
371,137421,19.77963566581738
372,137425,19.781666785825706
373,137425,19.781666785825706
374,137421,19.77963566581738
375,137418,19.77811232581115
376,137420,19.779127885815313
377,137424,19.781159005823625
378,137429,19.783697905834032
379,137428,19.78319012583195
380,137424,19.781159005823625
381,137417,19.77760454580907
382,137410,19.774050085794514
383,137408,19.77303452579035
384,137414,19.776081205802825
385,137423,19.780651225821543
386,137427,19.78268234582987
387,137427,19.78268234582987
388,137427,19.78268234582987
389,137429,19.783697905834032
390,137430,19.7842056858361
391,137429,19.783697905834032
392,137427,19.78268234582987
393,137424,19.781159005823625
394,137422,19.780143445819462
395,137425,19.781666785825706
396,137432,19.785221245840262
397,137437,19.78776014585067
398,137434,19.786236805844425
399,137427,19.78268234582987
400,137422,19.780143445819462
401,137423,19.780651225821543
402,137427,19.78268234582987
403,137429,19.783697905834032
404,137426,19.782174565827788
405,137419,19.778620105813232
406,137416,19.777096765806988
407,137418,19.77811232581115
408,137419,19.778620105813232
409,137415,19.776588985804906
410,137411,19.774557865796595
411,137412,19.775065645798662
412,137418,19.77811232581115
413,137425,19.781666785825706
414,137427,19.78268234582987
415,137420,19.779127885815313
416,137412,19.775065645798662
417,137410,19.774050085794514
418,137413,19.775573425800744
419,137415,19.776588985804906
420,137417,19.77760454580907
421,137417,19.77760454580907
422,137417,19.77760454580907
423,137417,19.77760454580907
424,137420,19.779127885815313
425,137423,19.780651225821543
426,137421,19.77963566581738
427,137415,19.776588985804906
428,137410,19.774050085794514
429,137413,19.775573425800744
430,137420,19.779127885815313
431,137423,19.780651225821543
432,137420,19.779127885815313
433,137416,19.777096765806988
434,137416,19.777096765806988
435,137419,19.778620105813232
436,137420,19.779127885815313
437,137418,19.77811232581115
438,137418,19.77811232581115
439,137422,19.780143445819462
440,137428,19.78319012583195
441,137432,19.785221245840262
442,137431,19.78471346583818
443,137426,19.782174565827788
444,137421,19.77963566581738
445,137419,19.778620105813232
446,137419,19.778620105813232
447,137417,19.77760454580907
448,137413,19.775573425800744
449,137411,19.774557865796595
450,137415,19.776588985804906
451,137421,19.77963566581738
452,137428,19.78319012583195
453,137429,19.783697905834032
454,137426,19.782174565827788
455,137425,19.781666785825706
456,137428,19.78319012583195
457,137428,19.78319012583195
458,137423,19.780651225821543
459,137418,19.77811232581115
460,137418,19.77811232581115
461,137420,19.779127885815313
462,137419,19.778620105813232
463,137418,19.77811232581115
464,137420,19.779127885815313
465,137425,19.781666785825706
466,137428,19.78319012583195
467,137429,19.783697905834032
468,137428,19.78319012583195
469,137422,19.780143445819462
470,137411,19.774557865796595
471,137405,19.771511185784107
472,137407,19.77252674578827
473,137414,19.776081205802825
474,137420,19.779127885815313
475,137423,19.780651225821543
476,137423,19.780651225821543
477,137422,19.780143445819462
478,137422,19.780143445819462
479,137425,19.781666785825706
480,137427,19.78268234582987
481,137428,19.78319012583195
482,137424,19.781159005823625
483,137418,19.77811232581115
484,137419,19.778620105813232
485,137427,19.78268234582987
486,137433,19.785729025842343
487,137435,19.786744585846506
488,137430,19.7842056858361
489,137420,19.779127885815313
490,137408,19.77303452579035
491,137405,19.771511185784107
492,137412,19.775065645798662
493,137420,19.779127885815313
494,137422,19.780143445819462
495,137419,19.778620105813232
496,137418,19.77811232581115
497,137421,19.77963566581738
498,137424,19.781159005823625
499,137419,19.778620105813232
500,137410,19.774050085794514
501,137410,19.774050085794514
502,137423,19.780651225821543
503,137432,19.785221245840262
504,137427,19.78268234582987
505,137421,19.77963566581738
506,137421,19.77963566581738
507,137426,19.782174565827788
508,137432,19.785221245840262
509,137434,19.786236805844425
510,137428,19.78319012583195
511,137419,19.778620105813232
512,137416,19.777096765806988
513,137418,19.77811232581115
514,137421,19.77963566581738
515,137417,19.77760454580907
516,137410,19.774050085794514
517,137409,19.773542305792432
518,137414,19.776081205802825
519,137419,19.778620105813232
520,137423,19.780651225821543
521,137426,19.782174565827788
522,137426,19.782174565827788
523,137424,19.781159005823625
524,137424,19.781159005823625
525,137427,19.78268234582987
526,137429,19.783697905834032
527,137427,19.78268234582987
528,137420,19.779127885815313
529,137413,19.775573425800744
530,137412,19.775065645798662
531,137417,19.77760454580907
532,137421,19.77963566581738
533,137423,19.780651225821543
534,137422,19.780143445819462
535,137422,19.780143445819462
536,137422,19.780143445819462
537,137423,19.780651225821543
538,137425,19.781666785825706
539,137423,19.780651225821543
540,137416,19.777096765806988
541,137411,19.774557865796595
542,137412,19.775065645798662
543,137416,19.777096765806988
544,137416,19.777096765806988
545,137411,19.774557865796595
546,137409,19.773542305792432
547,137412,19.775065645798662
548,137419,19.778620105813232
549,137425,19.781666785825706
550,137424,19.781159005823625
551,137421,19.77963566581738
552,137418,19.77811232581115
553,137417,19.77760454580907
554,137418,19.77811232581115
555,137419,19.778620105813232
556,137420,19.779127885815313
557,137421,19.77963566581738
558,137420,19.779127885815313
559,137419,19.778620105813232
560,137418,19.77811232581115
561,137419,19.778620105813232
562,137421,19.77963566581738
563,137421,19.77963566581738
564,137419,19.778620105813232
565,137420,19.779127885815313
566,137424,19.781159005823625
567,137424,19.781159005823625
568,137419,19.778620105813232
569,137417,19.77760454580907
570,137417,19.77760454580907
571,137415,19.776588985804906
572,137413,19.775573425800744
573,137414,19.776081205802825
574,137418,19.77811232581115
575,137422,19.780143445819462
576,137423,19.780651225821543
577,137421,19.77963566581738
578,137422,19.780143445819462
579,137424,19.781159005823625
580,137425,19.781666785825706
581,137423,19.780651225821543
582,137418,19.77811232581115
583,137412,19.775065645798662
584,137410,19.774050085794514
585,137413,19.775573425800744
586,137418,19.77811232581115
587,137425,19.781666785825706
588,137429,19.783697905834032
589,137430,19.7842056858361
590,137428,19.78319012583195
591,137423,19.780651225821543
592,137418,19.77811232581115
593,137416,19.777096765806988
594,137416,19.777096765806988
595,137418,19.77811232581115
596,137421,19.77963566581738
597,137422,19.780143445819462
598,137421,19.77963566581738
599,137420,19.779127885815313
600,137419,19.778620105813232
601,137419,19.778620105813232
602,137418,19.77811232581115
603,137414,19.776081205802825
604,137410,19.774050085794514
605,137409,19.773542305792432
606,137413,19.775573425800744
607,137417,19.77760454580907
608,137420,19.779127885815313
609,137423,19.780651225821543
610,137424,19.781159005823625
611,137420,19.779127885815313
612,137413,19.775573425800744
613,137405,19.771511185784107
614,137402,19.769987845777862
615,137404,19.771003405782025
616,137408,19.77303452579035
617,137413,19.775573425800744
618,137417,19.77760454580907
619,137421,19.77963566581738
620,137423,19.780651225821543
621,137423,19.780651225821543
622,137421,19.77963566581738
623,137417,19.77760454580907
624,137413,19.775573425800744
625,137414,19.776081205802825
626,137420,19.779127885815313
627,137426,19.782174565827788
628,137426,19.782174565827788
629,137421,19.77963566581738
630,137419,19.778620105813232
631,137420,19.779127885815313
632,137420,19.779127885815313
633,137420,19.779127885815313
634,137420,19.779127885815313
635,137422,19.780143445819462
636,137425,19.781666785825706
637,137426,19.782174565827788
638,137423,19.780651225821543
639,137421,19.77963566581738
640,137422,19.780143445819462
641,137425,19.781666785825706
642,137427,19.78268234582987
643,137426,19.782174565827788
644,137426,19.782174565827788
645,137427,19.78268234582987
646,137427,19.78268234582987
647,137423,19.780651225821543
648,137420,19.779127885815313
649,137421,19.77963566581738
650,137427,19.78268234582987
651,137432,19.785221245840262
652,137429,19.783697905834032
653,137422,19.780143445819462
654,137415,19.776588985804906
655,137411,19.774557865796595
656,137412,19.775065645798662
657,137417,19.77760454580907
658,137421,19.77963566581738
659,137423,19.780651225821543
660,137427,19.78268234582987
661,137430,19.7842056858361
662,137425,19.781666785825706
663,137415,19.776588985804906
664,137412,19.775065645798662
665,137417,19.77760454580907
666,137423,19.780651225821543
667,137425,19.781666785825706
668,137424,19.781159005823625
669,137425,19.781666785825706
670,137428,19.78319012583195
671,137426,19.782174565827788
672,137421,19.77963566581738
673,137420,19.779127885815313
674,137427,19.78268234582987
675,137434,19.786236805844425
676,137437,19.78776014585067
677,137433,19.785729025842343
678,137426,19.782174565827788
679,137421,19.77963566581738
680,137423,19.780651225821543
681,137427,19.78268234582987
682,137426,19.782174565827788
683,137418,19.77811232581115
684,137413,19.775573425800744
685,137416,19.777096765806988
686,137421,19.77963566581738
687,137422,19.780143445819462
688,137421,19.77963566581738
689,137426,19.782174565827788
690,137432,19.785221245840262
691,137435,19.786744585846506
692,137431,19.78471346583818
693,137422,19.780143445819462
694,137411,19.774557865796595
695,137404,19.771003405782025
696,137404,19.771003405782025
697,137408,19.77303452579035
698,137413,19.775573425800744
699,137418,19.77811232581115
700,137426,19.782174565827788
701,137433,19.785729025842343
702,137436,19.787252365848587
703,137435,19.786744585846506
704,137430,19.7842056858361
705,137422,19.780143445819462
706,137417,19.77760454580907
707,137414,19.776081205802825
708,137410,19.774050085794514
709,137411,19.774557865796595
710,137416,19.777096765806988
711,137423,19.780651225821543
712,137425,19.781666785825706
713,137425,19.781666785825706
714,137427,19.78268234582987
715,137432,19.785221245840262
716,137432,19.785221245840262
717,137424,19.781159005823625
718,137416,19.777096765806988
719,137414,19.776081205802825
720,137417,19.77760454580907
721,137421,19.77963566581738
722,137423,19.780651225821543
723,137421,19.77963566581738
724,137416,19.777096765806988
725,137414,19.776081205802825
726,137414,19.776081205802825
727,137414,19.776081205802825
728,137416,19.777096765806988
729,137418,19.77811232581115
730,137418,19.77811232581115
731,137414,19.776081205802825
732,137414,19.776081205802825
733,137424,19.781159005823625
734,137436,19.787252365848587
735,137437,19.78776014585067
736,137426,19.782174565827788
737,137411,19.774557865796595
738,137405,19.771511185784107
739,137409,19.773542305792432
740,137416,19.777096765806988
741,137419,19.778620105813232
742,137419,19.778620105813232
743,137420,19.779127885815313
744,137420,19.779127885815313
745,137419,19.778620105813232
746,137422,19.780143445819462
747,137428,19.78319012583195
748,137429,19.783697905834032
749,137425,19.781666785825706
750,137423,19.780651225821543
751,137427,19.78268234582987
752,137433,19.785729025842343
753,137434,19.786236805844425
754,137428,19.78319012583195
755,137423,19.780651225821543
756,137426,19.782174565827788
757,137431,19.78471346583818
758,137430,19.7842056858361
759,137423,19.780651225821543
760,137417,19.77760454580907
761,137416,19.777096765806988
762,137418,19.77811232581115
763,137420,19.779127885815313
764,137423,19.780651225821543
765,137426,19.782174565827788
766,137426,19.782174565827788
767,137425,19.781666785825706
768,137425,19.781666785825706
769,137427,19.78268234582987
770,137427,19.78268234582987
771,137427,19.78268234582987
772,137426,19.782174565827788
773,137425,19.781666785825706
774,137426,19.782174565827788
775,137428,19.78319012583195
776,137429,19.783697905834032
777,137426,19.782174565827788
778,137419,19.778620105813232
779,137410,19.774050085794514
780,137403,19.770495625779944
781,137406,19.772018965786188
782,137416,19.777096765806988
783,137424,19.781159005823625
784,137427,19.78268234582987
785,137426,19.782174565827788
786,137423,19.780651225821543
787,137422,19.780143445819462
788,137421,19.77963566581738
789,137419,19.778620105813232
790,137417,19.77760454580907
791,137415,19.776588985804906
792,137413,19.775573425800744
793,137415,19.776588985804906
794,137417,19.77760454580907
795,137419,19.778620105813232
796,137421,19.77963566581738
797,137421,19.77963566581738
798,137421,19.77963566581738
799,137423,19.780651225821543
800,137423,19.780651225821543
801,137418,19.77811232581115
802,137415,19.776588985804906
803,137420,19.779127885815313
804,137426,19.782174565827788
805,137426,19.782174565827788
806,137420,19.779127885815313
807,137417,19.77760454580907
808,137421,19.77963566581738
809,137427,19.78268234582987
810,137430,19.7842056858361
811,137430,19.7842056858361
812,137427,19.78268234582987
813,137426,19.782174565827788
814,137425,19.781666785825706
815,137425,19.781666785825706
816,137424,19.781159005823625
817,137424,19.781159005823625
818,137424,19.781159005823625
819,137419,19.778620105813232
820,137413,19.775573425800744
821,137409,19.773542305792432
822,137410,19.774050085794514
823,137413,19.775573425800744
824,137418,19.77811232581115
825,137421,19.77963566581738
826,137420,19.779127885815313
827,137418,19.77811232581115
828,137417,19.77760454580907
829,137417,19.77760454580907
830,137417,19.77760454580907
831,137413,19.775573425800744
832,137407,19.77252674578827
833,137407,19.77252674578827
834,137415,19.776588985804906
835,137425,19.781666785825706
836,137429,19.783697905834032
837,137424,19.781159005823625
838,137419,19.778620105813232
839,137420,19.779127885815313
840,137421,19.77963566581738
841,137420,19.779127885815313
842,137420,19.779127885815313
843,137422,19.780143445819462
844,137422,19.780143445819462
845,137423,19.780651225821543
846,137424,19.781159005823625
847,137425,19.781666785825706
848,137425,19.781666785825706
849,137425,19.781666785825706
850,137425,19.781666785825706
851,137424,19.781159005823625
852,137423,19.780651225821543
853,137420,19.779127885815313
854,137419,19.778620105813232
855,137421,19.77963566581738
856,137425,19.781666785825706
857,137425,19.781666785825706
858,137416,19.777096765806988
859,137407,19.77252674578827
860,137411,19.774557865796595
861,137424,19.781159005823625
862,137427,19.78268234582987
863,137419,19.778620105813232
864,137412,19.775065645798662
865,137416,19.777096765806988
866,137421,19.77963566581738
867,137420,19.779127885815313
868,137418,19.77811232581115
869,137419,19.778620105813232
870,137421,19.77963566581738
871,137417,19.77760454580907
872,137409,19.773542305792432
873,137404,19.771003405782025
874,137409,19.773542305792432
875,137418,19.77811232581115
876,137420,19.779127885815313
877,137413,19.775573425800744
878,137407,19.77252674578827
879,137408,19.77303452579035
880,137416,19.777096765806988
881,137423,19.780651225821543
882,137424,19.781159005823625
883,137420,19.779127885815313
884,137417,19.77760454580907
885,137419,19.778620105813232
886,137424,19.781159005823625
887,137427,19.78268234582987
888,137427,19.78268234582987
889,137424,19.781159005823625
890,137418,19.77811232581115
891,137414,19.776081205802825
892,137412,19.775065645798662
893,137411,19.774557865796595
894,137412,19.775065645798662
895,137418,19.77811232581115
896,137424,19.781159005823625
897,137426,19.782174565827788
898,137421,19.77963566581738
899,137416,19.777096765806988
900,137416,19.777096765806988
901,137415,19.776588985804906
902,137410,19.774050085794514
903,137403,19.770495625779944
904,137401,19.769480065775795
905,137407,19.77252674578827
906,137413,19.775573425800744
907,137412,19.775065645798662
908,137409,19.773542305792432
909,137410,19.774050085794514
910,137416,19.777096765806988
911,137421,19.77963566581738
912,137426,19.782174565827788
913,137427,19.78268234582987
914,137425,19.781666785825706
915,137423,19.780651225821543
916,137421,19.77963566581738
917,137422,19.780143445819462
918,137424,19.781159005823625
919,137422,19.780143445819462
920,137415,19.776588985804906
921,137416,19.777096765806988
922,137423,19.780651225821543
923,137429,19.783697905834032
924,137431,19.78471346583818
925,137428,19.78319012583195
926,137423,19.780651225821543
927,137416,19.777096765806988
928,137412,19.775065645798662
929,137411,19.774557865796595
930,137412,19.775065645798662
931,137413,19.775573425800744
932,137415,19.776588985804906
933,137418,19.77811232581115
934,137420,19.779127885815313
935,137423,19.780651225821543
936,137428,19.78319012583195
937,137430,19.7842056858361
938,137423,19.780651225821543
939,137418,19.77811232581115
940,137422,19.780143445819462
941,137431,19.78471346583818
942,137436,19.787252365848587
943,137435,19.786744585846506
944,137430,19.7842056858361
945,137427,19.78268234582987
946,137422,19.780143445819462
947,137414,19.776081205802825
948,137412,19.775065645798662
949,137419,19.778620105813232
950,137425,19.781666785825706
951,137423,19.780651225821543
952,137417,19.77760454580907
953,137412,19.775065645798662
954,137409,19.773542305792432
955,137408,19.77303452579035
956,137409,19.773542305792432
957,137407,19.77252674578827
958,137404,19.771003405782025
959,137408,19.77303452579035
960,137420,19.779127885815313
961,137430,19.7842056858361
962,137433,19.785729025842343
963,137429,19.783697905834032
964,137425,19.781666785825706
965,137424,19.781159005823625
966,137423,19.780651225821543
967,137422,19.780143445819462
968,137420,19.779127885815313
969,137418,19.77811232581115
970,137415,19.776588985804906
971,137416,19.777096765806988
972,137423,19.780651225821543
973,137430,19.7842056858361
974,137430,19.7842056858361
975,137427,19.78268234582987
976,137428,19.78319012583195
977,137430,19.7842056858361
978,137430,19.7842056858361
979,137423,19.780651225821543
980,137414,19.776081205802825
981,137414,19.776081205802825
982,137427,19.78268234582987
983,137438,19.78826792585275
984,137436,19.787252365848587
985,137425,19.781666785825706
986,137416,19.777096765806988
987,137410,19.774050085794514
988,137407,19.77252674578827
989,137405,19.771511185784107
990,137409,19.773542305792432
991,137419,19.778620105813232
992,137427,19.78268234582987
993,137425,19.781666785825706
994,137419,19.778620105813232
995,137419,19.778620105813232
996,137422,19.780143445819462
997,137424,19.781159005823625
998,137425,19.781666785825706
999,137425,19.781666785825706
1000,137423,19.780651225821543
1001,137419,19.778620105813232
1002,137418,19.77811232581115
1003,137419,19.778620105813232
1004,137420,19.779127885815313
1005,137420,19.779127885815313
1006,137423,19.780651225821543
1007,137425,19.781666785825706
1008,137422,19.780143445819462
1009,137414,19.776081205802825
1010,137408,19.77303452579035
1011,137407,19.77252674578827
1012,137410,19.774050085794514
1013,137415,19.776588985804906
1014,137419,19.778620105813232
1015,137422,19.780143445819462
1016,137423,19.780651225821543
1017,137423,19.780651225821543
1018,137424,19.781159005823625
1019,137422,19.780143445819462
1020,137420,19.779127885815313
1021,137419,19.778620105813232
1022,137417,19.77760454580907
1023,137416,19.777096765806988
1024,137418,19.77811232581115
1025,137421,19.77963566581738
1026,137420,19.779127885815313
1027,137414,19.776081205802825
1028,137406,19.772018965786188
1029,137403,19.770495625779944
1030,137409,19.773542305792432
1031,137417,19.77760454580907
1032,137420,19.779127885815313
1033,137420,19.779127885815313
1034,137419,19.778620105813232
1035,137427,19.78268234582987
1036,137440,19.7892834858569
1037,137442,19.79029904586106
1038,137430,19.7842056858361
1039,137419,19.778620105813232
1040,137417,19.77760454580907
1041,137418,19.77811232581115
1042,137417,19.77760454580907
1043,137418,19.77811232581115
1044,137423,19.780651225821543
1045,137424,19.781159005823625
1046,137420,19.779127885815313
1047,137415,19.776588985804906
1048,137414,19.776081205802825
1049,137415,19.776588985804906
1050,137414,19.776081205802825
1051,137413,19.775573425800744
1052,137414,19.776081205802825
1053,137419,19.778620105813232
1054,137422,19.780143445819462
1055,137423,19.780651225821543
1056,137421,19.77963566581738
1057,137419,19.778620105813232
1058,137418,19.77811232581115
1059,137422,19.780143445819462
1060,137427,19.78268234582987
1061,137429,19.783697905834032
1062,137426,19.782174565827788
1063,137422,19.780143445819462
1064,137419,19.778620105813232
1065,137419,19.778620105813232
1066,137420,19.779127885815313
1067,137421,19.77963566581738
1068,137421,19.77963566581738
1069,137417,19.77760454580907
1070,137410,19.774050085794514
1071,137407,19.77252674578827
1072,137416,19.777096765806988
1073,137426,19.782174565827788
1074,137428,19.78319012583195
1075,137427,19.78268234582987
1076,137426,19.782174565827788
1077,137423,19.780651225821543
1078,137421,19.77963566581738
1079,137419,19.778620105813232
1080,137418,19.77811232581115
1081,137421,19.77963566581738
1082,137427,19.78268234582987
1083,137428,19.78319012583195
1084,137426,19.782174565827788
1085,137426,19.782174565827788
1086,137428,19.78319012583195
1087,137429,19.783697905834032
1088,137423,19.780651225821543
1089,137414,19.776081205802825
1090,137412,19.775065645798662
1091,137417,19.77760454580907
1092,137425,19.781666785825706
1093,137431,19.78471346583818
1094,137432,19.785221245840262
1095,137429,19.783697905834032
1096,137424,19.781159005823625
1097,137423,19.780651225821543
1098,137424,19.781159005823625
1099,137426,19.782174565827788
1100,137427,19.78268234582987
1101,137427,19.78268234582987
1102,137425,19.781666785825706
1103,137423,19.780651225821543
1104,137422,19.780143445819462
1105,137425,19.781666785825706
1106,137428,19.78319012583195
1107,137428,19.78319012583195
1108,137426,19.782174565827788
1109,137424,19.781159005823625
1110,137418,19.77811232581115
1111,137411,19.774557865796595
1112,137407,19.77252674578827
1113,137409,19.773542305792432
1114,137413,19.775573425800744
1115,137416,19.777096765806988
1116,137420,19.779127885815313
1117,137426,19.782174565827788
1118,137429,19.783697905834032
1119,137426,19.782174565827788
1120,137417,19.77760454580907
1121,137411,19.774557865796595
1122,137412,19.775065645798662
1123,137417,19.77760454580907
1124,137419,19.778620105813232
1125,137417,19.77760454580907
1126,137417,19.77760454580907
1127,137421,19.77963566581738
1128,137425,19.781666785825706
1129,137425,19.781666785825706
1130,137421,19.77963566581738
1131,137417,19.77760454580907
1132,137415,19.776588985804906
1133,137415,19.776588985804906
1134,137416,19.777096765806988
1135,137418,19.77811232581115
1136,137420,19.779127885815313
1137,137421,19.77963566581738
1138,137422,19.780143445819462
1139,137422,19.780143445819462
1140,137421,19.77963566581738
1141,137420,19.779127885815313
1142,137422,19.780143445819462
1143,137426,19.782174565827788
1144,137427,19.78268234582987
1145,137426,19.782174565827788
1146,137427,19.78268234582987
1147,137429,19.783697905834032
1148,137428,19.78319012583195
1149,137418,19.77811232581115
1150,137408,19.77303452579035
1151,137412,19.775065645798662
1152,137420,19.779127885815313
1153,137419,19.778620105813232
1154,137412,19.775065645798662
1155,137410,19.774050085794514
1156,137414,19.776081205802825
1157,137415,19.776588985804906
1158,137414,19.776081205802825
1159,137417,19.77760454580907
1160,137425,19.781666785825706
1161,137427,19.78268234582987
1162,137422,19.780143445819462
1163,137416,19.777096765806988
1164,137414,19.776081205802825
1165,137415,19.776588985804906
1166,137419,19.778620105813232
1167,137424,19.781159005823625
1168,137426,19.782174565827788
1169,137428,19.78319012583195
1170,137430,19.7842056858361
1171,137429,19.783697905834032
1172,137424,19.781159005823625
1173,137415,19.776588985804906
1174,137411,19.774557865796595
1175,137416,19.777096765806988
1176,137421,19.77963566581738
1177,137421,19.77963566581738
1178,137419,19.778620105813232
1179,137419,19.778620105813232
1180,137422,19.780143445819462
1181,137424,19.781159005823625
1182,137426,19.782174565827788
1183,137426,19.782174565827788
1184,137425,19.781666785825706
1185,137426,19.782174565827788
1186,137429,19.783697905834032
1187,137431,19.78471346583818
1188,137431,19.78471346583818
1189,137429,19.783697905834032
1190,137428,19.78319012583195
1191,137426,19.782174565827788
1192,137423,19.780651225821543
1193,137420,19.779127885815313
1194,137420,19.779127885815313
1195,137422,19.780143445819462
1196,137421,19.77963566581738
1197,137419,19.778620105813232
1198,137420,19.779127885815313
1199,137421,19.77963566581738
1200,137420,19.779127885815313
1201,137416,19.777096765806988
1202,137411,19.774557865796595
1203,137412,19.775065645798662
1204,137415,19.776588985804906
1205,137417,19.77760454580907
1206,137418,19.77811232581115
1207,137420,19.779127885815313
1208,137421,19.77963566581738
1209,137420,19.779127885815313
1210,137416,19.777096765806988
1211,137412,19.775065645798662
1212,137412,19.775065645798662
1213,137413,19.775573425800744
1214,137415,19.776588985804906
1215,137418,19.77811232581115
1216,137422,19.780143445819462
1217,137419,19.778620105813232
1218,137415,19.776588985804906
1219,137418,19.77811232581115
1220,137425,19.781666785825706
1221,137429,19.783697905834032
1222,137430,19.7842056858361
1223,137430,19.7842056858361
1224,137429,19.783697905834032
1225,137425,19.781666785825706
1226,137422,19.780143445819462
1227,137420,19.779127885815313
1228,137421,19.77963566581738
1229,137424,19.781159005823625
1230,137430,19.7842056858361
1231,137433,19.785729025842343
1232,137431,19.78471346583818
1233,137427,19.78268234582987
1234,137427,19.78268234582987
1235,137429,19.783697905834032
1236,137425,19.781666785825706
1237,137418,19.77811232581115
1238,137414,19.776081205802825
1239,137416,19.777096765806988
1240,137424,19.781159005823625
1241,137428,19.78319012583195
1242,137427,19.78268234582987
1243,137425,19.781666785825706
1244,137421,19.77963566581738
1245,137416,19.777096765806988
1246,137412,19.775065645798662
1247,137416,19.777096765806988
1248,137424,19.781159005823625
1249,137426,19.782174565827788
1250,137423,19.780651225821543
1251,137422,19.780143445819462
1252,137426,19.782174565827788
1253,137430,19.7842056858361
1254,137428,19.78319012583195
1255,137418,19.77811232581115
1256,137411,19.774557865796595
1257,137408,19.77303452579035
1258,137407,19.77252674578827
1259,137408,19.77303452579035
1260,137414,19.776081205802825
1261,137419,19.778620105813232
1262,137420,19.779127885815313
1263,137421,19.77963566581738
1264,137423,19.780651225821543
1265,137420,19.779127885815313
1266,137415,19.776588985804906
1267,137415,19.776588985804906
1268,137419,19.778620105813232
1269,137423,19.780651225821543
1270,137425,19.781666785825706
1271,137424,19.781159005823625
1272,137417,19.77760454580907
1273,137411,19.774557865796595
1274,137411,19.774557865796595
1275,137415,19.776588985804906
1276,137415,19.776588985804906
1277,137414,19.776081205802825
1278,137417,19.77760454580907
1279,137422,19.780143445819462
1280,137425,19.781666785825706
1281,137423,19.780651225821543
1282,137417,19.77760454580907
1283,137413,19.775573425800744
1284,137416,19.777096765806988
1285,137421,19.77963566581738
1286,137421,19.77963566581738
1287,137418,19.77811232581115
1288,137415,19.776588985804906
1289,137418,19.77811232581115
1290,137423,19.780651225821543
1291,137427,19.78268234582987
1292,137425,19.781666785825706
1293,137421,19.77963566581738
1294,137421,19.77963566581738
1295,137423,19.780651225821543
1296,137424,19.781159005823625
1297,137424,19.781159005823625
1298,137426,19.782174565827788
1299,137427,19.78268234582987
1300,137426,19.782174565827788
1301,137425,19.781666785825706
1302,137429,19.783697905834032
1303,137433,19.785729025842343
1304,137434,19.786236805844425
1305,137432,19.785221245840262
1306,137429,19.783697905834032
1307,137428,19.78319012583195
1308,137424,19.781159005823625
1309,137418,19.77811232581115
1310,137416,19.777096765806988
1311,137424,19.781159005823625
1312,137433,19.785729025842343
1313,137435,19.786744585846506
1314,137431,19.78471346583818
1315,137426,19.782174565827788
1316,137424,19.781159005823625
1317,137424,19.781159005823625
1318,137422,19.780143445819462
1319,137417,19.77760454580907
1320,137410,19.774050085794514
1321,137410,19.774050085794514
1322,137414,19.776081205802825
1323,137417,19.77760454580907
1324,137421,19.77963566581738
1325,137427,19.78268234582987
1326,137429,19.783697905834032
1327,137423,19.780651225821543
1328,137415,19.776588985804906
1329,137412,19.775065645798662
1330,137411,19.774557865796595
1331,137414,19.776081205802825
1332,137420,19.779127885815313
1333,137425,19.781666785825706
1334,137424,19.781159005823625
1335,137422,19.780143445819462
1336,137423,19.780651225821543
1337,137425,19.781666785825706
1338,137424,19.781159005823625
1339,137419,19.778620105813232
1340,137416,19.777096765806988
1341,137418,19.77811232581115
1342,137419,19.778620105813232
1343,137415,19.776588985804906
1344,137413,19.775573425800744
1345,137416,19.777096765806988
1346,137417,19.77760454580907
1347,137417,19.77760454580907
1348,137421,19.77963566581738
1349,137427,19.78268234582987
1350,137432,19.785221245840262
1351,137435,19.786744585846506
1352,137436,19.787252365848587
1353,137432,19.785221245840262
1354,137426,19.782174565827788
1355,137420,19.779127885815313
1356,137418,19.77811232581115
1357,137417,19.77760454580907
1358,137415,19.776588985804906
1359,137415,19.776588985804906
1360,137419,19.778620105813232
1361,137422,19.780143445819462
1362,137422,19.780143445819462
1363,137421,19.77963566581738
1364,137420,19.779127885815313
1365,137419,19.778620105813232
1366,137421,19.77963566581738
1367,137423,19.780651225821543
1368,137420,19.779127885815313
1369,137417,19.77760454580907
1370,137415,19.776588985804906
1371,137418,19.77811232581115
1372,137423,19.780651225821543
1373,137426,19.782174565827788
1374,137429,19.783697905834032
1375,137433,19.785729025842343
1376,137437,19.78776014585067
1377,137434,19.786236805844425
1378,137426,19.782174565827788
1379,137419,19.778620105813232
1380,137416,19.777096765806988
1381,137414,19.776081205802825
1382,137410,19.774050085794514
1383,137410,19.774050085794514
1384,137417,19.77760454580907
1385,137423,19.780651225821543
1386,137421,19.77963566581738
1387,137413,19.775573425800744
1388,137409,19.773542305792432
1389,137410,19.774050085794514
1390,137417,19.77760454580907
1391,137422,19.780143445819462
1392,137423,19.780651225821543
1393,137424,19.781159005823625
1394,137426,19.782174565827788
1395,137424,19.781159005823625
1396,137419,19.778620105813232
1397,137417,19.77760454580907
1398,137421,19.77963566581738
1399,137428,19.78319012583195
1400,137429,19.783697905834032
1401,137423,19.780651225821543
1402,137415,19.776588985804906
1403,137412,19.775065645798662
1404,137415,19.776588985804906
1405,137423,19.780651225821543
1406,137432,19.785221245840262
1407,137437,19.78776014585067
1408,137438,19.78826792585275
1409,137435,19.786744585846506
1410,137427,19.78268234582987
1411,137420,19.779127885815313
1412,137423,19.780651225821543
1413,137430,19.7842056858361
1414,137427,19.78268234582987
1415,137417,19.77760454580907
1416,137412,19.775065645798662
1417,137414,19.776081205802825
1418,137419,19.778620105813232
1419,137421,19.77963566581738
1420,137421,19.77963566581738
1421,137419,19.778620105813232
1422,137419,19.778620105813232
1423,137422,19.780143445819462
1424,137425,19.781666785825706
1425,137423,19.780651225821543
1426,137416,19.777096765806988
1427,137409,19.773542305792432
1428,137406,19.772018965786188
1429,137407,19.77252674578827
1430,137411,19.774557865796595
1431,137416,19.777096765806988
1432,137421,19.77963566581738
1433,137426,19.782174565827788
1434,137429,19.783697905834032
1435,137426,19.782174565827788
1436,137422,19.780143445819462
1437,137419,19.778620105813232
1438,137420,19.779127885815313
1439,137424,19.781159005823625
1440,137427,19.78268234582987
1441,137425,19.781666785825706
1442,137418,19.77811232581115
1443,137410,19.774050085794514
1444,137408,19.77303452579035
1445,137412,19.775065645798662
1446,137417,19.77760454580907
1447,137416,19.777096765806988
1448,137415,19.776588985804906
1449,137418,19.77811232581115
1450,137420,19.779127885815313
1451,137422,19.780143445819462
1452,137423,19.780651225821543
1453,137423,19.780651225821543
1454,137420,19.779127885815313
1455,137414,19.776081205802825
1456,137407,19.77252674578827
1457,137409,19.773542305792432
1458,137420,19.779127885815313
1459,137427,19.78268234582987
1460,137423,19.780651225821543
1461,137415,19.776588985804906
1462,137412,19.775065645798662
1463,137416,19.777096765806988
1464,137422,19.780143445819462
1465,137425,19.781666785825706
1466,137423,19.780651225821543
1467,137421,19.77963566581738
1468,137421,19.77963566581738
1469,137425,19.781666785825706
1470,137432,19.785221245840262
1471,137433,19.785729025842343
1472,137424,19.781159005823625
1473,137415,19.776588985804906
1474,137414,19.776081205802825
1475,137417,19.77760454580907
1476,137418,19.77811232581115
1477,137417,19.77760454580907
1478,137419,19.778620105813232
1479,137425,19.781666785825706
1480,137429,19.783697905834032
1481,137427,19.78268234582987
1482,137420,19.779127885815313
1483,137413,19.775573425800744
1484,137409,19.773542305792432
1485,137409,19.773542305792432
1486,137410,19.774050085794514
1487,137414,19.776081205802825
1488,137422,19.780143445819462
1489,137426,19.782174565827788
1490,137425,19.781666785825706
1491,137423,19.780651225821543
1492,137424,19.781159005823625
1493,137423,19.780651225821543
1494,137418,19.77811232581115
1495,137411,19.774557865796595
1496,137404,19.771003405782025
1497,137401,19.769480065775795
1498,137405,19.771511185784107
1499,137413,19.775573425800744
1500,137419,19.778620105813232
1501,137417,19.77760454580907
1502,137413,19.775573425800744
1503,137414,19.776081205802825
1504,137417,19.77760454580907
1505,137418,19.77811232581115
1506,137416,19.777096765806988
1507,137413,19.775573425800744
1508,137411,19.774557865796595
1509,137414,19.776081205802825
1510,137421,19.77963566581738
1511,137422,19.780143445819462
1512,137418,19.77811232581115
1513,137417,19.77760454580907
1514,137421,19.77963566581738
1515,137425,19.781666785825706
1516,137424,19.781159005823625
1517,137419,19.778620105813232
1518,137414,19.776081205802825
1519,137418,19.77811232581115
1520,137423,19.780651225821543
1521,137423,19.780651225821543
1522,137423,19.780651225821543
1523,137426,19.782174565827788
1524,137426,19.782174565827788
1525,137420,19.779127885815313
1526,137412,19.775065645798662
1527,137409,19.773542305792432
1528,137410,19.774050085794514
1529,137409,19.773542305792432
1530,137406,19.772018965786188
1531,137405,19.771511185784107
1532,137409,19.773542305792432
1533,137415,19.776588985804906
1534,137419,19.778620105813232
1535,137419,19.778620105813232
1536,137418,19.77811232581115
1537,137415,19.776588985804906
1538,137414,19.776081205802825
1539,137418,19.77811232581115
1540,137422,19.780143445819462
1541,137421,19.77963566581738
1542,137420,19.779127885815313
1543,137422,19.780143445819462
1544,137426,19.782174565827788
1545,137424,19.781159005823625
1546,137417,19.77760454580907
1547,137409,19.773542305792432
1548,137407,19.77252674578827
1549,137414,19.776081205802825
1550,137423,19.780651225821543
1551,137425,19.781666785825706
1552,137424,19.781159005823625
1553,137423,19.780651225821543
1554,137425,19.781666785825706
1555,137425,19.781666785825706
1556,137422,19.780143445819462
1557,137418,19.77811232581115
1558,137414,19.776081205802825
1559,137414,19.776081205802825
1560,137418,19.77811232581115
1561,137423,19.780651225821543
1562,137425,19.781666785825706
1563,137426,19.782174565827788
1564,137428,19.78319012583195
1565,137426,19.782174565827788
1566,137418,19.77811232581115
1567,137407,19.77252674578827
1568,137400,19.768972285773714
1569,137403,19.770495625779944
1570,137413,19.775573425800744
1571,137423,19.780651225821543
1572,137425,19.781666785825706
1573,137421,19.77963566581738
1574,137417,19.77760454580907
1575,137418,19.77811232581115
1576,137423,19.780651225821543
1577,137428,19.78319012583195
1578,137428,19.78319012583195
1579,137426,19.782174565827788
1580,137426,19.782174565827788
1581,137430,19.7842056858361
1582,137434,19.786236805844425
1583,137434,19.786236805844425
1584,137432,19.785221245840262
1585,137429,19.783697905834032
1586,137424,19.781159005823625
1587,137419,19.778620105813232
1588,137416,19.777096765806988
1589,137414,19.776081205802825
1590,137414,19.776081205802825
1591,137416,19.777096765806988
1592,137419,19.778620105813232
1593,137422,19.780143445819462
1594,137422,19.780143445819462
1595,137417,19.77760454580907
1596,137409,19.773542305792432
1597,137409,19.773542305792432
1598,137419,19.778620105813232
1599,137428,19.78319012583195
1600,137427,19.78268234582987
1601,137424,19.781159005823625
1602,137427,19.78268234582987
1603,137433,19.785729025842343
1604,137433,19.785729025842343
1605,137425,19.781666785825706
1606,137417,19.77760454580907
1607,137416,19.777096765806988
1608,137415,19.776588985804906
1609,137413,19.775573425800744
1610,137413,19.775573425800744
1611,137416,19.777096765806988
1612,137419,19.778620105813232
1613,137418,19.77811232581115
1614,137417,19.77760454580907
1615,137418,19.77811232581115
1616,137416,19.777096765806988
1617,137413,19.775573425800744
1618,137414,19.776081205802825
1619,137416,19.777096765806988
1620,137418,19.77811232581115
1621,137416,19.777096765806988
1622,137414,19.776081205802825
1623,137417,19.77760454580907
1624,137423,19.780651225821543
1625,137427,19.78268234582987
1626,137429,19.783697905834032
1627,137428,19.78319012583195
1628,137424,19.781159005823625
1629,137420,19.779127885815313
1630,137420,19.779127885815313
1631,137424,19.781159005823625
1632,137429,19.783697905834032
1633,137431,19.78471346583818
1634,137430,19.7842056858361
1635,137428,19.78319012583195
1636,137425,19.781666785825706
1637,137419,19.778620105813232
1638,137413,19.775573425800744
1639,137412,19.775065645798662
1640,137415,19.776588985804906
1641,137421,19.77963566581738
1642,137424,19.781159005823625
1643,137424,19.781159005823625
1644,137423,19.780651225821543
1645,137424,19.781159005823625
1646,137423,19.780651225821543
1647,137421,19.77963566581738
1648,137420,19.779127885815313
1649,137418,19.77811232581115
1650,137415,19.776588985804906
1651,137413,19.775573425800744
1652,137412,19.775065645798662
1653,137414,19.776081205802825
1654,137420,19.779127885815313
1655,137428,19.78319012583195
1656,137432,19.785221245840262
1657,137433,19.785729025842343
1658,137431,19.78471346583818
1659,137427,19.78268234582987
1660,137420,19.779127885815313
1661,137416,19.777096765806988
1662,137417,19.77760454580907
1663,137419,19.778620105813232
1664,137418,19.77811232581115
1665,137415,19.776588985804906
1666,137416,19.777096765806988
1667,137418,19.77811232581115
1668,137421,19.77963566581738
1669,137422,19.780143445819462
1670,137422,19.780143445819462
1671,137423,19.780651225821543
1672,137425,19.781666785825706
1673,137423,19.780651225821543
1674,137421,19.77963566581738
1675,137420,19.779127885815313
1676,137418,19.77811232581115
1677,137412,19.775065645798662
1678,137406,19.772018965786188
1679,137407,19.77252674578827
1680,137415,19.776588985804906
1681,137423,19.780651225821543
1682,137425,19.781666785825706
1683,137422,19.780143445819462
1684,137422,19.780143445819462
1685,137429,19.783697905834032
1686,137438,19.78826792585275
1687,137439,19.788775705854817
1688,137433,19.785729025842343
1689,137428,19.78319012583195
1690,137426,19.782174565827788
1691,137424,19.781159005823625
1692,137420,19.779127885815313
1693,137419,19.778620105813232
1694,137420,19.779127885815313
1695,137423,19.780651225821543
1696,137425,19.781666785825706
1697,137424,19.781159005823625
1698,137419,19.778620105813232
1699,137417,19.77760454580907
1700,137419,19.778620105813232
1701,137420,19.779127885815313
1702,137417,19.77760454580907
1703,137413,19.775573425800744
1704,137411,19.774557865796595
1705,137411,19.774557865796595
1706,137411,19.774557865796595
1707,137411,19.774557865796595
1708,137413,19.775573425800744
1709,137416,19.777096765806988
1710,137418,19.77811232581115
1711,137417,19.77760454580907
1712,137416,19.777096765806988
1713,137411,19.774557865796595
1714,137409,19.773542305792432
1715,137413,19.775573425800744
1716,137420,19.779127885815313
1717,137422,19.780143445819462
1718,137419,19.778620105813232
1719,137415,19.776588985804906
1720,137416,19.777096765806988
1721,137421,19.77963566581738
1722,137426,19.782174565827788
1723,137426,19.782174565827788
1724,137421,19.77963566581738
1725,137418,19.77811232581115
1726,137419,19.778620105813232
1727,137421,19.77963566581738
1728,137419,19.778620105813232
1729,137417,19.77760454580907
1730,137415,19.776588985804906
1731,137412,19.775065645798662
1732,137409,19.773542305792432
1733,137409,19.773542305792432
1734,137412,19.775065645798662
1735,137413,19.775573425800744
1736,137413,19.775573425800744
1737,137413,19.775573425800744
1738,137417,19.77760454580907
1739,137425,19.781666785825706
1740,137427,19.78268234582987
1741,137420,19.779127885815313
1742,137412,19.775065645798662
1743,137411,19.774557865796595
1744,137414,19.776081205802825
1745,137416,19.777096765806988
1746,137416,19.777096765806988
1747,137416,19.777096765806988
1748,137415,19.776588985804906
1749,137414,19.776081205802825
1750,137412,19.775065645798662
1751,137414,19.776081205802825
1752,137418,19.77811232581115
1753,137422,19.780143445819462
1754,137424,19.781159005823625
1755,137428,19.78319012583195
1756,137429,19.783697905834032
1757,137425,19.781666785825706
1758,137420,19.779127885815313
1759,137420,19.779127885815313
1760,137425,19.781666785825706
1761,137427,19.78268234582987
1762,137425,19.781666785825706
1763,137422,19.780143445819462
1764,137422,19.780143445819462
1765,137420,19.779127885815313
1766,137418,19.77811232581115
1767,137418,19.77811232581115
1768,137420,19.779127885815313
1769,137422,19.780143445819462
1770,137422,19.780143445819462
1771,137423,19.780651225821543
1772,137422,19.780143445819462
1773,137417,19.77760454580907
1774,137410,19.774050085794514
1775,137403,19.770495625779944
1776,137402,19.769987845777862
1777,137406,19.772018965786188
1778,137412,19.775065645798662
1779,137415,19.776588985804906
1780,137416,19.777096765806988
1781,137418,19.77811232581115
1782,137423,19.780651225821543
1783,137428,19.78319012583195
1784,137427,19.78268234582987
1785,137420,19.779127885815313
1786,137411,19.774557865796595
1787,137407,19.77252674578827
1788,137409,19.773542305792432
1789,137411,19.774557865796595
1790,137411,19.774557865796595
1791,137413,19.775573425800744
1792,137418,19.77811232581115
1793,137423,19.780651225821543
1794,137424,19.781159005823625
1795,137419,19.778620105813232
1796,137411,19.774557865796595
1797,137408,19.77303452579035
1798,137412,19.775065645798662
1799,137421,19.77963566581738
1800,137428,19.78319012583195
1801,137428,19.78319012583195
1802,137423,19.780651225821543
1803,137419,19.778620105813232
1804,137421,19.77963566581738
1805,137422,19.780143445819462
1806,137419,19.778620105813232
1807,137415,19.776588985804906
1808,137415,19.776588985804906
1809,137420,19.779127885815313
1810,137424,19.781159005823625
1811,137424,19.781159005823625
1812,137421,19.77963566581738
1813,137418,19.77811232581115
1814,137418,19.77811232581115
1815,137416,19.777096765806988
1816,137411,19.774557865796595
1817,137407,19.77252674578827
1818,137408,19.77303452579035
1819,137413,19.775573425800744
1820,137419,19.778620105813232
1821,137419,19.778620105813232
1822,137414,19.776081205802825
1823,137413,19.775573425800744
1824,137420,19.779127885815313
1825,137425,19.781666785825706
1826,137421,19.77963566581738
1827,137414,19.776081205802825
1828,137416,19.777096765806988
1829,137424,19.781159005823625
1830,137428,19.78319012583195
1831,137428,19.78319012583195
1832,137426,19.782174565827788
1833,137427,19.78268234582987
1834,137428,19.78319012583195
1835,137426,19.782174565827788
1836,137419,19.778620105813232
1837,137411,19.774557865796595
1838,137408,19.77303452579035
1839,137412,19.775065645798662
1840,137414,19.776081205802825
1841,137414,19.776081205802825
1842,137416,19.777096765806988
1843,137423,19.780651225821543
1844,137428,19.78319012583195
1845,137427,19.78268234582987
1846,137423,19.780651225821543
1847,137421,19.77963566581738
1848,137422,19.780143445819462
1849,137425,19.781666785825706
1850,137426,19.782174565827788
1851,137424,19.781159005823625
1852,137422,19.780143445819462
1853,137419,19.778620105813232
1854,137416,19.777096765806988
1855,137414,19.776081205802825
1856,137413,19.775573425800744
1857,137409,19.773542305792432
1858,137404,19.771003405782025
1859,137402,19.769987845777862
1860,137407,19.77252674578827
1861,137413,19.775573425800744
1862,137417,19.77760454580907
1863,137420,19.779127885815313
1864,137422,19.780143445819462
1865,137423,19.780651225821543
1866,137424,19.781159005823625
1867,137422,19.780143445819462
1868,137418,19.77811232581115
1869,137419,19.778620105813232
1870,137427,19.78268234582987
1871,137433,19.785729025842343
1872,137430,19.7842056858361
1873,137425,19.781666785825706
1874,137423,19.780651225821543
1875,137422,19.780143445819462
1876,137422,19.780143445819462
1877,137421,19.77963566581738
1878,137421,19.77963566581738
1879,137420,19.779127885815313
1880,137418,19.77811232581115
1881,137416,19.777096765806988
1882,137416,19.777096765806988
1883,137418,19.77811232581115
1884,137421,19.77963566581738
1885,137424,19.781159005823625
1886,137424,19.781159005823625
1887,137422,19.780143445819462
1888,137422,19.780143445819462
1889,137423,19.780651225821543
1890,137421,19.77963566581738
1891,137418,19.77811232581115
1892,137415,19.776588985804906
1893,137415,19.776588985804906
1894,137418,19.77811232581115
1895,137424,19.781159005823625
1896,137428,19.78319012583195
1897,137427,19.78268234582987
1898,137420,19.779127885815313
1899,137413,19.775573425800744
1900,137412,19.775065645798662
1901,137416,19.777096765806988
1902,137421,19.77963566581738
1903,137425,19.781666785825706
1904,137424,19.781159005823625
1905,137418,19.77811232581115
1906,137411,19.774557865796595
1907,137413,19.775573425800744
1908,137423,19.780651225821543
1909,137422,19.780143445819462
1910,137411,19.774557865796595
1911,137407,19.77252674578827
1912,137416,19.777096765806988
1913,137428,19.78319012583195
1914,137433,19.785729025842343
1915,137429,19.783697905834032
1916,137424,19.781159005823625
1917,137423,19.780651225821543
1918,137423,19.780651225821543
1919,137420,19.779127885815313
1920,137417,19.77760454580907
1921,137415,19.776588985804906
1922,137417,19.77760454580907
1923,137424,19.781159005823625
1924,137432,19.785221245840262
1925,137430,19.7842056858361
1926,137422,19.780143445819462
1927,137416,19.777096765806988
1928,137415,19.776588985804906
1929,137418,19.77811232581115
1930,137420,19.779127885815313
1931,137419,19.778620105813232
1932,137416,19.777096765806988
1933,137416,19.777096765806988
1934,137422,19.780143445819462
1935,137427,19.78268234582987
1936,137423,19.780651225821543
1937,137416,19.777096765806988
1938,137411,19.774557865796595
1939,137409,19.773542305792432
1940,137404,19.771003405782025
1941,137402,19.769987845777862
1942,137408,19.77303452579035
1943,137415,19.776588985804906
1944,137419,19.778620105813232
1945,137419,19.778620105813232
1946,137419,19.778620105813232
1947,137421,19.77963566581738
1948,137421,19.77963566581738
1949,137419,19.778620105813232
1950,137417,19.77760454580907
1951,137418,19.77811232581115
1952,137420,19.779127885815313
1953,137423,19.780651225821543
1954,137421,19.77963566581738
1955,137417,19.77760454580907
1956,137415,19.776588985804906
1957,137415,19.776588985804906
1958,137416,19.777096765806988
1959,137417,19.77760454580907
1960,137418,19.77811232581115
1961,137417,19.77760454580907
1962,137417,19.77760454580907
1963,137419,19.778620105813232
1964,137420,19.779127885815313
1965,137416,19.777096765806988
1966,137411,19.774557865796595
1967,137408,19.77303452579035
1968,137411,19.774557865796595
1969,137419,19.778620105813232
1970,137424,19.781159005823625
1971,137421,19.77963566581738
1972,137419,19.778620105813232
1973,137420,19.779127885815313
1974,137425,19.781666785825706
1975,137430,19.7842056858361
1976,137431,19.78471346583818
1977,137427,19.78268234582987
1978,137425,19.781666785825706
1979,137425,19.781666785825706
1980,137423,19.780651225821543
1981,137419,19.778620105813232
1982,137417,19.77760454580907
1983,137417,19.77760454580907
1984,137419,19.778620105813232
1985,137423,19.780651225821543
1986,137425,19.781666785825706
1987,137425,19.781666785825706
1988,137422,19.780143445819462
1989,137418,19.77811232581115
1990,137420,19.779127885815313
1991,137422,19.780143445819462
1992,137418,19.77811232581115
1993,137413,19.775573425800744
1994,137414,19.776081205802825
1995,137423,19.780651225821543
1996,137429,19.783697905834032
1997,137427,19.78268234582987
1998,137423,19.780651225821543
1999,137424,19.781159005823625
2000,137428,19.78319012583195
2001,137427,19.78268234582987
2002,137421,19.77963566581738
2003,137413,19.775573425800744
2004,137406,19.772018965786188
2005,137407,19.77252674578827
2006,137417,19.77760454580907
2007,137426,19.782174565827788
2008,137430,19.7842056858361
2009,137426,19.782174565827788
2010,137417,19.77760454580907
2011,137411,19.774557865796595
2012,137412,19.775065645798662
2013,137414,19.776081205802825
2014,137414,19.776081205802825
2015,137413,19.775573425800744
2016,137414,19.776081205802825
2017,137418,19.77811232581115
2018,137423,19.780651225821543
2019,137423,19.780651225821543
2020,137421,19.77963566581738
2021,137421,19.77963566581738
2022,137421,19.77963566581738
2023,137420,19.779127885815313
2024,137421,19.77963566581738
2025,137420,19.779127885815313
2026,137417,19.77760454580907
2027,137414,19.776081205802825
2028,137416,19.777096765806988
2029,137420,19.779127885815313
2030,137426,19.782174565827788
2031,137431,19.78471346583818
2032,137433,19.785729025842343
2033,137431,19.78471346583818
2034,137427,19.78268234582987
2035,137420,19.779127885815313
2036,137416,19.777096765806988
2037,137414,19.776081205802825
2038,137415,19.776588985804906
2039,137420,19.779127885815313
2040,137423,19.780651225821543
2041,137420,19.779127885815313
2042,137413,19.775573425800744
2043,137406,19.772018965786188
2044,137404,19.771003405782025
2045,137407,19.77252674578827
2046,137414,19.776081205802825
2047,137422,19.780143445819462
2048,137427,19.78268234582987
2049,137425,19.781666785825706
2050,137418,19.77811232581115
2051,137414,19.776081205802825
2052,137416,19.777096765806988
2053,137421,19.77963566581738
2054,137426,19.782174565827788
2055,137427,19.78268234582987
2056,137427,19.78268234582987
2057,137426,19.782174565827788
2058,137423,19.780651225821543
2059,137421,19.77963566581738
2060,137423,19.780651225821543
2061,137426,19.782174565827788
2062,137425,19.781666785825706
2063,137420,19.779127885815313
2064,137413,19.775573425800744
2065,137405,19.771511185784107
2066,137406,19.772018965786188
2067,137415,19.776588985804906
2068,137421,19.77963566581738
2069,137419,19.778620105813232
2070,137417,19.77760454580907
2071,137421,19.77963566581738
2072,137428,19.78319012583195
2073,137429,19.783697905834032
2074,137422,19.780143445819462
2075,137415,19.776588985804906
2076,137417,19.77760454580907
2077,137423,19.780651225821543
2078,137425,19.781666785825706
2079,137422,19.780143445819462
2080,137419,19.778620105813232
2081,137419,19.778620105813232
2082,137424,19.781159005823625
2083,137431,19.78471346583818
2084,137433,19.785729025842343
2085,137430,19.7842056858361
2086,137427,19.78268234582987
2087,137423,19.780651225821543
2088,137419,19.778620105813232
2089,137416,19.777096765806988
2090,137416,19.777096765806988
2091,137416,19.777096765806988
2092,137416,19.777096765806988
2093,137416,19.777096765806988
2094,137416,19.777096765806988
2095,137416,19.777096765806988
2096,137416,19.777096765806988
2097,137418,19.77811232581115
2098,137420,19.779127885815313
2099,137420,19.779127885815313
2100,137420,19.779127885815313
2101,137425,19.781666785825706
2102,137433,19.785729025842343
2103,137437,19.78776014585067
2104,137434,19.786236805844425
2105,137427,19.78268234582987
2106,137421,19.77963566581738
2107,137421,19.77963566581738
2108,137426,19.782174565827788
2109,137429,19.783697905834032
2110,137428,19.78319012583195
2111,137425,19.781666785825706
2112,137422,19.780143445819462
2113,137418,19.77811232581115
2114,137414,19.776081205802825
2115,137414,19.776081205802825
2116,137418,19.77811232581115
2117,137421,19.77963566581738
2118,137419,19.778620105813232
2119,137418,19.77811232581115
2120,137417,19.77760454580907
2121,137416,19.777096765806988
2122,137414,19.776081205802825
2123,137417,19.77760454580907
2124,137422,19.780143445819462
2125,137423,19.780651225821543
2126,137423,19.780651225821543
2127,137423,19.780651225821543
2128,137423,19.780651225821543
2129,137420,19.779127885815313
2130,137417,19.77760454580907
2131,137416,19.777096765806988
2132,137417,19.77760454580907
2133,137420,19.779127885815313
2134,137422,19.780143445819462
2135,137421,19.77963566581738
2136,137418,19.77811232581115
2137,137418,19.77811232581115
2138,137425,19.781666785825706
2139,137430,19.7842056858361
2140,137422,19.780143445819462
2141,137410,19.774050085794514
2142,137409,19.773542305792432
2143,137424,19.781159005823625
2144,137442,19.79029904586106
2145,137449,19.793853505875617
2146,137443,19.790806825863143
2147,137429,19.783697905834032
2148,137416,19.777096765806988
2149,137410,19.774050085794514
2150,137414,19.776081205802825
2151,137422,19.780143445819462
2152,137423,19.780651225821543
2153,137418,19.77811232581115
2154,137414,19.776081205802825
2155,137414,19.776081205802825
2156,137419,19.778620105813232
2157,137423,19.780651225821543
2158,137419,19.778620105813232
2159,137411,19.774557865796595
2160,137409,19.773542305792432
2161,137414,19.776081205802825
2162,137417,19.77760454580907
2163,137414,19.776081205802825
2164,137413,19.775573425800744
2165,137417,19.77760454580907
2166,137426,19.782174565827788
2167,137432,19.785221245840262
2168,137430,19.7842056858361
2169,137422,19.780143445819462
2170,137420,19.779127885815313
2171,137425,19.781666785825706
2172,137428,19.78319012583195
2173,137422,19.780143445819462
2174,137414,19.776081205802825
2175,137412,19.775065645798662
2176,137414,19.776081205802825
2177,137415,19.776588985804906
2178,137413,19.775573425800744
2179,137409,19.773542305792432
2180,137408,19.77303452579035
2181,137414,19.776081205802825
2182,137425,19.781666785825706
2183,137434,19.786236805844425
2184,137436,19.787252365848587
2185,137432,19.785221245840262
2186,137430,19.7842056858361
2187,137428,19.78319012583195
2188,137423,19.780651225821543
2189,137417,19.77760454580907
2190,137414,19.776081205802825
2191,137414,19.776081205802825
2192,137419,19.778620105813232
2193,137421,19.77963566581738
2194,137414,19.776081205802825
2195,137410,19.774050085794514
2196,137413,19.775573425800744
2197,137418,19.77811232581115
2198,137418,19.77811232581115
2199,137415,19.776588985804906
2200,137415,19.776588985804906
2201,137418,19.77811232581115
2202,137423,19.780651225821543
2203,137424,19.781159005823625
2204,137422,19.780143445819462
2205,137423,19.780651225821543
2206,137431,19.78471346583818
2207,137436,19.787252365848587
2208,137432,19.785221245840262
2209,137424,19.781159005823625
2210,137419,19.778620105813232
2211,137414,19.776081205802825
2212,137410,19.774050085794514
2213,137411,19.774557865796595
2214,137417,19.77760454580907
2215,137419,19.778620105813232
2216,137420,19.779127885815313
2217,137421,19.77963566581738
2218,137423,19.780651225821543
2219,137424,19.781159005823625
2220,137422,19.780143445819462
2221,137421,19.77963566581738
2222,137424,19.781159005823625
2223,137429,19.783697905834032
2224,137429,19.783697905834032
2225,137426,19.782174565827788
2226,137430,19.7842056858361
2227,137433,19.785729025842343
2228,137431,19.78471346583818
2229,137428,19.78319012583195
2230,137426,19.782174565827788
2231,137423,19.780651225821543
2232,137419,19.778620105813232
2233,137418,19.77811232581115
2234,137417,19.77760454580907
2235,137414,19.776081205802825
2236,137411,19.774557865796595
2237,137411,19.774557865796595
2238,137413,19.775573425800744
2239,137411,19.774557865796595
2240,137406,19.772018965786188
2241,137404,19.771003405782025
2242,137410,19.774050085794514
2243,137420,19.779127885815313
2244,137428,19.78319012583195
2245,137427,19.78268234582987
2246,137421,19.77963566581738
2247,137421,19.77963566581738
2248,137425,19.781666785825706
2249,137429,19.783697905834032
2250,137428,19.78319012583195
2251,137426,19.782174565827788
2252,137426,19.782174565827788
2253,137429,19.783697905834032
2254,137429,19.783697905834032
2255,137428,19.78319012583195
2256,137428,19.78319012583195
2257,137427,19.78268234582987
2258,137426,19.782174565827788
2259,137425,19.781666785825706
2260,137422,19.780143445819462
2261,137419,19.778620105813232
2262,137419,19.778620105813232
2263,137423,19.780651225821543
2264,137426,19.782174565827788
2265,137428,19.78319012583195
2266,137426,19.782174565827788
2267,137422,19.780143445819462
2268,137418,19.77811232581115
2269,137415,19.776588985804906
2270,137416,19.777096765806988
2271,137416,19.777096765806988
2272,137411,19.774557865796595
2273,137405,19.771511185784107
2274,137407,19.77252674578827
2275,137412,19.775065645798662
2276,137416,19.777096765806988
2277,137418,19.77811232581115
2278,137420,19.779127885815313
2279,137421,19.77963566581738
2280,137424,19.781159005823625
2281,137427,19.78268234582987
2282,137427,19.78268234582987
2283,137426,19.782174565827788
2284,137426,19.782174565827788
2285,137426,19.782174565827788
2286,137427,19.78268234582987
2287,137426,19.782174565827788
2288,137420,19.779127885815313
2289,137415,19.776588985804906
2290,137419,19.778620105813232
2291,137428,19.78319012583195
2292,137433,19.785729025842343
2293,137429,19.783697905834032
2294,137421,19.77963566581738
2295,137416,19.777096765806988
2296,137418,19.77811232581115
2297,137425,19.781666785825706
2298,137430,19.7842056858361
2299,137428,19.78319012583195
2300,137423,19.780651225821543
2301,137420,19.779127885815313
2302,137420,19.779127885815313
2303,137419,19.778620105813232
2304,137420,19.779127885815313
2305,137424,19.781159005823625
2306,137428,19.78319012583195
2307,137427,19.78268234582987
2308,137423,19.780651225821543
2309,137419,19.778620105813232
2310,137419,19.778620105813232
2311,137421,19.77963566581738
2312,137420,19.779127885815313
2313,137414,19.776081205802825
2314,137410,19.774050085794514
2315,137414,19.776081205802825
2316,137420,19.779127885815313
2317,137424,19.781159005823625
2318,137425,19.781666785825706
2319,137422,19.780143445819462
2320,137420,19.779127885815313
2321,137421,19.77963566581738
2322,137424,19.781159005823625
2323,137424,19.781159005823625
2324,137422,19.780143445819462
2325,137424,19.781159005823625
2326,137433,19.785729025842343
2327,137437,19.78776014585067
2328,137432,19.785221245840262
2329,137428,19.78319012583195
2330,137427,19.78268234582987
2331,137428,19.78319012583195
2332,137425,19.781666785825706
2333,137417,19.77760454580907
2334,137408,19.77303452579035
2335,137410,19.774050085794514
2336,137420,19.779127885815313
2337,137428,19.78319012583195
2338,137429,19.783697905834032
2339,137424,19.781159005823625
2340,137420,19.779127885815313
2341,137419,19.778620105813232
2342,137418,19.77811232581115
2343,137418,19.77811232581115
2344,137420,19.779127885815313
2345,137422,19.780143445819462
2346,137422,19.780143445819462
2347,137420,19.779127885815313
2348,137414,19.776081205802825
2349,137409,19.773542305792432
2350,137413,19.775573425800744
2351,137423,19.780651225821543
2352,137427,19.78268234582987
2353,137423,19.780651225821543
2354,137416,19.777096765806988
2355,137413,19.775573425800744
2356,137415,19.776588985804906
2357,137418,19.77811232581115
2358,137420,19.779127885815313
2359,137422,19.780143445819462
2360,137428,19.78319012583195
2361,137432,19.785221245840262
2362,137432,19.785221245840262
2363,137428,19.78319012583195
2364,137424,19.781159005823625
2365,137423,19.780651225821543
2366,137425,19.781666785825706
2367,137426,19.782174565827788
2368,137424,19.781159005823625
2369,137422,19.780143445819462
2370,137423,19.780651225821543
2371,137425,19.781666785825706
2372,137426,19.782174565827788
2373,137427,19.78268234582987
2374,137431,19.78471346583818
2375,137435,19.786744585846506
2376,137435,19.786744585846506
2377,137431,19.78471346583818
2378,137428,19.78319012583195
2379,137427,19.78268234582987
2380,137425,19.781666785825706
2381,137424,19.781159005823625
2382,137424,19.781159005823625
2383,137423,19.780651225821543
2384,137420,19.779127885815313
2385,137419,19.778620105813232
2386,137421,19.77963566581738
2387,137424,19.781159005823625
2388,137423,19.780651225821543
2389,137421,19.77963566581738
2390,137421,19.77963566581738
2391,137423,19.780651225821543
2392,137423,19.780651225821543
2393,137420,19.779127885815313
2394,137415,19.776588985804906
2395,137410,19.774050085794514
2396,137408,19.77303452579035
2397,137409,19.773542305792432
2398,137412,19.775065645798662
2399,137416,19.777096765806988
2400,137418,19.77811232581115
2401,137417,19.77760454580907
2402,137416,19.777096765806988
2403,137418,19.77811232581115
2404,137422,19.780143445819462
2405,137427,19.78268234582987
2406,137426,19.782174565827788
2407,137418,19.77811232581115
2408,137410,19.774050085794514
2409,137410,19.774050085794514
2410,137419,19.778620105813232
2411,137426,19.782174565827788
2412,137423,19.780651225821543
2413,137421,19.77963566581738
2414,137427,19.78268234582987
2415,137436,19.787252365848587
2416,137438,19.78826792585275
2417,137430,19.7842056858361
2418,137422,19.780143445819462
2419,137419,19.778620105813232
2420,137421,19.77963566581738
2421,137426,19.782174565827788
2422,137430,19.7842056858361
2423,137430,19.7842056858361
2424,137424,19.781159005823625
2425,137419,19.778620105813232
2426,137423,19.780651225821543
2427,137431,19.78471346583818
2428,137434,19.786236805844425
2429,137430,19.7842056858361
2430,137425,19.781666785825706
2431,137423,19.780651225821543
2432,137426,19.782174565827788
2433,137429,19.783697905834032
2434,137427,19.78268234582987
2435,137420,19.779127885815313
2436,137413,19.775573425800744
2437,137406,19.772018965786188
2438,137401,19.769480065775795
2439,137402,19.769987845777862
2440,137408,19.77303452579035
2441,137412,19.775065645798662
2442,137413,19.775573425800744
2443,137415,19.776588985804906
2444,137418,19.77811232581115
2445,137417,19.77760454580907
2446,137411,19.774557865796595
2447,137405,19.771511185784107
2448,137406,19.772018965786188
2449,137412,19.775065645798662
2450,137416,19.777096765806988
2451,137412,19.775065645798662
2452,137408,19.77303452579035
2453,137413,19.775573425800744
2454,137422,19.780143445819462
2455,137423,19.780651225821543
2456,137416,19.777096765806988
2457,137413,19.775573425800744
2458,137416,19.777096765806988
2459,137415,19.776588985804906
2460,137408,19.77303452579035
2461,137406,19.772018965786188
2462,137410,19.774050085794514
2463,137415,19.776588985804906
2464,137418,19.77811232581115
2465,137422,19.780143445819462
2466,137425,19.781666785825706
2467,137426,19.782174565827788
2468,137426,19.782174565827788
2469,137427,19.78268234582987
2470,137429,19.783697905834032
2471,137429,19.783697905834032
2472,137428,19.78319012583195
2473,137427,19.78268234582987
2474,137424,19.781159005823625
2475,137423,19.780651225821543
2476,137425,19.781666785825706
2477,137422,19.780143445819462
2478,137415,19.776588985804906
2479,137411,19.774557865796595
2480,137411,19.774557865796595
2481,137416,19.777096765806988
2482,137424,19.781159005823625
2483,137427,19.78268234582987
2484,137424,19.781159005823625
2485,137425,19.781666785825706
2486,137429,19.783697905834032
2487,137429,19.783697905834032
2488,137423,19.780651225821543
2489,137419,19.778620105813232
2490,137418,19.77811232581115
2491,137418,19.77811232581115
2492,137417,19.77760454580907
2493,137416,19.777096765806988
2494,137417,19.77760454580907
2495,137419,19.778620105813232
2496,137423,19.780651225821543
2497,137426,19.782174565827788
2498,137424,19.781159005823625
2499,137421,19.77963566581738
2500,137423,19.780651225821543
2501,137427,19.78268234582987
2502,137426,19.782174565827788
2503,137421,19.77963566581738
2504,137416,19.777096765806988
2505,137416,19.777096765806988
2506,137420,19.779127885815313
2507,137424,19.781159005823625
2508,137424,19.781159005823625
2509,137422,19.780143445819462
2510,137422,19.780143445819462
2511,137421,19.77963566581738
2512,137422,19.780143445819462
2513,137423,19.780651225821543
2514,137422,19.780143445819462
2515,137419,19.778620105813232
2516,137419,19.778620105813232
2517,137421,19.77963566581738
2518,137424,19.781159005823625
2519,137422,19.780143445819462
2520,137418,19.77811232581115
2521,137413,19.775573425800744
2522,137410,19.774050085794514
2523,137412,19.775065645798662
2524,137418,19.77811232581115
2525,137421,19.77963566581738
2526,137421,19.77963566581738
2527,137420,19.779127885815313
2528,137420,19.779127885815313
2529,137417,19.77760454580907
2530,137414,19.776081205802825
2531,137415,19.776588985804906
2532,137416,19.777096765806988
2533,137416,19.777096765806988
2534,137419,19.778620105813232
2535,137424,19.781159005823625
2536,137425,19.781666785825706
2537,137420,19.779127885815313
2538,137417,19.77760454580907
2539,137421,19.77963566581738
2540,137428,19.78319012583195
2541,137429,19.783697905834032
2542,137427,19.78268234582987
2543,137426,19.782174565827788
2544,137428,19.78319012583195
2545,137431,19.78471346583818
2546,137434,19.786236805844425
2547,137429,19.783697905834032
2548,137420,19.779127885815313
2549,137416,19.777096765806988
2550,137419,19.778620105813232
2551,137424,19.781159005823625
2552,137425,19.781666785825706
2553,137425,19.781666785825706
2554,137423,19.780651225821543
2555,137417,19.77760454580907
2556,137410,19.774050085794514
2557,137408,19.77303452579035
2558,137414,19.776081205802825
2559,137421,19.77963566581738
2560,137422,19.780143445819462
2561,137416,19.777096765806988
2562,137405,19.771511185784107
2563,137399,19.768464505771632
2564,137403,19.770495625779944
2565,137414,19.776081205802825
2566,137423,19.780651225821543
2567,137427,19.78268234582987
2568,137427,19.78268234582987
2569,137424,19.781159005823625
2570,137421,19.77963566581738
2571,137421,19.77963566581738
2572,137424,19.781159005823625
2573,137425,19.781666785825706
2574,137425,19.781666785825706
2575,137422,19.780143445819462
2576,137419,19.778620105813232
2577,137416,19.777096765806988
2578,137414,19.776081205802825
2579,137417,19.77760454580907
2580,137423,19.780651225821543
2581,137425,19.781666785825706
2582,137421,19.77963566581738
2583,137413,19.775573425800744
2584,137408,19.77303452579035
2585,137409,19.773542305792432
2586,137413,19.775573425800744
2587,137418,19.77811232581115
2588,137423,19.780651225821543
2589,137426,19.782174565827788
2590,137419,19.778620105813232
2591,137411,19.774557865796595
2592,137411,19.774557865796595
2593,137418,19.77811232581115
2594,137421,19.77963566581738
2595,137419,19.778620105813232
2596,137420,19.779127885815313
2597,137427,19.78268234582987
2598,137435,19.786744585846506
2599,137436,19.787252365848587
2600,137430,19.7842056858361
2601,137423,19.780651225821543
2602,137416,19.777096765806988
2603,137410,19.774050085794514
2604,137406,19.772018965786188
2605,137404,19.771003405782025
2606,137406,19.772018965786188
2607,137412,19.775065645798662
2608,137416,19.777096765806988
2609,137417,19.77760454580907
2610,137420,19.779127885815313
2611,137423,19.780651225821543
2612,137422,19.780143445819462
2613,137417,19.77760454580907
2614,137408,19.77303452579035
2615,137404,19.771003405782025
2616,137411,19.774557865796595
2617,137421,19.77963566581738
2618,137420,19.779127885815313
2619,137415,19.776588985804906
2620,137415,19.776588985804906
2621,137421,19.77963566581738
2622,137426,19.782174565827788
2623,137427,19.78268234582987
2624,137427,19.78268234582987
2625,137428,19.78319012583195
2626,137427,19.78268234582987
2627,137424,19.781159005823625
2628,137418,19.77811232581115
2629,137414,19.776081205802825
2630,137412,19.775065645798662
2631,137414,19.776081205802825
2632,137418,19.77811232581115
2633,137420,19.779127885815313
2634,137422,19.780143445819462
2635,137423,19.780651225821543
2636,137423,19.780651225821543
2637,137426,19.782174565827788
2638,137431,19.78471346583818
2639,137431,19.78471346583818
2640,137424,19.781159005823625
2641,137417,19.77760454580907
2642,137417,19.77760454580907
2643,137424,19.781159005823625
2644,137427,19.78268234582987
2645,137420,19.779127885815313
2646,137408,19.77303452579035
2647,137406,19.772018965786188
2648,137412,19.775065645798662
2649,137419,19.778620105813232
2650,137422,19.780143445819462
2651,137420,19.779127885815313
2652,137417,19.77760454580907
2653,137418,19.77811232581115
2654,137421,19.77963566581738
2655,137417,19.77760454580907
2656,137411,19.774557865796595
2657,137410,19.774050085794514
2658,137416,19.777096765806988
2659,137425,19.781666785825706
2660,137428,19.78319012583195
2661,137427,19.78268234582987
2662,137423,19.780651225821543
2663,137425,19.781666785825706
2664,137432,19.785221245840262
2665,137436,19.787252365848587
2666,137430,19.7842056858361
2667,137422,19.780143445819462
2668,137420,19.779127885815313
2669,137420,19.779127885815313
2670,137419,19.778620105813232
2671,137418,19.77811232581115
2672,137420,19.779127885815313
2673,137423,19.780651225821543
2674,137425,19.781666785825706
2675,137425,19.781666785825706
2676,137423,19.780651225821543
2677,137419,19.778620105813232
2678,137417,19.77760454580907
2679,137420,19.779127885815313
2680,137424,19.781159005823625
2681,137420,19.779127885815313
2682,137411,19.774557865796595
2683,137408,19.77303452579035
2684,137414,19.776081205802825
2685,137419,19.778620105813232
2686,137415,19.776588985804906
2687,137410,19.774050085794514
2688,137412,19.775065645798662
2689,137416,19.777096765806988
2690,137415,19.776588985804906
2691,137412,19.775065645798662
2692,137411,19.774557865796595
2693,137416,19.777096765806988
2694,137421,19.77963566581738
2695,137424,19.781159005823625
2696,137421,19.77963566581738
2697,137417,19.77760454580907
2698,137417,19.77760454580907
2699,137419,19.778620105813232
2700,137417,19.77760454580907
2701,137412,19.775065645798662
2702,137411,19.774557865796595
2703,137419,19.778620105813232
2704,137427,19.78268234582987
2705,137426,19.782174565827788
2706,137422,19.780143445819462
2707,137422,19.780143445819462
2708,137427,19.78268234582987
2709,137428,19.78319012583195
2710,137420,19.779127885815313
2711,137413,19.775573425800744
2712,137413,19.775573425800744
2713,137413,19.775573425800744
2714,137410,19.774050085794514
2715,137410,19.774050085794514
2716,137415,19.776588985804906
2717,137421,19.77963566581738
2718,137423,19.780651225821543
2719,137424,19.781159005823625
2720,137425,19.781666785825706
2721,137423,19.780651225821543
2722,137421,19.77963566581738
2723,137423,19.780651225821543
2724,137430,19.7842056858361
2725,137432,19.785221245840262
2726,137429,19.783697905834032
2727,137423,19.780651225821543
2728,137418,19.77811232581115
2729,137415,19.776588985804906
2730,137412,19.775065645798662
2731,137411,19.774557865796595
2732,137413,19.775573425800744
2733,137415,19.776588985804906
2734,137413,19.775573425800744
2735,137412,19.775065645798662
2736,137412,19.775065645798662
2737,137411,19.774557865796595
2738,137411,19.774557865796595
2739,137412,19.775065645798662
2740,137413,19.775573425800744
2741,137416,19.777096765806988
2742,137419,19.778620105813232
2743,137420,19.779127885815313
2744,137417,19.77760454580907
2745,137413,19.775573425800744
2746,137413,19.775573425800744
2747,137415,19.776588985804906
2748,137416,19.777096765806988
2749,137418,19.77811232581115
2750,137420,19.779127885815313
2751,137419,19.778620105813232
2752,137416,19.777096765806988
2753,137415,19.776588985804906
2754,137414,19.776081205802825
2755,137415,19.776588985804906
2756,137419,19.778620105813232
2757,137426,19.782174565827788
2758,137425,19.781666785825706
2759,137419,19.778620105813232
2760,137415,19.776588985804906
2761,137415,19.776588985804906
2762,137417,19.77760454580907
2763,137424,19.781159005823625
2764,137428,19.78319012583195
2765,137426,19.782174565827788
2766,137422,19.780143445819462
2767,137424,19.781159005823625
2768,137424,19.781159005823625
2769,137418,19.77811232581115
2770,137412,19.775065645798662
2771,137412,19.775065645798662
2772,137417,19.77760454580907
2773,137418,19.77811232581115
2774,137414,19.776081205802825
2775,137409,19.773542305792432
2776,137410,19.774050085794514
2777,137413,19.775573425800744
2778,137417,19.77760454580907
2779,137419,19.778620105813232
2780,137417,19.77760454580907
2781,137411,19.774557865796595
2782,137409,19.773542305792432
2783,137418,19.77811232581115
2784,137430,19.7842056858361
2785,137433,19.785729025842343
2786,137429,19.783697905834032
2787,137428,19.78319012583195
2788,137432,19.785221245840262
2789,137431,19.78471346583818
2790,137426,19.782174565827788
2791,137423,19.780651225821543
2792,137426,19.782174565827788
2793,137429,19.783697905834032
2794,137427,19.78268234582987
2795,137417,19.77760454580907
2796,137408,19.77303452579035
2797,137409,19.773542305792432
2798,137416,19.777096765806988
2799,137420,19.779127885815313
2800,137420,19.779127885815313
2801,137419,19.778620105813232
2802,137419,19.778620105813232
2803,137423,19.780651225821543
2804,137428,19.78319012583195
2805,137426,19.782174565827788
2806,137420,19.779127885815313
2807,137413,19.775573425800744
2808,137411,19.774557865796595
2809,137413,19.775573425800744
2810,137417,19.77760454580907
2811,137419,19.778620105813232
2812,137419,19.778620105813232
2813,137418,19.77811232581115
2814,137419,19.778620105813232
2815,137420,19.779127885815313
2816,137420,19.779127885815313
2817,137422,19.780143445819462
2818,137428,19.78319012583195
2819,137431,19.78471346583818
2820,137428,19.78319012583195
2821,137420,19.779127885815313
2822,137416,19.777096765806988
2823,137419,19.778620105813232
2824,137424,19.781159005823625
2825,137426,19.782174565827788
2826,137426,19.782174565827788
2827,137428,19.78319012583195
2828,137430,19.7842056858361
2829,137432,19.785221245840262
2830,137432,19.785221245840262
2831,137426,19.782174565827788
2832,137420,19.779127885815313
2833,137418,19.77811232581115
2834,137420,19.779127885815313
2835,137423,19.780651225821543
2836,137422,19.780143445819462
2837,137420,19.779127885815313
2838,137421,19.77963566581738
2839,137429,19.783697905834032
2840,137433,19.785729025842343
2841,137427,19.78268234582987
2842,137419,19.778620105813232
2843,137416,19.777096765806988
2844,137420,19.779127885815313
2845,137427,19.78268234582987
2846,137430,19.7842056858361
2847,137429,19.783697905834032
2848,137430,19.7842056858361
2849,137433,19.785729025842343
2850,137432,19.785221245840262
2851,137426,19.782174565827788
2852,137420,19.779127885815313
2853,137417,19.77760454580907
2854,137415,19.776588985804906
2855,137416,19.777096765806988
2856,137420,19.779127885815313
2857,137424,19.781159005823625
2858,137426,19.782174565827788
2859,137426,19.782174565827788
2860,137425,19.781666785825706
2861,137420,19.779127885815313
2862,137412,19.775065645798662
2863,137409,19.773542305792432
2864,137415,19.776588985804906
2865,137424,19.781159005823625
2866,137427,19.78268234582987
2867,137425,19.781666785825706
2868,137422,19.780143445819462
2869,137422,19.780143445819462
2870,137423,19.780651225821543
2871,137423,19.780651225821543
2872,137427,19.78268234582987
2873,137430,19.7842056858361
2874,137426,19.782174565827788
2875,137418,19.77811232581115
2876,137415,19.776588985804906
2877,137418,19.77811232581115
2878,137422,19.780143445819462
2879,137424,19.781159005823625
2880,137427,19.78268234582987
2881,137430,19.7842056858361
2882,137431,19.78471346583818
2883,137430,19.7842056858361
2884,137426,19.782174565827788
2885,137421,19.77963566581738
2886,137420,19.779127885815313
2887,137425,19.781666785825706
2888,137434,19.786236805844425
2889,137439,19.788775705854817
2890,137434,19.786236805844425
2891,137425,19.781666785825706
2892,137420,19.779127885815313
2893,137416,19.777096765806988
2894,137412,19.775065645798662
2895,137408,19.77303452579035
2896,137409,19.773542305792432
2897,137417,19.77760454580907
2898,137425,19.781666785825706
2899,137424,19.781159005823625
2900,137420,19.779127885815313
2901,137420,19.779127885815313
2902,137420,19.779127885815313
2903,137420,19.779127885815313
2904,137422,19.780143445819462
2905,137422,19.780143445819462
2906,137420,19.779127885815313
2907,137419,19.778620105813232
2908,137420,19.779127885815313
2909,137423,19.780651225821543
2910,137426,19.782174565827788
2911,137427,19.78268234582987
2912,137425,19.781666785825706
2913,137425,19.781666785825706
2914,137424,19.781159005823625
2915,137422,19.780143445819462
2916,137417,19.77760454580907
2917,137417,19.77760454580907
2918,137419,19.778620105813232
2919,137422,19.780143445819462
2920,137423,19.780651225821543
2921,137425,19.781666785825706
2922,137425,19.781666785825706
2923,137424,19.781159005823625
2924,137426,19.782174565827788
2925,137430,19.7842056858361
2926,137431,19.78471346583818
2927,137428,19.78319012583195
2928,137425,19.781666785825706
2929,137419,19.778620105813232
2930,137414,19.776081205802825
2931,137416,19.777096765806988
2932,137426,19.782174565827788
2933,137436,19.787252365848587
2934,137434,19.786236805844425
2935,137423,19.780651225821543
2936,137413,19.775573425800744
2937,137412,19.775065645798662
2938,137413,19.775573425800744
2939,137414,19.776081205802825
2940,137417,19.77760454580907
2941,137421,19.77963566581738
2942,137417,19.77760454580907
2943,137408,19.77303452579035
2944,137406,19.772018965786188
2945,137412,19.775065645798662
2946,137411,19.774557865796595
2947,137402,19.769987845777862
2948,137401,19.769480065775795
2949,137410,19.774050085794514
2950,137415,19.776588985804906
2951,137411,19.774557865796595
2952,137407,19.77252674578827
2953,137410,19.774050085794514
2954,137416,19.777096765806988
2955,137417,19.77760454580907
2956,137417,19.77760454580907
2957,137420,19.779127885815313
2958,137423,19.780651225821543
2959,137424,19.781159005823625
2960,137427,19.78268234582987
2961,137431,19.78471346583818
2962,137432,19.785221245840262
2963,137428,19.78319012583195
2964,137423,19.780651225821543
2965,137421,19.77963566581738
2966,137421,19.77963566581738
2967,137423,19.780651225821543
2968,137426,19.782174565827788
2969,137426,19.782174565827788
2970,137423,19.780651225821543
2971,137420,19.779127885815313
2972,137421,19.77963566581738
2973,137426,19.782174565827788
2974,137431,19.78471346583818
2975,137429,19.783697905834032
2976,137418,19.77811232581115
2977,137407,19.77252674578827
2978,137403,19.770495625779944
2979,137408,19.77303452579035
2980,137417,19.77760454580907
2981,137422,19.780143445819462
2982,137423,19.780651225821543
2983,137424,19.781159005823625
2984,137426,19.782174565827788
2985,137425,19.781666785825706
2986,137417,19.77760454580907
2987,137409,19.773542305792432
2988,137408,19.77303452579035
2989,137411,19.774557865796595
2990,137414,19.776081205802825
2991,137415,19.776588985804906
2992,137413,19.775573425800744
2993,137411,19.774557865796595
2994,137415,19.776588985804906
2995,137418,19.77811232581115
2996,137415,19.776588985804906
2997,137411,19.774557865796595
2998,137414,19.776081205802825
2999,137423,19.780651225821543
3000,137428,19.78319012583195
3001,137422,19.780143445819462
3002,137412,19.775065645798662
3003,137406,19.772018965786188
3004,137406,19.772018965786188
3005,137409,19.773542305792432
3006,137411,19.774557865796595
3007,137415,19.776588985804906
3008,137421,19.77963566581738
3009,137427,19.78268234582987
3010,137427,19.78268234582987
3011,137421,19.77963566581738
3012,137419,19.778620105813232
3013,137424,19.781159005823625
3014,137427,19.78268234582987
3015,137423,19.780651225821543
3016,137420,19.779127885815313
3017,137423,19.780651225821543
3018,137424,19.781159005823625
3019,137420,19.779127885815313
3020,137414,19.776081205802825
3021,137416,19.777096765806988
3022,137427,19.78268234582987
3023,137434,19.786236805844425
3024,137428,19.78319012583195
3025,137418,19.77811232581115
3026,137419,19.778620105813232
3027,137424,19.781159005823625
3028,137425,19.781666785825706
3029,137418,19.77811232581115
3030,137411,19.774557865796595
3031,137410,19.774050085794514
3032,137415,19.776588985804906
3033,137419,19.778620105813232
3034,137422,19.780143445819462
3035,137427,19.78268234582987
3036,137428,19.78319012583195
3037,137421,19.77963566581738
3038,137414,19.776081205802825
3039,137415,19.776588985804906
3040,137413,19.775573425800744
3041,137405,19.771511185784107
3042,137401,19.769480065775795
3043,137409,19.773542305792432
3044,137420,19.779127885815313
3045,137427,19.78268234582987
3046,137426,19.782174565827788
3047,137422,19.780143445819462
3048,137422,19.780143445819462
3049,137427,19.78268234582987
3050,137429,19.783697905834032
3051,137429,19.783697905834032
3052,137428,19.78319012583195
3053,137424,19.781159005823625
3054,137420,19.779127885815313
3055,137420,19.779127885815313
3056,137423,19.780651225821543
3057,137422,19.780143445819462
3058,137418,19.77811232581115
3059,137415,19.776588985804906
3060,137418,19.77811232581115
3061,137427,19.78268234582987
3062,137434,19.786236805844425
3063,137435,19.786744585846506
3064,137432,19.785221245840262
3065,137428,19.78319012583195
3066,137424,19.781159005823625
3067,137422,19.780143445819462
3068,137423,19.780651225821543
3069,137423,19.780651225821543
3070,137419,19.778620105813232
3071,137415,19.776588985804906
3072,137416,19.777096765806988
3073,137420,19.779127885815313
3074,137422,19.780143445819462
3075,137423,19.780651225821543
3076,137425,19.781666785825706
3077,137425,19.781666785825706
3078,137426,19.782174565827788
3079,137429,19.783697905834032
3080,137430,19.7842056858361
3081,137426,19.782174565827788
3082,137420,19.779127885815313
3083,137417,19.77760454580907
3084,137419,19.778620105813232
3085,137419,19.778620105813232
3086,137416,19.777096765806988
3087,137415,19.776588985804906
3088,137420,19.779127885815313
3089,137426,19.782174565827788
3090,137427,19.78268234582987
3091,137426,19.782174565827788
3092,137426,19.782174565827788
3093,137425,19.781666785825706
3094,137423,19.780651225821543
3095,137423,19.780651225821543
3096,137423,19.780651225821543
3097,137423,19.780651225821543
3098,137422,19.780143445819462
3099,137420,19.779127885815313
3100,137422,19.780143445819462
3101,137426,19.782174565827788
3102,137428,19.78319012583195
3103,137429,19.783697905834032
3104,137425,19.781666785825706
3105,137417,19.77760454580907
3106,137413,19.775573425800744
3107,137413,19.775573425800744
3108,137415,19.776588985804906
3109,137417,19.77760454580907
3110,137420,19.779127885815313
3111,137422,19.780143445819462
3112,137422,19.780143445819462
3113,137419,19.778620105813232
3114,137419,19.778620105813232
3115,137421,19.77963566581738
3116,137423,19.780651225821543
3117,137423,19.780651225821543
3118,137423,19.780651225821543
3119,137425,19.781666785825706
3120,137424,19.781159005823625
3121,137420,19.779127885815313
3122,137418,19.77811232581115
3123,137418,19.77811232581115
3124,137420,19.779127885815313
3125,137420,19.779127885815313
3126,137416,19.777096765806988
3127,137414,19.776081205802825
3128,137417,19.77760454580907
3129,137424,19.781159005823625
3130,137428,19.78319012583195
3131,137427,19.78268234582987
3132,137422,19.780143445819462
3133,137420,19.779127885815313
3134,137423,19.780651225821543
3135,137426,19.782174565827788
3136,137426,19.782174565827788
3137,137423,19.780651225821543
3138,137417,19.77760454580907
3139,137413,19.775573425800744
3140,137416,19.777096765806988
3141,137418,19.77811232581115
3142,137413,19.775573425800744
3143,137406,19.772018965786188
3144,137409,19.773542305792432
3145,137419,19.778620105813232
3146,137425,19.781666785825706
3147,137422,19.780143445819462
3148,137418,19.77811232581115
3149,137419,19.778620105813232
3150,137423,19.780651225821543
3151,137426,19.782174565827788
3152,137427,19.78268234582987
3153,137423,19.780651225821543
3154,137418,19.77811232581115
3155,137420,19.779127885815313
3156,137424,19.781159005823625
3157,137426,19.782174565827788
3158,137423,19.780651225821543
3159,137421,19.77963566581738
3160,137421,19.77963566581738
3161,137420,19.779127885815313
3162,137415,19.776588985804906
3163,137409,19.773542305792432
3164,137410,19.774050085794514
3165,137412,19.775065645798662
3166,137412,19.775065645798662
3167,137412,19.775065645798662
3168,137413,19.775573425800744
3169,137412,19.775065645798662
3170,137413,19.775573425800744
3171,137415,19.776588985804906
3172,137417,19.77760454580907
3173,137418,19.77811232581115
3174,137419,19.778620105813232
3175,137417,19.77760454580907
3176,137415,19.776588985804906
3177,137417,19.77760454580907
3178,137419,19.778620105813232
3179,137420,19.779127885815313
3180,137420,19.779127885815313
3181,137420,19.779127885815313
3182,137424,19.781159005823625
3183,137425,19.781666785825706
3184,137419,19.778620105813232
3185,137414,19.776081205802825
3186,137415,19.776588985804906
3187,137417,19.77760454580907
3188,137419,19.778620105813232
3189,137420,19.779127885815313
3190,137424,19.781159005823625
3191,137425,19.781666785825706
3192,137422,19.780143445819462
3193,137418,19.77811232581115
3194,137413,19.775573425800744
3195,137408,19.77303452579035
3196,137407,19.77252674578827
3197,137411,19.774557865796595
3198,137416,19.777096765806988
3199,137419,19.778620105813232
3200,137422,19.780143445819462
3201,137424,19.781159005823625
3202,137423,19.780651225821543
3203,137421,19.77963566581738
3204,137417,19.77760454580907
3205,137413,19.775573425800744
3206,137412,19.775065645798662
3207,137418,19.77811232581115
3208,137424,19.781159005823625
3209,137424,19.781159005823625
3210,137422,19.780143445819462
3211,137422,19.780143445819462
3212,137425,19.781666785825706
3213,137426,19.782174565827788
3214,137426,19.782174565827788
3215,137426,19.782174565827788
3216,137424,19.781159005823625
3217,137419,19.778620105813232
3218,137419,19.778620105813232
3219,137426,19.782174565827788
3220,137431,19.78471346583818
3221,137427,19.78268234582987
3222,137417,19.77760454580907
3223,137411,19.774557865796595
3224,137413,19.775573425800744
3225,137417,19.77760454580907
3226,137418,19.77811232581115
3227,137416,19.777096765806988
3228,137415,19.776588985804906
3229,137417,19.77760454580907
3230,137417,19.77760454580907
3231,137416,19.777096765806988
3232,137416,19.777096765806988
3233,137420,19.779127885815313
3234,137425,19.781666785825706
3235,137428,19.78319012583195
3236,137423,19.780651225821543
3237,137417,19.77760454580907
3238,137416,19.777096765806988
3239,137418,19.77811232581115
3240,137419,19.778620105813232
3241,137420,19.779127885815313
3242,137423,19.780651225821543
3243,137428,19.78319012583195
3244,137430,19.7842056858361
3245,137426,19.782174565827788
3246,137421,19.77963566581738
3247,137418,19.77811232581115
3248,137416,19.777096765806988
3249,137413,19.775573425800744
3250,137409,19.773542305792432
3251,137407,19.77252674578827
3252,137411,19.774557865796595
3253,137420,19.779127885815313
3254,137425,19.781666785825706
3255,137423,19.780651225821543
3256,137417,19.77760454580907
3257,137412,19.775065645798662
3258,137415,19.776588985804906
3259,137427,19.78268234582987
3260,137434,19.786236805844425
3261,137427,19.78268234582987
3262,137416,19.777096765806988
3263,137416,19.777096765806988
3264,137422,19.780143445819462
3265,137421,19.77963566581738
3266,137411,19.774557865796595
3267,137403,19.770495625779944
3268,137403,19.770495625779944
3269,137410,19.774050085794514
3270,137415,19.776588985804906
3271,137414,19.776081205802825
3272,137411,19.774557865796595
3273,137412,19.775065645798662
3274,137417,19.77760454580907
3275,137421,19.77963566581738
3276,137422,19.780143445819462
3277,137422,19.780143445819462
3278,137421,19.77963566581738
3279,137418,19.77811232581115
3280,137419,19.778620105813232
3281,137423,19.780651225821543
3282,137425,19.781666785825706
3283,137423,19.780651225821543
3284,137419,19.778620105813232
3285,137416,19.777096765806988
3286,137414,19.776081205802825
3287,137414,19.776081205802825
3288,137414,19.776081205802825
3289,137414,19.776081205802825
3290,137415,19.776588985804906
3291,137417,19.77760454580907
3292,137421,19.77963566581738
3293,137425,19.781666785825706
3294,137428,19.78319012583195
3295,137425,19.781666785825706
3296,137420,19.779127885815313
3297,137415,19.776588985804906
3298,137412,19.775065645798662
3299,137414,19.776081205802825
3300,137423,19.780651225821543
3301,137435,19.786744585846506
3302,137441,19.78979126585898
3303,137436,19.787252365848587
3304,137426,19.782174565827788
3305,137418,19.77811232581115
3306,137414,19.776081205802825
3307,137415,19.776588985804906
3308,137417,19.77760454580907
3309,137418,19.77811232581115
3310,137418,19.77811232581115
3311,137420,19.779127885815313
3312,137423,19.780651225821543
3313,137426,19.782174565827788
3314,137427,19.78268234582987
3315,137425,19.781666785825706
3316,137417,19.77760454580907
3317,137409,19.773542305792432
3318,137414,19.776081205802825
3319,137423,19.780651225821543
3320,137422,19.780143445819462
3321,137414,19.776081205802825
3322,137413,19.775573425800744
3323,137420,19.779127885815313
3324,137426,19.782174565827788
3325,137425,19.781666785825706
3326,137421,19.77963566581738
3327,137424,19.781159005823625
3328,137431,19.78471346583818
3329,137431,19.78471346583818
3330,137421,19.77963566581738
3331,137414,19.776081205802825
3332,137418,19.77811232581115
3333,137424,19.781159005823625
3334,137423,19.780651225821543
3335,137414,19.776081205802825
3336,137411,19.774557865796595
3337,137418,19.77811232581115
3338,137424,19.781159005823625
3339,137422,19.780143445819462
3340,137420,19.779127885815313
3341,137423,19.780651225821543
3342,137427,19.78268234582987
3343,137431,19.78471346583818
3344,137434,19.786236805844425
3345,137438,19.78826792585275
3346,137440,19.7892834858569
3347,137437,19.78776014585067
3348,137430,19.7842056858361
3349,137425,19.781666785825706
3350,137421,19.77963566581738
3351,137417,19.77760454580907
3352,137415,19.776588985804906
3353,137417,19.77760454580907
3354,137420,19.779127885815313
3355,137419,19.778620105813232
3356,137417,19.77760454580907
3357,137417,19.77760454580907
3358,137418,19.77811232581115
3359,137414,19.776081205802825
3360,137405,19.771511185784107
3361,137401,19.769480065775795
3362,137404,19.771003405782025
3363,137412,19.775065645798662
3364,137419,19.778620105813232
3365,137423,19.780651225821543
3366,137426,19.782174565827788
3367,137428,19.78319012583195
3368,137426,19.782174565827788
3369,137421,19.77963566581738
3370,137417,19.77760454580907
3371,137417,19.77760454580907
3372,137418,19.77811232581115
3373,137418,19.77811232581115
3374,137415,19.776588985804906
3375,137414,19.776081205802825
3376,137420,19.779127885815313
3377,137426,19.782174565827788
3378,137423,19.780651225821543
3379,137415,19.776588985804906
3380,137411,19.774557865796595
3381,137413,19.775573425800744
3382,137419,19.778620105813232
3383,137426,19.782174565827788
3384,137429,19.783697905834032
3385,137430,19.7842056858361
3386,137431,19.78471346583818
3387,137430,19.7842056858361
3388,137427,19.78268234582987
3389,137424,19.781159005823625
3390,137419,19.778620105813232
3391,137412,19.775065645798662
3392,137406,19.772018965786188
3393,137402,19.769987845777862
3394,137404,19.771003405782025
3395,137411,19.774557865796595
3396,137416,19.777096765806988
3397,137415,19.776588985804906
3398,137413,19.775573425800744
3399,137409,19.773542305792432
3400,137408,19.77303452579035
3401,137413,19.775573425800744
3402,137421,19.77963566581738
3403,137429,19.783697905834032
3404,137432,19.785221245840262
3405,137431,19.78471346583818
3406,137432,19.785221245840262
3407,137433,19.785729025842343
3408,137429,19.783697905834032
3409,137426,19.782174565827788
3410,137428,19.78319012583195
3411,137430,19.7842056858361
3412,137424,19.781159005823625
3413,137417,19.77760454580907
3414,137416,19.777096765806988
3415,137420,19.779127885815313
3416,137425,19.781666785825706
3417,137427,19.78268234582987
3418,137425,19.781666785825706
3419,137420,19.779127885815313
3420,137416,19.777096765806988
3421,137418,19.77811232581115
3422,137425,19.781666785825706
3423,137433,19.785729025842343
3424,137434,19.786236805844425
3425,137429,19.783697905834032
3426,137425,19.781666785825706
3427,137427,19.78268234582987
3428,137428,19.78319012583195
3429,137424,19.781159005823625
3430,137419,19.778620105813232
3431,137416,19.777096765806988
3432,137418,19.77811232581115
3433,137419,19.778620105813232
3434,137419,19.778620105813232
3435,137421,19.77963566581738
3436,137425,19.781666785825706
3437,137428,19.78319012583195
3438,137429,19.783697905834032
3439,137430,19.7842056858361
3440,137433,19.785729025842343
3441,137433,19.785729025842343
3442,137429,19.783697905834032
3443,137425,19.781666785825706
3444,137422,19.780143445819462
3445,137418,19.77811232581115
3446,137414,19.776081205802825
3447,137413,19.775573425800744
3448,137417,19.77760454580907
3449,137421,19.77963566581738
3450,137420,19.779127885815313
3451,137417,19.77760454580907
3452,137417,19.77760454580907
3453,137424,19.781159005823625
3454,137428,19.78319012583195
3455,137425,19.781666785825706
3456,137421,19.77963566581738
3457,137419,19.778620105813232
3458,137418,19.77811232581115
3459,137419,19.778620105813232
3460,137421,19.77963566581738
3461,137421,19.77963566581738
3462,137422,19.780143445819462
3463,137425,19.781666785825706
3464,137432,19.785221245840262
3465,137439,19.788775705854817
3466,137439,19.788775705854817
3467,137433,19.785729025842343
3468,137429,19.783697905834032
3469,137426,19.782174565827788
3470,137423,19.780651225821543
3471,137423,19.780651225821543
3472,137426,19.782174565827788
3473,137426,19.782174565827788
3474,137421,19.77963566581738
3475,137415,19.776588985804906
3476,137414,19.776081205802825
3477,137418,19.77811232581115
3478,137421,19.77963566581738
3479,137423,19.780651225821543
3480,137425,19.781666785825706
3481,137425,19.781666785825706
3482,137419,19.778620105813232
3483,137415,19.776588985804906
3484,137413,19.775573425800744
3485,137411,19.774557865796595
3486,137406,19.772018965786188
3487,137404,19.771003405782025
3488,137406,19.772018965786188
3489,137408,19.77303452579035
3490,137409,19.773542305792432
3491,137410,19.774050085794514
3492,137414,19.776081205802825
3493,137422,19.780143445819462
3494,137427,19.78268234582987
3495,137426,19.782174565827788
3496,137418,19.77811232581115
3497,137410,19.774050085794514
3498,137407,19.77252674578827
3499,137412,19.775065645798662
3500,137419,19.778620105813232
3501,137423,19.780651225821543
3502,137420,19.779127885815313
3503,137414,19.776081205802825
3504,137412,19.775065645798662
3505,137411,19.774557865796595
3506,137412,19.775065645798662
3507,137416,19.777096765806988
3508,137424,19.781159005823625
3509,137429,19.783697905834032
3510,137428,19.78319012583195
3511,137423,19.780651225821543
3512,137420,19.779127885815313
3513,137420,19.779127885815313
3514,137420,19.779127885815313
3515,137419,19.778620105813232
3516,137415,19.776588985804906
3517,137413,19.775573425800744
3518,137415,19.776588985804906
3519,137421,19.77963566581738
3520,137424,19.781159005823625
3521,137421,19.77963566581738
3522,137418,19.77811232581115
3523,137419,19.778620105813232
3524,137421,19.77963566581738
3525,137422,19.780143445819462
3526,137422,19.780143445819462
3527,137422,19.780143445819462
3528,137424,19.781159005823625
3529,137425,19.781666785825706
3530,137420,19.779127885815313
3531,137415,19.776588985804906
3532,137417,19.77760454580907
3533,137423,19.780651225821543
3534,137427,19.78268234582987
3535,137427,19.78268234582987
3536,137423,19.780651225821543
3537,137419,19.778620105813232
3538,137417,19.77760454580907
3539,137416,19.777096765806988
3540,137418,19.77811232581115
3541,137422,19.780143445819462
3542,137426,19.782174565827788
3543,137424,19.781159005823625
3544,137415,19.776588985804906
3545,137411,19.774557865796595
3546,137416,19.777096765806988
3547,137426,19.782174565827788
3548,137429,19.783697905834032
3549,137424,19.781159005823625
3550,137418,19.77811232581115
3551,137416,19.777096765806988
3552,137419,19.778620105813232
3553,137420,19.779127885815313
3554,137420,19.779127885815313
3555,137419,19.778620105813232
3556,137418,19.77811232581115
3557,137417,19.77760454580907
3558,137418,19.77811232581115
3559,137420,19.779127885815313
3560,137422,19.780143445819462
3561,137423,19.780651225821543
3562,137428,19.78319012583195
3563,137430,19.7842056858361
3564,137425,19.781666785825706
3565,137420,19.779127885815313
3566,137421,19.77963566581738
3567,137425,19.781666785825706
3568,137424,19.781159005823625
3569,137418,19.77811232581115
3570,137411,19.774557865796595
3571,137410,19.774050085794514
3572,137413,19.775573425800744
3573,137417,19.77760454580907
3574,137423,19.780651225821543
3575,137430,19.7842056858361
3576,137431,19.78471346583818
3577,137425,19.781666785825706
3578,137418,19.77811232581115
3579,137415,19.776588985804906
3580,137416,19.777096765806988
3581,137418,19.77811232581115
3582,137421,19.77963566581738
3583,137423,19.780651225821543
3584,137425,19.781666785825706
3585,137425,19.781666785825706
3586,137423,19.780651225821543
3587,137420,19.779127885815313
3588,137419,19.778620105813232
3589,137420,19.779127885815313
3590,137419,19.778620105813232
3591,137420,19.779127885815313
3592,137421,19.77963566581738
3593,137424,19.781159005823625
3594,137425,19.781666785825706
3595,137420,19.779127885815313
3596,137416,19.777096765806988
3597,137420,19.779127885815313
3598,137424,19.781159005823625
3599,137421,19.77963566581738
3600,137419,19.778620105813232
3601,137420,19.779127885815313
3602,137421,19.77963566581738
3603,137424,19.781159005823625
3604,137427,19.78268234582987
3605,137427,19.78268234582987
3606,137428,19.78319012583195
3607,137429,19.783697905834032
3608,137426,19.782174565827788
3609,137420,19.779127885815313
3610,137418,19.77811232581115
3611,137421,19.77963566581738
3612,137424,19.781159005823625
3613,137421,19.77963566581738
3614,137418,19.77811232581115
3615,137420,19.779127885815313
3616,137426,19.782174565827788
3617,137432,19.785221245840262
3618,137430,19.7842056858361
3619,137420,19.779127885815313
3620,137411,19.774557865796595
3621,137413,19.775573425800744
3622,137418,19.77811232581115
3623,137420,19.779127885815313
3624,137418,19.77811232581115
3625,137419,19.778620105813232
3626,137421,19.77963566581738
3627,137423,19.780651225821543
3628,137423,19.780651225821543
3629,137420,19.779127885815313
3630,137417,19.77760454580907
3631,137418,19.77811232581115
3632,137422,19.780143445819462
3633,137423,19.780651225821543
3634,137423,19.780651225821543
3635,137422,19.780143445819462
3636,137420,19.779127885815313
3637,137421,19.77963566581738
3638,137421,19.77963566581738
3639,137422,19.780143445819462
3640,137421,19.77963566581738
3641,137419,19.778620105813232
3642,137416,19.777096765806988
3643,137417,19.77760454580907
3644,137422,19.780143445819462
3645,137428,19.78319012583195
3646,137432,19.785221245840262
3647,137432,19.785221245840262
3648,137431,19.78471346583818
3649,137428,19.78319012583195
3650,137423,19.780651225821543
3651,137415,19.776588985804906
3652,137413,19.775573425800744
3653,137415,19.776588985804906
3654,137419,19.778620105813232
3655,137423,19.780651225821543
3656,137428,19.78319012583195
3657,137431,19.78471346583818
3658,137430,19.7842056858361
3659,137427,19.78268234582987
3660,137422,19.780143445819462
3661,137418,19.77811232581115
3662,137417,19.77760454580907
3663,137418,19.77811232581115
3664,137419,19.778620105813232
3665,137416,19.777096765806988
3666,137412,19.775065645798662
3667,137414,19.776081205802825
3668,137421,19.77963566581738
3669,137429,19.783697905834032
3670,137431,19.78471346583818
3671,137423,19.780651225821543
3672,137419,19.778620105813232
3673,137427,19.78268234582987
3674,137437,19.78776014585067
3675,137437,19.78776014585067
3676,137429,19.783697905834032
3677,137422,19.780143445819462
3678,137420,19.779127885815313
3679,137423,19.780651225821543
3680,137424,19.781159005823625
3681,137422,19.780143445819462
3682,137420,19.779127885815313
3683,137418,19.77811232581115
3684,137416,19.777096765806988
3685,137417,19.77760454580907
3686,137418,19.77811232581115
3687,137419,19.778620105813232
3688,137418,19.77811232581115
3689,137418,19.77811232581115
3690,137417,19.77760454580907
3691,137416,19.777096765806988
3692,137414,19.776081205802825
3693,137411,19.774557865796595
3694,137414,19.776081205802825
3695,137422,19.780143445819462
3696,137429,19.783697905834032
3697,137428,19.78319012583195
3698,137426,19.782174565827788
3699,137426,19.782174565827788
3700,137425,19.781666785825706
3701,137418,19.77811232581115
3702,137412,19.775065645798662
3703,137412,19.775065645798662
3704,137414,19.776081205802825
3705,137413,19.775573425800744
3706,137412,19.775065645798662
3707,137415,19.776588985804906
3708,137420,19.779127885815313
3709,137424,19.781159005823625
3710,137430,19.7842056858361
3711,137433,19.785729025842343
3712,137433,19.785729025842343
3713,137432,19.785221245840262
3714,137428,19.78319012583195
3715,137421,19.77963566581738
3716,137413,19.775573425800744
3717,137407,19.77252674578827
3718,137408,19.77303452579035
3719,137416,19.777096765806988
3720,137424,19.781159005823625
3721,137425,19.781666785825706
3722,137422,19.780143445819462
3723,137416,19.777096765806988
3724,137409,19.773542305792432
3725,137409,19.773542305792432
3726,137415,19.776588985804906
3727,137420,19.779127885815313
3728,137420,19.779127885815313
3729,137416,19.777096765806988
3730,137416,19.777096765806988
3731,137423,19.780651225821543
3732,137429,19.783697905834032
3733,137428,19.78319012583195
3734,137418,19.77811232581115
3735,137407,19.77252674578827
3736,137406,19.772018965786188
3737,137414,19.776081205802825
3738,137424,19.781159005823625
3739,137425,19.781666785825706
3740,137419,19.778620105813232
3741,137415,19.776588985804906
3742,137417,19.77760454580907
3743,137421,19.77963566581738
3744,137417,19.77760454580907
3745,137408,19.77303452579035
3746,137408,19.77303452579035
3747,137418,19.77811232581115
3748,137424,19.781159005823625
3749,137422,19.780143445819462
3750,137420,19.779127885815313
3751,137420,19.779127885815313
3752,137422,19.780143445819462
3753,137422,19.780143445819462
3754,137423,19.780651225821543
3755,137428,19.78319012583195
3756,137429,19.783697905834032
3757,137422,19.780143445819462
3758,137417,19.77760454580907
3759,137418,19.77811232581115
3760,137422,19.780143445819462
3761,137422,19.780143445819462
3762,137420,19.779127885815313
3763,137418,19.77811232581115
3764,137418,19.77811232581115
3765,137416,19.777096765806988
3766,137416,19.777096765806988
3767,137419,19.778620105813232
3768,137422,19.780143445819462
3769,137421,19.77963566581738
3770,137421,19.77963566581738
3771,137423,19.780651225821543
3772,137421,19.77963566581738
3773,137416,19.777096765806988
3774,137413,19.775573425800744
3775,137415,19.776588985804906
3776,137418,19.77811232581115
3777,137420,19.779127885815313
3778,137420,19.779127885815313
3779,137423,19.780651225821543
3780,137427,19.78268234582987
3781,137427,19.78268234582987
3782,137423,19.780651225821543
3783,137418,19.77811232581115
3784,137418,19.77811232581115
3785,137420,19.779127885815313
3786,137420,19.779127885815313
3787,137418,19.77811232581115
3788,137417,19.77760454580907
3789,137420,19.779127885815313
3790,137423,19.780651225821543
3791,137426,19.782174565827788
3792,137425,19.781666785825706
3793,137422,19.780143445819462
3794,137419,19.778620105813232
3795,137418,19.77811232581115
3796,137421,19.77963566581738
3797,137423,19.780651225821543
3798,137419,19.778620105813232
3799,137415,19.776588985804906
3800,137417,19.77760454580907
3801,137422,19.780143445819462
3802,137423,19.780651225821543
3803,137419,19.778620105813232
3804,137417,19.77760454580907
3805,137419,19.778620105813232
3806,137417,19.77760454580907
3807,137411,19.774557865796595
3808,137409,19.773542305792432
3809,137414,19.776081205802825
3810,137423,19.780651225821543
3811,137428,19.78319012583195
3812,137427,19.78268234582987
3813,137422,19.780143445819462
3814,137422,19.780143445819462
3815,137427,19.78268234582987
3816,137429,19.783697905834032
3817,137425,19.781666785825706
3818,137419,19.778620105813232
3819,137420,19.779127885815313
3820,137423,19.780651225821543
3821,137424,19.781159005823625
3822,137420,19.779127885815313
3823,137413,19.775573425800744
3824,137407,19.77252674578827
3825,137409,19.773542305792432
3826,137416,19.777096765806988
3827,137422,19.780143445819462
3828,137424,19.781159005823625
3829,137424,19.781159005823625
3830,137422,19.780143445819462
3831,137420,19.779127885815313
3832,137420,19.779127885815313
3833,137422,19.780143445819462
3834,137422,19.780143445819462
3835,137420,19.779127885815313
3836,137420,19.779127885815313
3837,137424,19.781159005823625
3838,137428,19.78319012583195
3839,137429,19.783697905834032
3840,137428,19.78319012583195
3841,137426,19.782174565827788
3842,137425,19.781666785825706
3843,137425,19.781666785825706
3844,137423,19.780651225821543
3845,137421,19.77963566581738
3846,137419,19.778620105813232
3847,137417,19.77760454580907
3848,137413,19.775573425800744
3849,137413,19.775573425800744
3850,137419,19.778620105813232
3851,137425,19.781666785825706
3852,137423,19.780651225821543
3853,137421,19.77963566581738
3854,137424,19.781159005823625
3855,137430,19.7842056858361
3856,137434,19.786236805844425
3857,137434,19.786236805844425
3858,137428,19.78319012583195
3859,137418,19.77811232581115
3860,137412,19.775065645798662
3861,137412,19.775065645798662
3862,137414,19.776081205802825
3863,137413,19.775573425800744
3864,137412,19.775065645798662
3865,137415,19.776588985804906
3866,137417,19.77760454580907
3867,137418,19.77811232581115
3868,137421,19.77963566581738
3869,137427,19.78268234582987
3870,137431,19.78471346583818
3871,137428,19.78319012583195
3872,137425,19.781666785825706
3873,137425,19.781666785825706
3874,137424,19.781159005823625
3875,137417,19.77760454580907
3876,137414,19.776081205802825
3877,137420,19.779127885815313
3878,137427,19.78268234582987
3879,137429,19.783697905834032
3880,137431,19.78471346583818
3881,137431,19.78471346583818
3882,137421,19.77963566581738
3883,137412,19.775065645798662
3884,137412,19.775065645798662
3885,137419,19.778620105813232
3886,137425,19.781666785825706
3887,137426,19.782174565827788
3888,137423,19.780651225821543
3889,137420,19.779127885815313
3890,137418,19.77811232581115
3891,137415,19.776588985804906
3892,137412,19.775065645798662
3893,137415,19.776588985804906
3894,137421,19.77963566581738
3895,137425,19.781666785825706
3896,137424,19.781159005823625
3897,137422,19.780143445819462
3898,137424,19.781159005823625
3899,137427,19.78268234582987
3900,137424,19.781159005823625
3901,137417,19.77760454580907
3902,137412,19.775065645798662
3903,137411,19.774557865796595
3904,137417,19.77760454580907
3905,137425,19.781666785825706
3906,137428,19.78319012583195
3907,137426,19.782174565827788
3908,137422,19.780143445819462
3909,137417,19.77760454580907
3910,137417,19.77760454580907
3911,137416,19.777096765806988
3912,137413,19.775573425800744
3913,137411,19.774557865796595
3914,137411,19.774557865796595
3915,137413,19.775573425800744
3916,137414,19.776081205802825
3917,137415,19.776588985804906
3918,137416,19.777096765806988
3919,137420,19.779127885815313
3920,137427,19.78268234582987
3921,137432,19.785221245840262
3922,137429,19.783697905834032
3923,137422,19.780143445819462
3924,137422,19.780143445819462
3925,137427,19.78268234582987
3926,137430,19.7842056858361
3927,137428,19.78319012583195
3928,137429,19.783697905834032
3929,137434,19.786236805844425
3930,137434,19.786236805844425
3931,137427,19.78268234582987
3932,137419,19.778620105813232
3933,137417,19.77760454580907
3934,137419,19.778620105813232
3935,137421,19.77963566581738
3936,137421,19.77963566581738
3937,137418,19.77811232581115
3938,137418,19.77811232581115
3939,137422,19.780143445819462
3940,137424,19.781159005823625
3941,137419,19.778620105813232
3942,137410,19.774050085794514
3943,137408,19.77303452579035
3944,137416,19.777096765806988
3945,137422,19.780143445819462
3946,137421,19.77963566581738
3947,137418,19.77811232581115
3948,137420,19.779127885815313
3949,137425,19.781666785825706
3950,137430,19.7842056858361
3951,137428,19.78319012583195
3952,137423,19.780651225821543
3953,137419,19.778620105813232
3954,137419,19.778620105813232
3955,137420,19.779127885815313
3956,137421,19.77963566581738
3957,137420,19.779127885815313
3958,137421,19.77963566581738
3959,137424,19.781159005823625
3960,137428,19.78319012583195
3961,137428,19.78319012583195
3962,137424,19.781159005823625
3963,137421,19.77963566581738
3964,137425,19.781666785825706
3965,137431,19.78471346583818
3966,137434,19.786236805844425
3967,137433,19.785729025842343
3968,137430,19.7842056858361
3969,137428,19.78319012583195
3970,137426,19.782174565827788
3971,137421,19.77963566581738
3972,137413,19.775573425800744
3973,137406,19.772018965786188
3974,137407,19.77252674578827
3975,137414,19.776081205802825
3976,137418,19.77811232581115
3977,137417,19.77760454580907
3978,137418,19.77811232581115
3979,137419,19.778620105813232
3980,137420,19.779127885815313
3981,137418,19.77811232581115
3982,137414,19.776081205802825
3983,137413,19.775573425800744
3984,137420,19.779127885815313
3985,137428,19.78319012583195
3986,137431,19.78471346583818
3987,137426,19.782174565827788
3988,137421,19.77963566581738
3989,137421,19.77963566581738
3990,137425,19.781666785825706
3991,137426,19.782174565827788
3992,137424,19.781159005823625
3993,137422,19.780143445819462
3994,137422,19.780143445819462
3995,137420,19.779127885815313
3996,137420,19.779127885815313
3997,137420,19.779127885815313
3998,137419,19.778620105813232
3999,137415,19.776588985804906
4000,137414,19.776081205802825
4001,137417,19.77760454580907
4002,137421,19.77963566581738
4003,137420,19.779127885815313
4004,137415,19.776588985804906
4005,137415,19.776588985804906
4006,137421,19.77963566581738
4007,137426,19.782174565827788
4008,137426,19.782174565827788
4009,137422,19.780143445819462
4010,137421,19.77963566581738
4011,137423,19.780651225821543
4012,137424,19.781159005823625
4013,137421,19.77963566581738
4014,137418,19.77811232581115
4015,137418,19.77811232581115
4016,137418,19.77811232581115
4017,137420,19.779127885815313
4018,137423,19.780651225821543
4019,137425,19.781666785825706
4020,137424,19.781159005823625
4021,137420,19.779127885815313
4022,137417,19.77760454580907
4023,137416,19.777096765806988
4024,137417,19.77760454580907
4025,137420,19.779127885815313
4026,137423,19.780651225821543
4027,137425,19.781666785825706
4028,137423,19.780651225821543
4029,137417,19.77760454580907
4030,137412,19.775065645798662
4031,137411,19.774557865796595
4032,137419,19.778620105813232
4033,137424,19.781159005823625
4034,137419,19.778620105813232
4035,137410,19.774050085794514
4036,137410,19.774050085794514
4037,137416,19.777096765806988
4038,137424,19.781159005823625
4039,137428,19.78319012583195
4040,137426,19.782174565827788
4041,137425,19.781666785825706
4042,137427,19.78268234582987
4043,137428,19.78319012583195
4044,137424,19.781159005823625
4045,137420,19.779127885815313
4046,137420,19.779127885815313
4047,137423,19.780651225821543
4048,137426,19.782174565827788
4049,137425,19.781666785825706
4050,137423,19.780651225821543
4051,137422,19.780143445819462
4052,137421,19.77963566581738
4053,137419,19.778620105813232
4054,137417,19.77760454580907
4055,137419,19.778620105813232
4056,137420,19.779127885815313
4057,137416,19.777096765806988
4058,137409,19.773542305792432
4059,137404,19.771003405782025
4060,137406,19.772018965786188
4061,137413,19.775573425800744
4062,137422,19.780143445819462
4063,137428,19.78319012583195
4064,137430,19.7842056858361
4065,137424,19.781159005823625
4066,137415,19.776588985804906
4067,137411,19.774557865796595
4068,137414,19.776081205802825
4069,137419,19.778620105813232
4070,137421,19.77963566581738
4071,137419,19.778620105813232
4072,137416,19.777096765806988
4073,137418,19.77811232581115
4074,137422,19.780143445819462
4075,137424,19.781159005823625
4076,137422,19.780143445819462
4077,137418,19.77811232581115
4078,137416,19.777096765806988
4079,137418,19.77811232581115
4080,137422,19.780143445819462
4081,137425,19.781666785825706
4082,137425,19.781666785825706
4083,137422,19.780143445819462
4084,137417,19.77760454580907
4085,137416,19.777096765806988
4086,137419,19.778620105813232
4087,137422,19.780143445819462
4088,137422,19.780143445819462
4089,137422,19.780143445819462
4090,137423,19.780651225821543
4091,137423,19.780651225821543
4092,137423,19.780651225821543
4093,137424,19.781159005823625
4094,137423,19.780651225821543
4095,137417,19.77760454580907
4096,137411,19.774557865796595
4097,137410,19.774050085794514
4098,137413,19.775573425800744
4099,137416,19.777096765806988
4100,137417,19.77760454580907
4101,137421,19.77963566581738
4102,137427,19.78268234582987
4103,137428,19.78319012583195
4104,137422,19.780143445819462
4105,137414,19.776081205802825
4106,137411,19.774557865796595
4107,137409,19.773542305792432
4108,137407,19.77252674578827
4109,137409,19.773542305792432
4110,137417,19.77760454580907
4111,137422,19.780143445819462
4112,137422,19.780143445819462
4113,137420,19.779127885815313
4114,137420,19.779127885815313
4115,137422,19.780143445819462
4116,137426,19.782174565827788
4117,137428,19.78319012583195
4118,137426,19.782174565827788
4119,137420,19.779127885815313
4120,137415,19.776588985804906
4121,137416,19.777096765806988
4122,137419,19.778620105813232
4123,137419,19.778620105813232
4124,137417,19.77760454580907
4125,137417,19.77760454580907
4126,137416,19.777096765806988
4127,137414,19.776081205802825
4128,137414,19.776081205802825
4129,137417,19.77760454580907
4130,137420,19.779127885815313
4131,137417,19.77760454580907
4132,137412,19.775065645798662
4133,137415,19.776588985804906
4134,137425,19.781666785825706
4135,137428,19.78319012583195
4136,137421,19.77963566581738
4137,137412,19.775065645798662
4138,137408,19.77303452579035
4139,137411,19.774557865796595
4140,137417,19.77760454580907
4141,137423,19.780651225821543
4142,137423,19.780651225821543
4143,137421,19.77963566581738
4144,137421,19.77963566581738
4145,137424,19.781159005823625
4146,137424,19.781159005823625
4147,137419,19.778620105813232
4148,137418,19.77811232581115
4149,137421,19.77963566581738
4150,137424,19.781159005823625
4151,137422,19.780143445819462
4152,137420,19.779127885815313
4153,137422,19.780143445819462
4154,137424,19.781159005823625
4155,137421,19.77963566581738
4156,137416,19.777096765806988
4157,137414,19.776081205802825
4158,137416,19.777096765806988
4159,137415,19.776588985804906
4160,137416,19.777096765806988
4161,137418,19.77811232581115
4162,137420,19.779127885815313
4163,137420,19.779127885815313
4164,137419,19.778620105813232
4165,137417,19.77760454580907
4166,137421,19.77963566581738
4167,137425,19.781666785825706
4168,137425,19.781666785825706
4169,137426,19.782174565827788
4170,137429,19.783697905834032
4171,137431,19.78471346583818
4172,137428,19.78319012583195
4173,137421,19.77963566581738
4174,137418,19.77811232581115
4175,137421,19.77963566581738
4176,137425,19.781666785825706
4177,137426,19.782174565827788
4178,137422,19.780143445819462
4179,137416,19.777096765806988
4180,137410,19.774050085794514
4181,137409,19.773542305792432
4182,137416,19.777096765806988
4183,137421,19.77963566581738
4184,137422,19.780143445819462
4185,137420,19.779127885815313
4186,137419,19.778620105813232
4187,137421,19.77963566581738
4188,137426,19.782174565827788
4189,137429,19.783697905834032
4190,137427,19.78268234582987
4191,137420,19.779127885815313
4192,137415,19.776588985804906
4193,137414,19.776081205802825
4194,137414,19.776081205802825
4195,137416,19.777096765806988
4196,137421,19.77963566581738
4197,137427,19.78268234582987
4198,137427,19.78268234582987
4199,137423,19.780651225821543
4200,137421,19.77963566581738
4201,137420,19.779127885815313
4202,137419,19.778620105813232
4203,137418,19.77811232581115
4204,137420,19.779127885815313
4205,137422,19.780143445819462
4206,137421,19.77963566581738
4207,137420,19.779127885815313
4208,137422,19.780143445819462
4209,137425,19.781666785825706
4210,137423,19.780651225821543
4211,137420,19.779127885815313
4212,137417,19.77760454580907
4213,137417,19.77760454580907
4214,137420,19.779127885815313
4215,137425,19.781666785825706
4216,137425,19.781666785825706
4217,137423,19.780651225821543
4218,137423,19.780651225821543
4219,137422,19.780143445819462
4220,137419,19.778620105813232
4221,137415,19.776588985804906
4222,137412,19.775065645798662
4223,137412,19.775065645798662
4224,137415,19.776588985804906
4225,137419,19.778620105813232
4226,137422,19.780143445819462
4227,137424,19.781159005823625
4228,137425,19.781666785825706
4229,137427,19.78268234582987
4230,137428,19.78319012583195
4231,137425,19.781666785825706
4232,137416,19.777096765806988
4233,137412,19.775065645798662
4234,137414,19.776081205802825
4235,137418,19.77811232581115
4236,137420,19.779127885815313
4237,137421,19.77963566581738
4238,137422,19.780143445819462
4239,137425,19.781666785825706
4240,137426,19.782174565827788
4241,137423,19.780651225821543
4242,137421,19.77963566581738
4243,137422,19.780143445819462
4244,137422,19.780143445819462
4245,137422,19.780143445819462
4246,137421,19.77963566581738
4247,137420,19.779127885815313
4248,137420,19.779127885815313
4249,137419,19.778620105813232
4250,137416,19.777096765806988
4251,137418,19.77811232581115
4252,137424,19.781159005823625
4253,137427,19.78268234582987
4254,137426,19.782174565827788
4255,137425,19.781666785825706
4256,137426,19.782174565827788
4257,137427,19.78268234582987
4258,137428,19.78319012583195
4259,137429,19.783697905834032
4260,137429,19.783697905834032
4261,137425,19.781666785825706
4262,137418,19.77811232581115
4263,137416,19.777096765806988
4264,137420,19.779127885815313
4265,137421,19.77963566581738
4266,137418,19.77811232581115
4267,137415,19.776588985804906
4268,137413,19.775573425800744
4269,137412,19.775065645798662
4270,137411,19.774557865796595
4271,137414,19.776081205802825
4272,137418,19.77811232581115
4273,137421,19.77963566581738
4274,137420,19.779127885815313
4275,137418,19.77811232581115
4276,137417,19.77760454580907
4277,137416,19.777096765806988
4278,137415,19.776588985804906
4279,137415,19.776588985804906
4280,137420,19.779127885815313
4281,137428,19.78319012583195
4282,137436,19.787252365848587
4283,137437,19.78776014585067
4284,137425,19.781666785825706
4285,137413,19.775573425800744
4286,137411,19.774557865796595
4287,137418,19.77811232581115
4288,137428,19.78319012583195
4289,137430,19.7842056858361
4290,137424,19.781159005823625
4291,137420,19.779127885815313
4292,137423,19.780651225821543
4293,137428,19.78319012583195
4294,137430,19.7842056858361
4295,137429,19.783697905834032
4296,137426,19.782174565827788
4297,137426,19.782174565827788
4298,137427,19.78268234582987
4299,137427,19.78268234582987
4300,137426,19.782174565827788
4301,137427,19.78268234582987
4302,137425,19.781666785825706
4303,137420,19.779127885815313
4304,137414,19.776081205802825
4305,137409,19.773542305792432
4306,137410,19.774050085794514
4307,137414,19.776081205802825
4308,137417,19.77760454580907
4309,137418,19.77811232581115
4310,137418,19.77811232581115
4311,137419,19.778620105813232
4312,137418,19.77811232581115
4313,137413,19.775573425800744
4314,137410,19.774050085794514
4315,137410,19.774050085794514
4316,137416,19.777096765806988
4317,137423,19.780651225821543
4318,137427,19.78268234582987
4319,137427,19.78268234582987
4320,137426,19.782174565827788
4321,137429,19.783697905834032
4322,137432,19.785221245840262
4323,137428,19.78319012583195
4324,137425,19.781666785825706
4325,137425,19.781666785825706
4326,137423,19.780651225821543
4327,137416,19.777096765806988
4328,137413,19.775573425800744
4329,137415,19.776588985804906
4330,137417,19.77760454580907
4331,137418,19.77811232581115
4332,137419,19.778620105813232
4333,137421,19.77963566581738
4334,137423,19.780651225821543
4335,137421,19.77963566581738
4336,137418,19.77811232581115
4337,137416,19.777096765806988
4338,137417,19.77760454580907
4339,137420,19.779127885815313
4340,137425,19.781666785825706
4341,137427,19.78268234582987
4342,137423,19.780651225821543
4343,137417,19.77760454580907
4344,137413,19.775573425800744
4345,137413,19.775573425800744
4346,137413,19.775573425800744
4347,137413,19.775573425800744
4348,137413,19.775573425800744
4349,137413,19.775573425800744
4350,137415,19.776588985804906
4351,137423,19.780651225821543
4352,137429,19.783697905834032
4353,137427,19.78268234582987
4354,137421,19.77963566581738
4355,137417,19.77760454580907
4356,137416,19.777096765806988
4357,137416,19.777096765806988
4358,137413,19.775573425800744
4359,137410,19.774050085794514
4360,137413,19.775573425800744
4361,137419,19.778620105813232
4362,137423,19.780651225821543
4363,137425,19.781666785825706
4364,137426,19.782174565827788
4365,137425,19.781666785825706
4366,137421,19.77963566581738
4367,137414,19.776081205802825
4368,137410,19.774050085794514
4369,137415,19.776588985804906
4370,137425,19.781666785825706
4371,137432,19.785221245840262
4372,137434,19.786236805844425
4373,137430,19.7842056858361
4374,137427,19.78268234582987
4375,137426,19.782174565827788
4376,137425,19.781666785825706
4377,137425,19.781666785825706
4378,137427,19.78268234582987
4379,137430,19.7842056858361
4380,137429,19.783697905834032
4381,137427,19.78268234582987
4382,137427,19.78268234582987
4383,137426,19.782174565827788
4384,137422,19.780143445819462
4385,137420,19.779127885815313
4386,137417,19.77760454580907
4387,137413,19.775573425800744
4388,137408,19.77303452579035
4389,137407,19.77252674578827
4390,137412,19.775065645798662
4391,137421,19.77963566581738
4392,137432,19.785221245840262
4393,137438,19.78826792585275
4394,137437,19.78776014585067
4395,137430,19.7842056858361
4396,137421,19.77963566581738
4397,137417,19.77760454580907
4398,137418,19.77811232581115
4399,137421,19.77963566581738
4400,137425,19.781666785825706
4401,137427,19.78268234582987
4402,137426,19.782174565827788
4403,137426,19.782174565827788
4404,137426,19.782174565827788
4405,137427,19.78268234582987
4406,137427,19.78268234582987
4407,137426,19.782174565827788
4408,137422,19.780143445819462
4409,137416,19.777096765806988
4410,137413,19.775573425800744
4411,137414,19.776081205802825
4412,137419,19.778620105813232
4413,137424,19.781159005823625
4414,137425,19.781666785825706
4415,137425,19.781666785825706
4416,137425,19.781666785825706
4417,137423,19.780651225821543
4418,137421,19.77963566581738
4419,137421,19.77963566581738
4420,137422,19.780143445819462
4421,137421,19.77963566581738
4422,137419,19.778620105813232
4423,137422,19.780143445819462
4424,137428,19.78319012583195
4425,137431,19.78471346583818
4426,137427,19.78268234582987
4427,137418,19.77811232581115
4428,137409,19.773542305792432
4429,137404,19.771003405782025
4430,137407,19.77252674578827
4431,137414,19.776081205802825
4432,137421,19.77963566581738
4433,137427,19.78268234582987
4434,137427,19.78268234582987
4435,137426,19.782174565827788
4436,137427,19.78268234582987
4437,137430,19.7842056858361
4438,137429,19.783697905834032
4439,137424,19.781159005823625
4440,137418,19.77811232581115
4441,137419,19.778620105813232
4442,137425,19.781666785825706
4443,137427,19.78268234582987
4444,137424,19.781159005823625
4445,137421,19.77963566581738
4446,137420,19.779127885815313
4447,137420,19.779127885815313
4448,137425,19.781666785825706
4449,137427,19.78268234582987
4450,137423,19.780651225821543
4451,137420,19.779127885815313
4452,137424,19.781159005823625
4453,137429,19.783697905834032
4454,137431,19.78471346583818
4455,137431,19.78471346583818
4456,137429,19.783697905834032
4457,137423,19.780651225821543
4458,137414,19.776081205802825
4459,137415,19.776588985804906
4460,137423,19.780651225821543
4461,137429,19.783697905834032
4462,137426,19.782174565827788
4463,137422,19.780143445819462
4464,137422,19.780143445819462
4465,137428,19.78319012583195
4466,137431,19.78471346583818
4467,137426,19.782174565827788
4468,137414,19.776081205802825
4469,137406,19.772018965786188
4470,137406,19.772018965786188
4471,137412,19.775065645798662
4472,137417,19.77760454580907
4473,137419,19.778620105813232
4474,137420,19.779127885815313
4475,137423,19.780651225821543
4476,137421,19.77963566581738
4477,137418,19.77811232581115
4478,137419,19.778620105813232
4479,137420,19.779127885815313
4480,137419,19.778620105813232
4481,137418,19.77811232581115
4482,137420,19.779127885815313
4483,137422,19.780143445819462
4484,137423,19.780651225821543
4485,137423,19.780651225821543
4486,137426,19.782174565827788
4487,137427,19.78268234582987
4488,137421,19.77963566581738
4489,137413,19.775573425800744
4490,137411,19.774557865796595
4491,137412,19.775065645798662
4492,137413,19.775573425800744
4493,137417,19.77760454580907
4494,137422,19.780143445819462
4495,137423,19.780651225821543
4496,137418,19.77811232581115
4497,137413,19.775573425800744
4498,137413,19.775573425800744
4499,137421,19.77963566581738
4500,137428,19.78319012583195
4501,137427,19.78268234582987
4502,137421,19.77963566581738
4503,137419,19.778620105813232
4504,137422,19.780143445819462
4505,137425,19.781666785825706
4506,137425,19.781666785825706
4507,137422,19.780143445819462
4508,137421,19.77963566581738
4509,137423,19.780651225821543
4510,137424,19.781159005823625
4511,137423,19.780651225821543
4512,137422,19.780143445819462
4513,137421,19.77963566581738
4514,137422,19.780143445819462
4515,137425,19.781666785825706
4516,137425,19.781666785825706
4517,137421,19.77963566581738
4518,137416,19.777096765806988
4519,137418,19.77811232581115
4520,137426,19.782174565827788
4521,137429,19.783697905834032
4522,137422,19.780143445819462
4523,137416,19.777096765806988
4524,137418,19.77811232581115
4525,137425,19.781666785825706
4526,137427,19.78268234582987
4527,137422,19.780143445819462
4528,137412,19.775065645798662
4529,137407,19.77252674578827
4530,137414,19.776081205802825
4531,137422,19.780143445819462
4532,137423,19.780651225821543
4533,137418,19.77811232581115
4534,137418,19.77811232581115
4535,137420,19.779127885815313
4536,137421,19.77963566581738
4537,137417,19.77760454580907
4538,137413,19.775573425800744
4539,137412,19.775065645798662
4540,137415,19.776588985804906
4541,137419,19.778620105813232
4542,137424,19.781159005823625
4543,137427,19.78268234582987
4544,137424,19.781159005823625
4545,137420,19.779127885815313
4546,137421,19.77963566581738
4547,137426,19.782174565827788
4548,137428,19.78319012583195
4549,137424,19.781159005823625
4550,137418,19.77811232581115
4551,137413,19.775573425800744
4552,137412,19.775065645798662
4553,137411,19.774557865796595
4554,137411,19.774557865796595
4555,137416,19.777096765806988
4556,137422,19.780143445819462
4557,137423,19.780651225821543
4558,137422,19.780143445819462
4559,137423,19.780651225821543
4560,137425,19.781666785825706
4561,137425,19.781666785825706
4562,137422,19.780143445819462
4563,137419,19.778620105813232
4564,137419,19.778620105813232
4565,137418,19.77811232581115
4566,137418,19.77811232581115
4567,137421,19.77963566581738
4568,137420,19.779127885815313
4569,137413,19.775573425800744
4570,137410,19.774050085794514
4571,137414,19.776081205802825
4572,137420,19.779127885815313
4573,137420,19.779127885815313
4574,137417,19.77760454580907
4575,137414,19.776081205802825
4576,137415,19.776588985804906
4577,137419,19.778620105813232
4578,137425,19.781666785825706
4579,137430,19.7842056858361
4580,137428,19.78319012583195
4581,137421,19.77963566581738
4582,137416,19.777096765806988
4583,137415,19.776588985804906
4584,137417,19.77760454580907
4585,137420,19.779127885815313
4586,137420,19.779127885815313
4587,137417,19.77760454580907
4588,137413,19.775573425800744
4589,137410,19.774050085794514
4590,137414,19.776081205802825
4591,137421,19.77963566581738
4592,137423,19.780651225821543
4593,137419,19.778620105813232
4594,137415,19.776588985804906
4595,137414,19.776081205802825
4596,137418,19.77811232581115
4597,137422,19.780143445819462
4598,137424,19.781159005823625
4599,137424,19.781159005823625
4600,137424,19.781159005823625
4601,137421,19.77963566581738
4602,137417,19.77760454580907
4603,137417,19.77760454580907
4604,137422,19.780143445819462
4605,137426,19.782174565827788
4606,137428,19.78319012583195
4607,137429,19.783697905834032
4608,137426,19.782174565827788
4609,137420,19.779127885815313
4610,137413,19.775573425800744
4611,137410,19.774050085794514
4612,137413,19.775573425800744
4613,137418,19.77811232581115
4614,137417,19.77760454580907
4615,137412,19.775065645798662
4616,137408,19.77303452579035
4617,137409,19.773542305792432
4618,137412,19.775065645798662
4619,137416,19.777096765806988
4620,137419,19.778620105813232
4621,137417,19.77760454580907
4622,137416,19.777096765806988
4623,137419,19.778620105813232
4624,137421,19.77963566581738
4625,137421,19.77963566581738
4626,137424,19.781159005823625
4627,137428,19.78319012583195
4628,137428,19.78319012583195
4629,137422,19.780143445819462
4630,137415,19.776588985804906
4631,137414,19.776081205802825
4632,137417,19.77760454580907
4633,137421,19.77963566581738
4634,137420,19.779127885815313
4635,137415,19.776588985804906
4636,137411,19.774557865796595
4637,137410,19.774050085794514
4638,137409,19.773542305792432
4639,137410,19.774050085794514
4640,137415,19.776588985804906
4641,137419,19.778620105813232
4642,137420,19.779127885815313
4643,137418,19.77811232581115
4644,137416,19.777096765806988
4645,137413,19.775573425800744
4646,137410,19.774050085794514
4647,137411,19.774557865796595
4648,137416,19.777096765806988
4649,137422,19.780143445819462
4650,137423,19.780651225821543
4651,137421,19.77963566581738
4652,137420,19.779127885815313
4653,137422,19.780143445819462
4654,137425,19.781666785825706
4655,137427,19.78268234582987
4656,137428,19.78319012583195
4657,137426,19.782174565827788
4658,137423,19.780651225821543
4659,137423,19.780651225821543
4660,137425,19.781666785825706
4661,137427,19.78268234582987
4662,137427,19.78268234582987
4663,137428,19.78319012583195
4664,137430,19.7842056858361
4665,137431,19.78471346583818
4666,137427,19.78268234582987
4667,137419,19.778620105813232
4668,137414,19.776081205802825
4669,137417,19.77760454580907
4670,137423,19.780651225821543
4671,137429,19.783697905834032
4672,137431,19.78471346583818
4673,137427,19.78268234582987
4674,137423,19.780651225821543
4675,137424,19.781159005823625
4676,137428,19.78319012583195
4677,137426,19.782174565827788
4678,137421,19.77963566581738
4679,137418,19.77811232581115
4680,137422,19.780143445819462
4681,137429,19.783697905834032
4682,137430,19.7842056858361
4683,137426,19.782174565827788
4684,137421,19.77963566581738
4685,137421,19.77963566581738
4686,137422,19.780143445819462
4687,137419,19.778620105813232
4688,137412,19.775065645798662
4689,137410,19.774050085794514
4690,137415,19.776588985804906
4691,137422,19.780143445819462
4692,137427,19.78268234582987
4693,137427,19.78268234582987
4694,137423,19.780651225821543
4695,137418,19.77811232581115
4696,137415,19.776588985804906
4697,137416,19.777096765806988
4698,137418,19.77811232581115
4699,137419,19.778620105813232
4700,137420,19.779127885815313
4701,137421,19.77963566581738
4702,137420,19.779127885815313
4703,137419,19.778620105813232
4704,137419,19.778620105813232
4705,137419,19.778620105813232
4706,137419,19.778620105813232
4707,137420,19.779127885815313
4708,137424,19.781159005823625
4709,137426,19.782174565827788
4710,137424,19.781159005823625
4711,137421,19.77963566581738
4712,137421,19.77963566581738
4713,137423,19.780651225821543
4714,137425,19.781666785825706
4715,137426,19.782174565827788
4716,137425,19.781666785825706
4717,137423,19.780651225821543
4718,137420,19.779127885815313
4719,137418,19.77811232581115
4720,137418,19.77811232581115
4721,137421,19.77963566581738
4722,137420,19.779127885815313
4723,137416,19.777096765806988
4724,137413,19.775573425800744
4725,137418,19.77811232581115
4726,137426,19.782174565827788
4727,137430,19.7842056858361
4728,137431,19.78471346583818
4729,137430,19.7842056858361
4730,137427,19.78268234582987
4731,137422,19.780143445819462
4732,137423,19.780651225821543
4733,137423,19.780651225821543
4734,137418,19.77811232581115
4735,137415,19.776588985804906
4736,137415,19.776588985804906
4737,137417,19.77760454580907
4738,137419,19.778620105813232
4739,137420,19.779127885815313
4740,137419,19.778620105813232
4741,137422,19.780143445819462
4742,137427,19.78268234582987
4743,137427,19.78268234582987
4744,137421,19.77963566581738
4745,137415,19.776588985804906
4746,137413,19.775573425800744
4747,137413,19.775573425800744
4748,137415,19.776588985804906
4749,137419,19.778620105813232
4750,137422,19.780143445819462
4751,137422,19.780143445819462
4752,137422,19.780143445819462
4753,137423,19.780651225821543
4754,137423,19.780651225821543
4755,137424,19.781159005823625
4756,137427,19.78268234582987
4757,137428,19.78319012583195
4758,137426,19.782174565827788
4759,137421,19.77963566581738
4760,137415,19.776588985804906
4761,137411,19.774557865796595
4762,137410,19.774050085794514
4763,137414,19.776081205802825
4764,137418,19.77811232581115
4765,137420,19.779127885815313
4766,137419,19.778620105813232
4767,137416,19.777096765806988
4768,137415,19.776588985804906
4769,137418,19.77811232581115
4770,137422,19.780143445819462
4771,137424,19.781159005823625
4772,137425,19.781666785825706
4773,137425,19.781666785825706
4774,137423,19.780651225821543
4775,137420,19.779127885815313
4776,137419,19.778620105813232
4777,137419,19.778620105813232
4778,137420,19.779127885815313
4779,137421,19.77963566581738
4780,137420,19.779127885815313
4781,137417,19.77760454580907
4782,137414,19.776081205802825
4783,137416,19.777096765806988
4784,137420,19.779127885815313
4785,137419,19.778620105813232
4786,137417,19.77760454580907
4787,137417,19.77760454580907
4788,137420,19.779127885815313
4789,137424,19.781159005823625
4790,137426,19.782174565827788
4791,137424,19.781159005823625
4792,137421,19.77963566581738
4793,137422,19.780143445819462
4794,137422,19.780143445819462
4795,137422,19.780143445819462
4796,137423,19.780651225821543
4797,137425,19.781666785825706
4798,137426,19.782174565827788
4799,137430,19.7842056858361
4800,137429,19.783697905834032
4801,137423,19.780651225821543
4802,137415,19.776588985804906
4803,137411,19.774557865796595
4804,137411,19.774557865796595
4805,137418,19.77811232581115
4806,137423,19.780651225821543
4807,137422,19.780143445819462
4808,137419,19.778620105813232
4809,137418,19.77811232581115
4810,137419,19.778620105813232
4811,137420,19.779127885815313
4812,137419,19.778620105813232
4813,137416,19.777096765806988
4814,137415,19.776588985804906
4815,137415,19.776588985804906
4816,137416,19.777096765806988
4817,137418,19.77811232581115
4818,137420,19.779127885815313
4819,137420,19.779127885815313
4820,137420,19.779127885815313
4821,137421,19.77963566581738
4822,137421,19.77963566581738
4823,137420,19.779127885815313
4824,137420,19.779127885815313
4825,137422,19.780143445819462
4826,137424,19.781159005823625
4827,137425,19.781666785825706
4828,137423,19.780651225821543
4829,137420,19.779127885815313
4830,137419,19.778620105813232
4831,137424,19.781159005823625
4832,137432,19.785221245840262
4833,137434,19.786236805844425
4834,137430,19.7842056858361
4835,137425,19.781666785825706
4836,137424,19.781159005823625
4837,137426,19.782174565827788
4838,137430,19.7842056858361
4839,137433,19.785729025842343
4840,137434,19.786236805844425
4841,137433,19.785729025842343
4842,137429,19.783697905834032
4843,137419,19.778620105813232
4844,137407,19.77252674578827
4845,137405,19.771511185784107
4846,137411,19.774557865796595
4847,137417,19.77760454580907
4848,137420,19.779127885815313
4849,137422,19.780143445819462
4850,137425,19.781666785825706
4851,137426,19.782174565827788
4852,137424,19.781159005823625
4853,137419,19.778620105813232
4854,137414,19.776081205802825
4855,137412,19.775065645798662
4856,137413,19.775573425800744
4857,137415,19.776588985804906
4858,137417,19.77760454580907
4859,137422,19.780143445819462
4860,137428,19.78319012583195
4861,137426,19.782174565827788
4862,137417,19.77760454580907
4863,137411,19.774557865796595
4864,137412,19.775065645798662
4865,137416,19.777096765806988
4866,137418,19.77811232581115
4867,137420,19.779127885815313
4868,137421,19.77963566581738
4869,137422,19.780143445819462
4870,137424,19.781159005823625
4871,137424,19.781159005823625
4872,137420,19.779127885815313
4873,137417,19.77760454580907
4874,137420,19.779127885815313
4875,137423,19.780651225821543
4876,137423,19.780651225821543
4877,137422,19.780143445819462
4878,137423,19.780651225821543
4879,137424,19.781159005823625
4880,137424,19.781159005823625
4881,137423,19.780651225821543
4882,137421,19.77963566581738
4883,137419,19.778620105813232
4884,137413,19.775573425800744
4885,137406,19.772018965786188
4886,137404,19.771003405782025
4887,137409,19.773542305792432
4888,137416,19.777096765806988
4889,137417,19.77760454580907
4890,137417,19.77760454580907
4891,137419,19.778620105813232
4892,137423,19.780651225821543
4893,137423,19.780651225821543
4894,137417,19.77760454580907
4895,137410,19.774050085794514
4896,137413,19.775573425800744
4897,137422,19.780143445819462
4898,137425,19.781666785825706
4899,137421,19.77963566581738
4900,137421,19.77963566581738
4901,137426,19.782174565827788
4902,137427,19.78268234582987
4903,137423,19.780651225821543
4904,137416,19.777096765806988
4905,137411,19.774557865796595
4906,137414,19.776081205802825
4907,137420,19.779127885815313
4908,137421,19.77963566581738
4909,137418,19.77811232581115
4910,137416,19.777096765806988
4911,137415,19.776588985804906
4912,137414,19.776081205802825
4913,137413,19.775573425800744
4914,137413,19.775573425800744
4915,137418,19.77811232581115
4916,137427,19.78268234582987
4917,137433,19.785729025842343
4918,137429,19.783697905834032
4919,137420,19.779127885815313
4920,137414,19.776081205802825
4921,137417,19.77760454580907
4922,137422,19.780143445819462
4923,137423,19.780651225821543
4924,137423,19.780651225821543
4925,137423,19.780651225821543
4926,137422,19.780143445819462
4927,137423,19.780651225821543
4928,137427,19.78268234582987
4929,137428,19.78319012583195
4930,137423,19.780651225821543
4931,137416,19.777096765806988
4932,137414,19.776081205802825
4933,137419,19.778620105813232
4934,137424,19.781159005823625
4935,137425,19.781666785825706
4936,137421,19.77963566581738
4937,137419,19.778620105813232
4938,137421,19.77963566581738
4939,137426,19.782174565827788
4940,137427,19.78268234582987
4941,137426,19.782174565827788
4942,137426,19.782174565827788
4943,137430,19.7842056858361
4944,137433,19.785729025842343
4945,137433,19.785729025842343
4946,137432,19.785221245840262
4947,137431,19.78471346583818
4948,137429,19.783697905834032
4949,137426,19.782174565827788
4950,137423,19.780651225821543
4951,137422,19.780143445819462
4952,137425,19.781666785825706
4953,137422,19.780143445819462
4954,137413,19.775573425800744
4955,137405,19.771511185784107
4956,137407,19.77252674578827
4957,137418,19.77811232581115
4958,137431,19.78471346583818
4959,137436,19.787252365848587
4960,137434,19.786236805844425
4961,137432,19.785221245840262
4962,137432,19.785221245840262
4963,137430,19.7842056858361
4964,137422,19.780143445819462
4965,137414,19.776081205802825
4966,137412,19.775065645798662
4967,137416,19.777096765806988
4968,137421,19.77963566581738
4969,137423,19.780651225821543
4970,137425,19.781666785825706
4971,137427,19.78268234582987
4972,137427,19.78268234582987
4973,137421,19.77963566581738
4974,137413,19.775573425800744
4975,137413,19.775573425800744
4976,137420,19.779127885815313
4977,137423,19.780651225821543
4978,137419,19.778620105813232
4979,137413,19.775573425800744
4980,137413,19.775573425800744
4981,137418,19.77811232581115
4982,137421,19.77963566581738
4983,137419,19.778620105813232
4984,137415,19.776588985804906
4985,137411,19.774557865796595
4986,137407,19.77252674578827
4987,137408,19.77303452579035
4988,137412,19.775065645798662
4989,137412,19.775065645798662
4990,137412,19.775065645798662
4991,137416,19.777096765806988
4992,137420,19.779127885815313
4993,137416,19.777096765806988
4994,137411,19.774557865796595
4995,137413,19.775573425800744
4996,137420,19.779127885815313
4997,137425,19.781666785825706
4998,137428,19.78319012583195
4999,137429,19.783697905834032
