frequency_hz,amplitude_g_peak
0.0,1.651910766542791e-05
0.8204773117062153,0.0001286569782805665
1.6409546234124306,3.167066074788052e-05
2.4614319351186458,0.00010588835599258499
3.281909246824861,0.00023985900384781623
4.102386558531077,0.00017476756637094376
4.9228638702372916,0.00015108008986464326
5.743341181943507,8.221673606298492e-05
6.563818493649722,0.0001507897568721285
7.384295805355937,0.0001563601930213366
8.204773117062153,9.699836483255618e-05
9.025250428768368,6.971592054710217e-05
9.845727740474583,0.00011430260030112081
10.666205052180798,9.292557946557852e-05
11.486682363887015,6.17578954539166e-05
12.30715967559323,9.390595304510094e-05
13.127636987299445,0.00011813238497828882
13.94811429900566,7.926182754931586e-05
14.768591610711875,0.00010026464303881344
15.589068922418091,0.0001341023461535499
16.409546234124306,0.00010362197202317713
17.23002354583052,0.0001197714174823615
18.050500857536736,0.00012154784670984286
18.870978169242953,5.7044580621300216e-05
19.691455480949166,4.799216802939722e-05
20.511932792655383,4.524739200027678e-05
21.332410104361596,8.812947909681959e-06
22.152887416067813,2.2513448531443096e-05
22.97336472777403,6.494086720549513e-05
23.793842039480243,0.00013004644018803179
24.61431935118646,0.0002563238616375277
25.434796662892673,0.00018885237762105795
26.25527397459889,8.160536097415035e-05
27.075751286305106,0.00010628599830299171
27.89622859801132,0.0001601515067054039
28.716705909717536,9.188131063277122e-05
29.53718322142375,8.19905052145886e-05
30.357660533129966,4.7002284268933034e-05
31.178137844836183,0.00017318574805198845
31.998615156542396,0.0001675991120761913
32.81909246824861,9.234661707030497e-05
33.639569779954826,8.714515766122699e-05
34.46004709166104,0.00013430228443031962
35.28052440336726,8.183186497172159e-05
36.10100171507347,2.6405035609751176e-05
36.921479026779686,8.791931614936177e-05
37.741956338485906,0.00015783435671040422
38.56243365019212,0.00015665851475826371
39.38291096189833,0.0001287577707761671
40.20338827360455,8.057782508924161e-05
41.023865585310766,4.041335647533501e-05
41.84434289701698,0.00018180709531251046
42.66482020872319,0.00013012353819392674
43.48529752042941,4.943057452838166e-05
44.305774832135626,7.947795610752987e-05
45.12625214384184,3.200683491998992e-05
45.94672945554806,7.04223528764447e-05
46.76720676725427,0.0001261768440879049
47.587684078960486,0.00015070503517581243
48.408161390666706,0.0001347972656281234
49.22863870237292,9.32563802395827e-05
50.04911601407913,0.00017518814732436216
50.869593325785345,8.892595018317046e-05
51.690070637491566,2.4734384251953926e-05
52.51054794919778,8.389827871172811e-05
53.33102526090399,0.00010939217292598607
54.15150257261021,7.253075559683221e-05
54.971979884316426,0.00010528790557400001
55.79245719602264,0.0002184155144215613
56.61293450772885,0.0001565735234807293
57.43341181943507,7.862581776957496e-05
58.253889131141285,2.6996014063782596e-05
59.0743664428475,5.04527222743797e-05
59.89484375455372,9.599410642112224e-05
60.71532106625993,0.00010699382814715397
61.535798377966145,6.287820824186061e-05
62.356275689672366,0.00014981367849097081
63.17675300137858,0.00014612472820911974
63.99723031308479,0.00011626616724650576
64.81770762479101,0.00010027433275451654
65.63818493649723,0.00017773484072745955
66.45866224820344,0.0002264062281275529
67.27913955990965,0.00022856910584991932
68.09961687161586,5.8734343827302076e-05
68.92009418332208,0.0001073486012916156
69.7405714950283,1.6182046576131947e-05
70.56104880673452,0.00013623326183750405
71.38152611844073,0.0001170227649093908
72.20200343014695,3.838638377831857e-05
73.02248074185316,9.295321233462047e-05
73.84295805355937,0.00021491519197936026
74.6634353652656,0.00025488672813006504
75.48391267697181,0.00021048476006056916
76.30438998867803,0.00017372596904490493
77.12486730038424,0.00010999474942228098
77.94534461209045,0.00010643921997618058
78.76582192379666,6.853968615504003e-05
79.58629923550288,0.00010630445221935372
80.4067765472091,0.00010455608919606298
81.22725385891532,4.734420218520812e-05
82.04773117062153,0.00011055424791912669
82.86820848232774,1.0978159135022897e-05
83.68868579403396,9.093864659717034e-05
84.50916310574017,0.000160653459524761
85.32964041744638,0.00012441364761849453
86.15011772915261,0.00010980678348099004
86.97059504085883,8.307006883360214e-05
87.79107235256504,0.0001502773792335449
88.61154966427125,5.230585043067408e-05
89.43202697597746,7.940185675830399e-05
90.25250428768368,3.5199050795157326e-05
91.07298159938989,8.674825455438635e-05
91.89345891109612,9.406349442593812e-05
92.71393622280233,7.287367813993184e-05
93.53441353450854,9.518746977258039e-06
94.35489084621476,9.144176885401395e-05
95.17536815792097,1.1571783307025638e-05
95.99584546962718,7.484778172948304e-05
96.81632278133341,8.669709355916924e-05
97.63680009303962,0.0001729001684139948
98.45727740474584,0.00013328217289502924
99.27775471645205,8.794218225064969e-05
100.09823202815826,0.00014411614219145643
100.91870933986448,8.601632279195381e-05
101.73918665157069,6.64444740646201e-05
102.55966396327692,0.00011749133302105301
103.38014127498313,0.00013571726019274548
104.20061858668934,0.0001697833996773799
105.02109589839556,0.00034087381656785505
105.84157321010177,0.00023687760157986096
106.66205052180798,0.00010991981758025373
107.4825278335142,0.00012187281934954508
108.30300514522042,0.00016235245553499579
109.12348245692664,7.493871480528695e-05
109.94395976863285,5.115576610817187e-05
110.76443708033906,2.2374381036275814e-05
111.58491439204528,7.691043422022166e-05
112.40539170375149,0.0001673711781994735
113.2258690154577,0.00010749955660486266
114.04634632716393,0.00020918056999952322
114.86682363887014,0.00016749227080536952
115.68730095057636,3.6901877343886923e-05
116.50777826228257,7.698357918974653e-05
117.32825557398878,6.399515997035237e-05
118.148732885695,4.445042918467139e-05
118.96921019740122,2.9434366870726716e-05
119.78968750910744,4.651832740209116e-05
120.61016482081365,0.0001066073220968788
121.43064213251986,0.00015338097456604809
122.25111944422608,0.00017095152846864994
123.07159675593229,0.00016979073340153336
123.8920740676385,0.00017474208366999463
124.71255137934473,8.530329686887069e-05
125.53302869105094,3.882895423286491e-06
126.35350600275716,0.00012242426756765417
127.17398331446337,0.00023707762520740544
127.99446062616958,0.00010554433364393661
128.8149379378758,0.0001378274670806237
129.63541524958202,3.7022788709251784e-05
130.45589256128824,5.685695950315434e-05
131.27636987299445,9.222698110956328e-05
132.09684718470066,8.863716494983709e-05
132.91732449640688,0.00016783444532654417
133.7378018081131,0.0002617823625187155
134.5582791198193,0.00024720925375632197
135.37875643152552,0.00011655450315046131
136.19923374323173,0.00018546230733129893
137.01971105493794,0.00012133530938823636
137.84018836664416,0.00010429330776477463
138.6606656783504,0.00010969754247294214
139.4811429900566,8.288813602504917e-05
140.30162030176282,0.00014005354470875963
141.12209761346904,8.928892899383707e-05
141.94257492517525,5.072140414159641e-05
142.76305223688146,0.00010642091874809967
143.58352954858768,0.00010975318119410699
144.4040068602939,0.00011745228024681177
145.2244841720001,7.124811164844154e-05
146.04496148370632,0.00017555710512307925
146.86543879541253,0.00020446557802494494
147.68591610711874,0.00015382134787134377
148.50639341882496,0.0001046515282663116
149.3268707305312,0.00010341797494250955
150.1473480422374,1.825339814253563e-05
150.96782535394362,0.0001229660909233027
151.78830266564984,8.016088120676764e-05
152.60877997735605,3.937400114645661e-05
153.42925728906226,8.570236741555555e-05
154.24973460076848,7.887670457238638e-05
155.0702119124747,0.00015462188339611987
155.8906892241809,0.00016676629878609845
156.71116653588712,0.00010496629360778512
157.53164384759333,9.745078549389478e-05
158.35212115929954,0.000123607328166247
159.17259847100576,0.00010154066946222156
159.99307578271197,9.856080902999488e-05
160.8135530944182,0.00018571158136336316
161.63403040612442,0.00022983055947051735
162.45450771783064,0.00012446276774310036
163.27498502953685,7.250403871396158e-05
164.09546234124306,0.00012427502963525638
164.91593965294928,8.302095823939636e-05
165.7364169646555,5.7278097623738774e-05
166.5568942763617,0.00011211206592108425
167.37737158806792,7.565738626680067e-05
168.19784889977413,5.668112339891771e-05
169.01832621148034,5.007676778678938e-05
169.83880352318656,0.00010740465535944811
170.65928083489277,7.891449391185015e-05
171.479758146599,6.947400893364766e-05
172.30023545830522,4.695313615043635e-05
173.12071277001144,0.00012388729875635937
173.94119008171765,0.00010556107486120536
174.76166739342386,4.934931408027956e-05
175.58214470513008,7.895769169884899e-05
176.4026220168363,0.00010332651307385676
177.2230993285425,5.2808003153436245e-05
178.04357664024872,9.44163529207473e-05
178.86405395195493,0.00012545214823661568
179.68453126366114,4.5285637826297154e-05
180.50500857536736,0.00011257488169207015
181.32548588707357,7.377734791538138e-05
182.14596319877978,3.59892077862868e-05
182.96644051048602,2.3797219607927732e-05
183.78691782219224,8.700480555582145e-05
184.60739513389845,6.742454779891708e-05
185.42787244560466,0.00016683261114250732
186.24834975731088,0.00019504919231145705
187.0688270690171,0.00013402082560704876
187.8893043807233,5.5318533293886076e-05
188.70978169242952,0.0001245512197783082
189.53025900413573,7.537186137057824e-05
190.35073631584194,6.713801927182234e-05
191.17121362754816,0.0001094918701315571
191.99169093925437,6.676771311105361e-05
192.81216825096058,4.822885408987976e-05
193.63264556266682,0.0001325713809220801
194.45312287437304,8.942361336425824e-05
195.27360018607925,9.809522853997638e-06
196.09407749778546,1.1358114831290785e-05
196.91455480949168,6.950352743994783e-05
197.7350321211979,0.00010473408248627235
198.5555094329041,9.088943577236282e-05
199.37598674461032,0.0002529429837920061
200.19646405631653,0.00021275401785951248
201.01694136802274,0.00020223031890128824
201.83741867972896,0.00015414845750042912
202.65789599143517,5.6018134489231104e-05
203.47837330314138,0.00012391560289569417
204.2988506148476,8.2773391794349e-05
205.11932792655384,0.0001176969471395337
205.93980523826005,0.0001478724460944321
206.76028254996626,7.82537179942919e-05
207.58075986167248,9.40660677006535e-05
208.4012371733787,4.952556878843183e-05
209.2217144850849,0.00011526465003133937
210.04219179679112,0.00017119046321433553
210.86266910849733,0.00014814916768838518
211.68314642020354,0.00015805589935180507
212.50362373190976,7.739213827074417e-05
213.32410104361597,0.00016497770279729553
214.14457835532218,0.00010595450130489662
214.9650556670284,7.412605912895629e-05
215.78553297873464,9.147346127232438e-05
216.60601029044085,3.716573679238287e-05
217.42648760214706,0.00010688312888548352
218.24696491385328,0.00018376273709156768
219.0674422255595,0.00015415721065807506
219.8879195372657,0.0001332218073483676
220.70839684897192,0.00012500295350961773
221.52887416067813,0.00010152970663642435
222.34935147238434,5.065303009418796e-05
223.16982878409056,0.0001328387238464391
223.99030609579677,9.146447252754058e-05
224.81078340750298,3.740078193742535e-05
225.6312607192092,2.609073488435209e-05
226.4517380309154,0.00011021013269027759
227.27221534262165,0.0001370660017673704
228.09269265432786,3.860702917758536e-05
228.91316996603408,0.00013995781441583494
229.7336472777403,0.00010993276334402546
230.5541245894465,0.00010848470734348438
231.37460190115272,0.00019363578379592706
232.19507921285893,6.27458391354486e-05
233.01555652456514,7.792400909316095e-05
233.83603383627135,0.00014617873526977937
234.65651114797757,0.00015737617251741914
235.47698845968378,7.670292563360298e-05
236.29746577139,4.546625172143989e-05
237.1179430830962,0.00013179899201977175
237.93842039480245,0.00015567671300771197
238.75889770650866,0.00012572730493172504
239.57937501821488,1.3399416791357287e-05
240.3998523299211,8.123000258917095e-05
241.2203296416273,9.2798862184659e-05
242.04080695333352,4.421006369320902e-05
242.86128426503973,7.440740148732308e-05
243.68176157674594,2.9895953562431823e-05
244.50223888845215,0.00018686944903882301
245.32271620015837,0.0002068826527383881
246.14319351186458,0.00010106657928229014
246.9636708235708,0.000232088445460096
247.784148135277,0.0002107309975769784
248.60462544698322,5.9043340574267597e-05
249.42510275868946,6.693283410632352e-05
250.24558007039568,0.00011118718884233918
251.0660573821019,5.3678545741657645e-05
251.8865346938081,6.190474087233783e-05
252.70701200551431,5.4565606663894315e-05
253.52748931722053,5.6055313070399796e-05
254.34796662892674,0.00018428248229744365
255.16844394063295,0.00021139117813913393
255.98892125233917,0.00023788298162201015
256.8093985640454,0.00013950765856606166
257.6298758757516,9.365161684120123e-05
258.45035318745784,5.2054910983723976e-05
259.27083049916405,0.00012620044665750176
260.09130781087026,0.00018308819648705032
260.9117851225765,0.00011707290993186053
261.7322624342827,7.95289952464156e-05
262.5527397459889,8.98999861239677e-05
263.3732170576951,4.097532069159374e-05
264.1936943694013,0.0001445086923736022
265.01417168110754,0.00018878709988464986
265.83464899281375,0.00014100482527493904
266.65512630451997,6.999801544717388e-05
267.4756036162262,3.839277859444412e-05
268.2960809279324,1.7044991711998523e-05
269.1165582396386,6.642572538235251e-05
269.9370355513448,0.0001578264005763197
270.75751286305103,0.00014185820844693603
271.57799017475725,4.835283656966888e-05
272.39846748646346,8.509672235639958e-05
273.2189447981697,0.00010910910079855811
274.0394221098759,6.837081753349683e-05
274.8598994215821,4.27108182292745e-05
275.6803767332883,0.00010297787605283432
276.5008540449946,0.00013569301192621638
277.3213313567008,8.495182041098262e-05
278.141808668407,7.362935968912024e-05
278.9622859801132,9.435217456400775e-05
279.78276329181944,0.00013863259161543006
280.60324060352565,9.563325928314125e-05
281.42371791523186,7.062024753446505e-05
282.2441952269381,9.545169699438489e-05
283.0646725386443,4.525760236560463e-05
283.8851498503505,0.00017675057035280347
284.7056271620567,0.00017410474257151118
285.5261044737629,0.0001741344400263168
286.34658178546914,4.234781292168845e-05
287.16705909717535,0.0001238364896692597
287.98753640888157,0.0001930088792878216
288.8080137205878,8.000817941669637e-05
289.628491032294,0.00011432293709702878
290.4489683440002,3.8483407259968016e-05
291.2694456557064,2.0385531712058818e-05
292.08992296741263,0.00015467209903573462
292.91040027911885,0.00018614570283969272
293.73087759082506,0.00014897955426002303
294.5513549025313,0.00012722588668818665
295.3718322142375,4.198051070446082e-05
296.1923095259437,3.36443706157964e-05
297.0127868376499,5.1826842315262544e-05
297.8332641493561,6.120431745149787e-05
298.6537414610624,9.106558215832267e-05
299.4742187727686,9.051996420360721e-05
300.2946960844748,8.726610847862769e-05
301.11517339618104,5.3883999331412e-05
301.93565070788725,0.00010798166137551278
302.75612801959346,0.0001346051761341227
303.5766053312997,1.2661873438431488e-05
304.3970826430059,0.00018722993916011138
305.2175599547121,0.0001441500712919861
306.0380372664183,2.596370699659739e-05
306.8585145781245,2.2720619442053096e-06
307.67899188983074,3.4228981176016525e-05
308.49946920153695,5.7761958525935915e-05
309.31994651324317,0.00012738375256520103
310.1404238249494,0.00010030393978817807
310.9609011366556,7.459039609478863e-05
311.7813784483618,0.0001455279800641928
312.601855760068,8.940257028437266e-05
313.42233307177423,4.418265207578517e-05
314.24281038348045,7.915647609904104e-05
315.06328769518666,0.00012998058969047635
315.8837650068929,0.0001136593534214452
316.7042423185991,5.057936627229106e-05
317.5247196303053,0.00013045743527073585
318.3451969420115,1.3243087207578485e-05
319.1656742537177,0.00011752500713274842
319.98615156542394,3.5090051444868525e-05
320.8066288771302,9.426040351489196e-05
321.6271061888364,0.00018270665066194775
322.44758350054263,0.00024779161191346036
323.26806081224885,0.00018990772197708959
324.08853812395506,6.202503369961088e-05
324.9090154356613,5.559511234774783e-07
325.7294927473675,0.00010389008914275914
326.5499700590737,8.63262281920898e-05
327.3704473707799,0.00011591685834709247
328.1909246824861,0.00010052554256496301
329.01140199419234,0.00010603694710005395
329.83187930589855,9.542704462792479e-05
330.65235661760477,0.0001195615048962857
331.472833929311,6.639198244813455e-05
332.2933112410172,6.145953192132148e-05
333.1137885527234,6.964109317760127e-05
333.9342658644296,5.006218148679406e-05
334.75474317613583,5.0800449918772284e-05
335.57522048784205,4.3401795595797305e-05
336.39569779954826,0.0001289508782610995
337.2161751112545,7.957654487478624e-05
338.0366524229607,8.412265440787753e-05
338.8571297346669,0.0001001735168489259
339.6776070463731,0.00012913444393246846
340.4980843580793,0.00020781123484294828
341.31856166978554,0.00020515115031329804
342.13903898149175,0.00011694516774714998
342.959516293198,0.0001466952243762687
343.77999360490423,7.627950265288613e-05
344.60047091661045,5.855244762103759e-05
345.42094822831666,0.00013052123754746356
346.2414255400229,0.00011445949760674496
347.0619028517291,9.381452527114173e-05
347.8823801634353,6.187714288355204e-05
348.7028574751415,0.00015976249228718162
349.5233347868477,0.00027423474614549775
350.34381209855394,0.0001661281990885258
351.16428941026015,2.3802767400640724e-05
351.98476672196637,0.00010369573942428951
352.8052440336726,0.00011998544359626105
353.6257213453788,0.0001360166539845365
354.446198657085,0.00019063506704178023
355.2666759687912,0.0001788431220619269
356.08715328049743,0.00010168548253729822
356.90763059220365,0.00012870425509481126
357.72810790390986,9.85277673787143e-05
358.5485852156161,4.179722242640311e-05
359.3690625273223,6.908149812502228e-05
360.1895398390285,0.0001365793009927856
361.0100171507347,8.007304840477814e-05
361.8304944624409,6.513117482465193e-05
362.65097177414714,5.1859842211353066e-05
363.47144908585335,9.361464209854227e-05
364.29192639755956,0.00015640422161080345
365.11240370926583,7.857810116474056e-05
365.93288102097205,5.1300136346709944e-05
366.75335833267826,8.672474298601827e-05
367.5738356443845,0.0001922481829395481
368.3943129560907,0.0001546878628433526
369.2147902677969,0.0001217932464117893
370.0352675795031,0.0001999588201902593
370.8557448912093,0.0001723271558679105
371.67622220291554,8.492345148513194e-05
372.49669951462175,4.494085757696088e-05
373.31717682632797,0.0001267631445767248
374.1376541380342,0.00011441605640478024
374.9581314497404,1.0033471444663546e-05
375.7786087614466,0.00012809125405066854
376.5990860731528,0.00019808847421871466
377.41956338485903,0.00013537708094925885
378.24004069656525,8.387821970285274e-05
379.06051800827146,0.00010861188620074588
379.88099531997767,0.0001433648824251107
380.7014726316839,0.00011276791237538211
381.5219499433901,0.00014500321458316994
382.3424272550963,0.00012356986141189824
383.1629045668025,2.6650650422314997e-05
383.98338187850874,0.00010922568777652155
384.80385919021495,7.985411257820496e-05
385.62433650192116,2.886734256531699e-05
386.4448138136274,9.904295995186273e-05
387.26529112533365,0.00011344238156227977
388.08576843703986,9.475677788198005e-05
388.9062457487461,9.369920869749053e-05
389.7267230604523,7.707899696594435e-05
390.5472003721585,8.254036032080162e-05
391.3676776838647,0.00013748829106868202
392.1881549955709,0.0001893943867433858
393.00863230727714,0.00017214941972725715
393.82910961898335,0.00015932242920975044
394.64958693068957,8.118040236070716e-05
395.4700642423958,0.00010485684565440647
396.290541554102,0.0001828471149670702
397.1110188658082,0.0001352592699823552
397.9314961775144,0.00016382262884959988
398.75197348922063,0.00015402952191858815
399.57245080092684,0.0001381310437009308
400.39292811263306,0.00012204378994425603
401.21340542433927,8.813987697651256e-05
402.0338827360455,0.0001527910278483322
402.8543600477517,0.0001189007755084448
403.6748373594579,3.1458012894094784e-05
404.4953146711641,2.6478799909495015e-05
405.31579198287034,0.00012846780757556477
406.13626929457655,0.0001498879383879134
406.95674660628276,0.00010343675936110984
407.777223917989,0.00015066900675435096
408.5977012296952,0.00012230295984270125
409.41817854140146,7.802054659180162e-05
410.2386558531077,3.296161895924801e-05
411.0591331648139,0.00012814611150841892
411.8796104765201,0.00011896174430709083
412.7000877882263,4.0709165179003084e-05
413.5205650999325,6.592287898118234e-05
414.34104241163874,8.925106432795493e-05
415.16151972334495,0.00017636815578475046
415.98199703505117,6.196747419255667e-05
416.8024743467574,4.584029345260408e-05
417.6229516584636,0.00011211474886908788
418.4434289701698,0.00012980329471723172
419.263906281876,5.141164639428466e-05
420.08438359358223,4.944654847522257e-05
420.90486090528844,4.2207478448512374e-05
421.72533821699466,6.474323753461435e-05
422.54581552870087,9.096582479206246e-05
423.3662928404071,0.00012051465726709241
424.1867701521133,4.516275104039884e-05
425.0072474638195,6.892380064542429e-05
425.8277247755257,0.00012943056768948018
426.64820208723194,5.960470676636082e-05
427.46867939893815,4.875073627547067e-05
428.28915671064436,4.7278831101675074e-05
429.1096340223506,0.00013413570935256845
429.9301113340568,6.97139311121121e-05
430.750588645763,7.59749643496439e-05
431.5710659574693,0.00016912104874380318
432.3915432691755,5.432984878640942e-05
433.2120205808817,0.00012581394184816227
434.0324978925879,2.8910507878701354e-05
434.8529752042941,2.34608290918116e-05
435.67345251600034,6.376715334645461e-05
436.49392982770655,5.256492527912354e-05
437.31440713941276,8.675958399360239e-05
438.134884451119,0.00011064288846486266
438.9553617628252,0.00015277970154404372
439.7758390745314,0.00018070442338131445
440.5963163862376,0.0001094635905046805
441.41679369794383,0.0001210015084700303
442.23727100965004,0.00018864344615814667
443.05774832135626,0.00015708257723132712
443.87822563306247,0.00011260175070281822
444.6987029447687,0.00016740272230802547
445.5191802564749,0.0001109147380793252
446.3396575681811,5.7861474714116195e-05
447.1601348798873,8.817378052772543e-05
447.98061219159354,4.955132163548014e-05
448.80108950329975,0.00017051877864653317
449.62156681500596,0.00012216920640192706
450.4420441267122,3.058143095373029e-05
451.2625214384184,8.566835737989158e-05
452.0829987501246,0.00011017375420657271
452.9034760618308,8.565752820371884e-05
453.7239533735371,8.225782225383419e-05
454.5444306852433,6.557723460390504e-05
455.3649079969495,0.0001299555739189465
456.1853853086557,0.0001960201262510522
457.00586262036194,0.00016565318541918604
457.82633993206815,2.3140204126657945e-05
458.64681724377436,9.365424418369599e-05
459.4672945554806,2.9890331390062845e-05
460.2877718671868,0.00016173547998844142
461.108249178893,0.00019800354837501115
461.9287264905992,0.00012241349287362303
462.74920380230543,0.0001718555757652709
463.56968111401164,0.0001751530500683378
464.39015842571786,0.00013171482678805185
465.21063573742407,0.00014101204754708583
466.0311130491303,6.376936162788429e-05
466.8515903608365,0.00013811787388786343
467.6720676725427,0.00011988433278585677
468.4925449842489,4.024281533434455e-05
469.31302229595514,5.374814586234241e-05
470.13349960766135,0.0001595618802513012
470.95397691936756,3.547534338176611e-05
471.7744542310738,0.00023361169453575172
472.59493154278,0.00024265214426350337
473.4154088544862,0.00016272119017801274
474.2358861661924,0.00019446219593415585
475.0563634778986,0.00016889772014765214
475.8768407896049,7.589019823719008e-05
476.6973181013111,7.152430419627702e-05
477.5177954130173,9.542798467106613e-05
478.33827272472354,0.00010986611315962447
479.15875003642975,7.447228453313475e-05
479.97922734813596,0.0001634430215659921
480.7997046598422,0.0001796893660128146
481.6201819715484,0.00013199273314166193
482.4406592832546,9.009658115015477e-05
483.2611365949608,2.7085706975539626e-05
484.08161390666703,0.00010376699377107182
484.90209121837324,8.654160455846134e-05
485.72256853007946,0.00015302595499612617
486.54304584178567,0.00012357564729689345
487.3635231534919,1.0501792638557115e-05
488.1840004651981,0.00017008977085889918
489.0044777769043,0.00017526010619091842
489.8249550886105,5.8142134369214804e-05
490.64543240031674,0.00011420897965357455
491.46590971202295,0.0001155095526750535
492.28638702372916,0.00017363589519510053
493.1068643354354,0.0001024128019538227
493.9273416471416,1.102540560472976e-05
494.7478189588478,0.00013045244037299074
495.568296270554,0.0001449596165679815
496.3887735822602,0.00010693694060965269
497.20925089396644,0.0001342325172157726
498.0297282056727,3.6407225491741956e-05
498.8502055173789,0.00011609768382203785
499.67068282908514,0.00014592863587812314
500.49116014079135,5.064857465034104e-05
501.31163745249756,2.351281221030533e-05
502.1321147642038,0.0001312635409717866
502.95259207591,0.0002221394631359781
503.7730693876162,0.0001728510548481016
504.5935466993224,0.00015680563213854118
505.41402401102863,0.0001141731445028936
506.23450132273484,3.899122199983428e-05
507.05497863444106,6.650957813040592e-05
507.87545594614727,7.856897964358266e-05
508.6959332578535,5.1059389213233136e-05
509.5164105695597,9.631513307505231e-05
510.3368878812659,0.0001573081346706353
511.1573651929721,8.517531253070465e-05
511.97784250467834,8.343351180979742e-05
512.7983198163846,0.0001777342588671987
513.6187971280908,0.00021701597899753268
514.439274439797,0.00018888467747004185
515.2597517515032,0.00022262528762243697
516.0802290632095,0.0002553311903294416
516.9007063749157,0.00022639815680942723
517.7211836866219,0.00016984787571708935
518.5416609983281,0.00017243634493420234
519.3621383100343,0.00020811445550781638
520.1826156217405,0.0002051999519408463
521.0030929334467,0.00014469102506381085
521.823570245153,0.00012533672616969846
522.6440475568592,0.0002799983788174514
523.4645248685654,0.00016418277411921775
524.2850021802716,8.175598669267486e-05
525.1054794919778,0.000248016053767522
525.925956803684,0.00016130827558405507
526.7464341153902,3.665042790645052e-05
527.5669114270964,8.716959485158114e-05
528.3873887388027,7.806425478055674e-05
529.2078660505089,2.194943177082624e-05
530.0283433622151,8.051694573870416e-05
530.8488206739213,0.00019319936480548749
531.6692979856275,0.00011902702186778998
532.4897752973337,0.00014864641551359567
533.3102526090399,0.00024833327909039836
534.1307299207461,0.00016173999412757376
534.9512072324524,7.633181467469829e-05
535.7716845441586,0.00012631440533983818
536.5921618558648,0.0001293032943299464
537.412639167571,0.00011455647968649784
538.2331164792772,0.00021982967068600182
539.0535937909834,0.00013467033522025713
539.8740711026896,0.00017921631800046407
540.6945484143959,0.0001968867623002577
541.5150257261021,9.325806307326178e-05
542.3355030378083,0.00012926922972891972
543.1559803495145,6.966166575038635e-05
543.9764576612207,0.00017688439194501289
544.7969349729269,0.0001017511818846165
545.6174122846331,3.2059738628538e-05
546.4378895963393,3.590835298912611e-05
547.2583669080456,0.00012049882161875862
548.0788442197518,0.00021606542679775552
548.899321531458,5.6721988215081124e-05
549.7197988431642,0.00012105341849353295
550.5402761548704,6.38536136015263e-05
551.3607534665766,4.655622518519608e-05
552.1812307782828,5.6242755400911726e-05
553.0017080899892,5.565811905749488e-05
553.8221854016954,3.4113270616209126e-05
554.6426627134016,0.00011698160452873367
555.4631400251078,9.661831336433803e-05
556.283617336814,3.366001750413429e-05
557.1040946485202,4.820445208173347e-05
557.9245719602264,5.080065878100012e-05
558.7450492719327,8.884970138802831e-05
559.5655265836389,5.7220043965862056e-05
560.3860038953451,0.00013943975171865812
561.2064812070513,0.00014436617050076283
562.0269585187575,8.728251511156119e-05
562.8474358304637,0.00013390531209709136
563.6679131421699,7.804631929575118e-05
564.4883904538761,9.339777003548357e-05
565.3088677655824,0.00017152663453247257
566.1293450772886,0.00012638381970385404
566.9498223889948,4.338222113419417e-05
567.770299700701,0.0001987771471679987
568.5907770124072,0.000218120139754377
569.4112543241134,0.00018236270474410667
570.2317316358196,0.00015717289365301408
571.0522089475259,0.00019353489301718622
571.8726862592321,0.00013836445626437993
572.6931635709383,6.870764833199716e-05
573.5136408826445,8.342274838417892e-05
574.3341181943507,0.0001325036621212669
575.1545955060569,6.0666651812460666e-05
575.9750728177631,0.00015135551155072722
576.7955501294693,0.00016665431507951393
577.6160274411756,4.6776864998987464e-05
578.4365047528818,0.00011290571878149955
579.256982064588,4.7123961462093876e-05
580.0774593762942,3.2768973356102555e-05
580.8979366880004,4.723058487127414e-05
581.7184139997066,0.0001435521173515538
582.5388913114128,7.582300635607056e-05
583.359368623119,2.2866414313381553e-05
584.1798459348253,8.758270714065636e-05
585.0003232465315,0.00016634691974920748
585.8208005582377,0.00016312172245128682
586.6412778699439,0.00012032450186232627
587.4617551816501,0.0001336163482124075
588.2822324933563,0.00015756695398167674
589.1027098050625,0.00017871381295896804
589.9231871167688,0.00017416568567647832
590.743664428475,7.62555192041215e-05
591.5641417401812,1.4367054253410066e-05
592.3846190518874,8.497793364559383e-05
593.2050963635936,0.00011335072513884386
594.0255736752998,9.56823590711845e-05
594.846050987006,6.052319590527552e-05
595.6665282987123,8.236038053011965e-05
596.4870056104185,0.00015998733673216496
597.3074829221248,0.0001852255305421521
598.127960233831,0.00016327110685619188
598.9484375455372,5.377844256482224e-05
599.7689148572434,5.2960695578801786e-05
600.5893921689496,0.00016044522526773887
601.4098694806559,0.00014607333170910567
602.2303467923621,0.0001245120067807689
603.0508241040683,0.0001349159298306917
603.8713014157745,0.00016517937593537097
604.6917787274807,0.0003848851144471379
605.5122560391869,0.0003643846424239329
606.3327333508931,0.0001631719949580667
607.1532106625993,0.00012305626412248752
607.9736879743056,0.00013260336313095826
608.7941652860118,6.763549341776852e-05
609.614642597718,0.00015443039459168718
610.4351199094242,0.000283251335861797
611.2555972211304,0.00029605683502894616
612.0760745328366,0.0002028323422696085
612.8965518445428,0.00010418139535931791
613.717029156249,0.00010192930041438944
614.5375064679553,0.00015555197072266892
615.3579837796615,0.00010646259046047917
616.1784610913677,8.195483838371272e-05
616.9989384030739,0.00014232291092899061
617.8194157147801,0.0001052553591730801
618.6398930264863,8.099318663563157e-05
619.4603703381925,0.00014139747626827146
620.2808476498988,0.00014084393104535166
621.101324961605,0.00025586713384986154
621.9218022733112,0.00022641831930628493
622.7422795850174,9.688386556638357e-05
623.5627568967236,1.883619245102572e-05
624.3832342084298,7.980490962221217e-05
625.203711520136,0.00015577582158303064
626.0241888318423,9.776348445573545e-05
626.8446661435485,3.051173436088486e-05
627.6651434552547,2.125792804739325e-05
628.4856207669609,0.0001505140413033334
629.3060980786671,0.0002064898465691322
630.1265753903733,0.0001406965637591764
630.9470527020795,5.438788103305488e-05
631.7675300137857,0.00014102358161563667
632.588007325492,0.00023852476114899937
633.4084846371982,0.00011866484092358992
634.2289619489044,7.305429484413426e-05
635.0494392606106,0.00013580686609229901
635.8699165723168,9.565616733506893e-05
636.690393884023,0.00011136323032423988
637.5108711957292,8.812503045027044e-05
638.3313485074355,8.004128676228663e-05
639.1518258191417,7.338253825529031e-05
639.9723031308479,0.00012334457192081228
640.7927804425541,0.00013404780542176914
641.6132577542604,8.538685206580883e-05
642.4337350659666,7.718095439362411e-05
643.2542123776728,7.293302482717816e-05
644.074689689379,6.153675759311272e-05
644.8951670010853,4.514660853138607e-05
645.7156443127915,9.535926667406829e-05
646.5361216244977,0.00013488343495992184
647.3565989362039,0.0001525218313582565
648.1770762479101,2.0267355576637183e-05
648.9975535596163,9.473747429304237e-05
649.8180308713225,3.3315619996747906e-05
650.6385081830288,8.989681396274628e-05
651.458985494735,0.00014736484594821107
652.2794628064412,0.00014685488596620795
653.0999401181474,0.00011877729985367122
653.9204174298536,7.16227818560349e-05
654.7408947415598,7.32200273992936e-05
655.561372053266,8.25808059446548e-05
656.3818493649723,5.0319937803039445e-05
657.2023266766785,0.00010809394037639292
658.0228039883847,0.00020156325903106183
658.8432813000909,0.0001631913223410145
659.6637586117971,2.8240727414737698e-05
660.4842359235033,0.00010100299084323982
661.3047132352095,5.550300386661122e-05
662.1251905469157,8.921244980515059e-05
662.945667858622,0.00013790738334674356
663.7661451703282,0.00019440840984129724
664.5866224820344,8.368903726074645e-05
665.4070997937406,0.0002746209065151346
666.2275771054468,0.00010283673779298942
667.048054417153,0.00010148540318230319
667.8685317288592,4.7332423539418164e-05
668.6890090405655,0.00018140461858709013
669.5094863522717,0.00019471421520493422
670.3299636639779,0.00022105418418749993
671.1504409756841,0.00028229349266471255
671.9709182873903,0.00041256977073835275
672.7913955990965,0.00026430991190816346
673.6118729108027,9.613478247652521e-05
674.432350222509,0.00010727877352749714
675.2528275342152,6.236189618288797e-05
676.0733048459214,5.682105096037996e-05
676.8937821576276,3.095586951532642e-05
677.7142594693338,6.454816933465789e-05
678.53473678104,0.00010087918044933476
679.3552140927462,0.00017857546800370856
680.1756914044524,0.0002812277881919938
680.9961687161586,0.0002623744720272706
681.8166460278649,0.0001220024011986742
682.6371233395711,8.654202841868972e-05
683.4576006512773,0.00016872297558655913
684.2780779629835,0.00025245978341268484
685.0985552746897,0.00021135641177793106
685.919032586396,6.367182180259708e-05
686.7395098981023,4.5345104406416435e-05
687.5599872098085,7.876526889513329e-05
688.3804645215147,0.0001002980929983322
689.2009418332209,0.00016957461161224032
690.0214191449271,0.00019453214872015612
690.8418964566333,0.0001314727594399808
691.6623737683395,0.0001408433040500847
692.4828510800457,7.891420506087344e-05
693.303328391752,8.612028530029856e-05
694.1238057034582,0.00010929735945869312
694.9442830151644,7.182772644607913e-05
695.7647603268706,3.788119906093262e-05
696.5852376385768,7.371808298169927e-05
697.405714950283,6.660132290319621e-05
698.2261922619892,9.83548691575627e-05
699.0466695736955,0.00015222157141469675
699.8671468854017,0.00021167767822911573
700.6876241971079,0.00021107064364491433
701.5081015088141,8.17476447419207e-05
702.3285788205203,9.220465940737801e-05
703.1490561322265,0.00015261922289677517
703.9695334439327,0.0002211626726896148
704.790010755639,0.00025553162477160417
705.6104880673452,0.0002369023037870601
706.4309653790514,3.0101326460764887e-05
707.2514426907576,9.499568437250117e-05
708.0719200024638,5.919949893032485e-05
708.89239731417,6.35069517185607e-05
709.7128746258762,3.9769084555563646e-05
710.5333519375824,2.270002991591645e-05
711.3538292492887,5.7168007464892066e-05
712.1743065609949,7.675821921360237e-05
712.9947838727011,8.831331265381906e-05
713.8152611844073,0.00014152813774637854
714.6357384961135,0.00012903180382658807
715.4562158078197,0.00014454225860079334
716.2766931195259,0.0001998673920500329
717.0971704312321,0.00021199670957913983
717.9176477429384,0.0002128173069738752
718.7381250546446,0.00015555783951702116
719.5586023663508,0.0001967362689755712
720.379079678057,0.0001282787152752077
721.1995569897632,0.0002319973696832138
722.0200343014694,0.00024456767909534637
722.8405116131756,0.00014676414970509442
723.6609889248818,0.00010922696051226802
724.4814662365881,3.652754127910059e-05
725.3019435482943,5.100404169818321e-05
726.1224208600005,9.240525892513205e-05
726.9428981717067,0.00012652404694396416
727.7633754834129,0.00019645662883923157
728.5838527951191,0.0002112481962669178
729.4043301068253,0.00014876280726849815
730.2248074185317,5.597513259928584e-05
731.0452847302379,2.8129030443867833e-05
731.8657620419441,5.5724579485045205e-05
732.6862393536503,0.00013497123532337725
733.5067166653565,0.00012838382650973569
734.3271939770627,0.00016262619633352385
735.147671288769,0.00015963806476081773
735.9681486004752,0.00021481719786363448
736.7886259121814,0.00024240968887047535
737.6091032238876,0.00017387011120997232
738.4295805355938,4.2918834646118304e-05
739.2500578473,0.0003041342469993767
740.0705351590062,0.0002752126513256967
740.8910124707124,9.413408604556481e-05
741.7114897824187,0.00014649450642261153
742.5319670941249,0.00014110787720007233
743.3524444058311,6.675256883215629e-05
744.1729217175373,0.00018674093329014516
744.9933990292435,0.00015491987899969188
745.8138763409497,0.0001035204562656148
746.6343536526559,0.00015786699122626353
747.4548309643621,0.00016857127242382244
748.2753082760684,1.0129954519858545e-05
749.0957855877746,0.00010743746962252274
749.9162628994808,0.0002831495198219129
750.736740211187,0.0003526092718997015
751.5572175228932,0.00029509890075902936
752.3776948345994,0.000137415872059075
753.1981721463056,0.00015943521312881853
754.0186494580119,9.207578381023625e-05
754.8391267697181,8.396899323167687e-05
755.6596040814243,9.999344988587575e-05
756.4800813931305,6.237405861852267e-05
757.3005587048367,4.8896538017812065e-05
758.1210360165429,0.00013318181834848512
758.9415133282491,8.608420306060526e-05
759.7619906399553,7.469863652380083e-05
760.5824679516616,0.00015102927288249588
761.4029452633678,0.00011279581271422156
762.223422575074,2.05402693711207e-05
763.0438998867802,4.151298269131998e-05
763.8643771984864,0.00017423256995545956
764.6848545101926,0.0001495491548754402
765.5053318218988,0.00010737811286224542
766.325809133605,0.00011105878121794817
767.1462864453113,8.967247164856035e-05
767.9667637570175,0.00016296842735051401
768.7872410687237,9.285316588256897e-05
769.6077183804299,2.8958564163433797e-05
770.4281956921361,5.911573384377316e-05
771.2486730038423,9.703971442576287e-05
772.0691503155485,8.274276246935821e-05
772.8896276272548,0.00011959828989386007
773.710104938961,9.901315763556138e-05
774.5305822506673,0.0001124382400625381
775.3510595623735,0.00020528291716989268
776.1715368740797,0.00010401774733594965
776.9920141857859,0.00024562544991425935
777.8124914974921,0.0001620319089056975
778.6329688091984,0.0001191742048955159
779.4534461209046,0.00012689730891343802
780.2739234326108,8.079466746036513e-05
781.094400744317,3.3614529203652105e-05
781.9148780560232,0.00015174436439938286
782.7353553677294,0.00011698277318067897
783.5558326794356,4.525105290229872e-05
784.3763099911419,5.802420036926606e-05
785.1967873028481,7.859299077527183e-05
786.0172646145543,7.915295292880045e-05
786.8377419262605,0.00010225488412875294
787.6582192379667,0.00014345113015549297
788.4786965496729,8.233683516889233e-05
789.2991738613791,5.351183212949362e-05
790.1196511730853,0.000119832317040429
790.9401284847916,0.00010620591823915178
791.7606057964978,7.724871705953572e-05
792.581083108204,7.992089467974264e-05
793.4015604199102,3.619184117812616e-05
794.2220377316164,8.201726145901801e-05
795.0425150433226,7.698566504959532e-05
795.8629923550288,5.0674108735906174e-05
796.683469666735,2.914158076915675e-05
797.5039469784413,3.987744528947113e-05
798.3244242901475,4.61289357094242e-05
799.1449016018537,0.00011930651611857556
799.9653789135599,3.940284627624795e-05
800.7858562252661,9.767756973484689e-05
801.6063335369723,0.00020938443387041883
802.4268108486785,0.00014471263244998303
803.2472881603848,0.00012365109595200742
804.067765472091,8.795017588280148e-05
804.8882427837972,6.0092319629695324e-05
805.7087200955034,0.00012131711850196374
806.5291974072096,0.00032563628814725424
807.3496747189158,0.00014412073561976627
808.170152030622,0.00013739994520545036
808.9906293423282,0.00012888371111598586
809.8111066540345,0.00013637998660692607
810.6315839657407,0.00010445122486061882
811.4520612774469,7.537477135906374e-05
812.2725385891531,5.100820448512336e-05
813.0930159008593,7.827410463991003e-05
813.9134932125655,0.00012025318361270734
814.7339705242717,0.00016382459590301077
815.554447835978,4.7327364878674566e-05
816.3749251476842,5.824679640190861e-05
817.1954024593904,6.494134557201076e-05
818.0158797710966,6.365133172779635e-05
818.8363570828029,4.6409818344919216e-05
819.6568343945091,3.573865318252957e-05
820.4773117062153,0.00014892059615469172
821.2977890179216,0.00012687164581951855
822.1182663296278,8.800222184469102e-05
822.938743641334,0.0002224132843907198
823.7592209530402,0.0002296990116962836
824.5796982647464,0.0002203500787151397
825.4001755764526,7.12809401855186e-05
826.2206528881588,0.00010020758776179983
827.041130199865,8.915248343774157e-05
827.8616075115713,1.682671344029203e-05
828.6820848232775,4.092185142943045e-05
829.5025621349837,1.4296154035791829e-05
830.3230394466899,0.00011162580033579349
831.1435167583961,4.755363124048932e-05
831.9639940701023,5.371223084509367e-05
832.7844713818085,0.00019316077105089105
833.6049486935148,0.00016725909150735956
834.425426005221,3.3241241038646104e-05
835.2459033169272,5.3634901997610746e-05
836.0663806286334,9.144143629328432e-05
836.8868579403396,5.085997852658401e-05
837.7073352520458,5.760637776219083e-05
838.527812563752,3.777097190634532e-05
839.3482898754582,0.00010513945585585562
840.1687671871645,0.00020240073850598812
840.9892444988707,0.00010931670414260031
841.8097218105769,5.105358498313963e-05
842.6301991222831,0.00010022819059210444
843.4506764339893,0.0001158331116489634
844.2711537456955,0.00020349145292640163
845.0916310574017,0.00015310827087068265
845.912108369108,0.00010308358198980933
846.7325856808142,9.842996728525912e-05
847.5530629925204,5.5715009997369866e-05
848.3735403042266,1.9268040264323894e-05
849.1940176159328,0.00016303436654167323
850.014494927639,0.00017082901756056495
850.8349722393452,0.00019264512698296732
851.6554495510514,0.0002620380457376247
852.4759268627577,0.0001537700149606569
853.2964041744639,0.0001081774887341407
854.1168814861701,0.00015350378875430954
854.9373587978763,0.00014494196773980102
855.7578361095825,0.0001672802186642599
856.5783134212887,0.00022553580511596333
857.3987907329949,6.507991053197419e-05
858.2192680447012,0.00020460968592503985
859.0397453564074,0.00011616499362003848
859.8602226681136,0.00010018270126074694
860.6806999798198,0.0002008935747698103
861.501177291526,0.00019175763211108494
862.3216546032323,6.590264692674672e-05
863.1421319149385,8.210098438948096e-05
863.9626092266448,0.00015778191843325966
864.783086538351,0.00020067902234664002
865.6035638500572,0.00021530510826558774
866.4240411617634,0.00023003631703803602
867.2445184734696,0.00023157814149076179
868.0649957851758,0.00015894635075801232
868.885473096882,0.00011177902148702718
869.7059504085883,4.1898692442287724e-05
870.5264277202945,8.526169749748567e-05
871.3469050320007,0.00015078878580766572
872.1673823437069,8.699298726588625e-05
872.9878596554131,0.00016332159854504883
873.8083369671193,0.00036474552208473767
874.6288142788255,0.00016775515125904016
875.4492915905317,3.4857512892701524e-05
876.269768902238,0.00016979936689987603
877.0902462139442,0.00012132898540316959
877.9107235256504,8.176821317663961e-05
878.7312008373566,0.0001379356512861758
879.5516781490628,8.1047649055011e-05
880.372155460769,0.00011232649668449832
881.1926327724752,3.997780185802489e-05
882.0131100841814,0.00016810377354832244
882.8335873958877,0.0001438481189368034
883.6540647075939,0.00010920697686934873
884.4745420193001,0.00013537297021124005
885.2950193310063,0.00011948955333070212
886.1154966427125,0.00020383395327988304
886.9359739544187,0.00010964424516583289
887.7564512661249,0.00012684993296840553
888.5769285778312,0.0001284901151797075
889.3974058895374,0.00013183947588354494
890.2178832012436,0.00016492780736528348
891.0383605129498,0.00017579278088942027
891.858837824656,0.00011368436443270169
892.6793151363622,3.509793641994996e-05
893.4997924480684,3.267553144600524e-05
894.3202697597746,7.791575278547228e-05
895.1407470714809,3.6852565356235445e-05
895.9612243831871,5.157285376657562e-05
896.7817016948933,7.491587213018493e-05
897.6021790065995,0.0001852713248789544
898.4226563183057,0.0001220901322114764
899.2431336300119,0.00016534173660547906
900.0636109417181,0.00010644808723378514
900.8840882534244,0.0001188409877483613
901.7045655651306,0.00013870006828075414
902.5250428768368,9.013056345544008e-05
903.345520188543,7.453625628314734e-05
904.1659975002492,7.291436880918674e-05
904.9864748119554,6.203334660161699e-05
905.8069521236616,0.00017377620429049037
906.627429435368,0.00022605965556355355
907.4479067470742,0.00024448963330617684
908.2683840587804,0.00015218769140648485
909.0888613704866,7.472558291804859e-05
909.9093386821928,0.0001284942383838075
910.729815993899,0.00012033205408241418
911.5502933056052,0.00022703174996188105
912.3707706173115,0.00015314092643946585
913.1912479290177,4.297367326726497e-05
914.0117252407239,6.956623989238275e-05
914.8322025524301,0.00010629347000663765
915.6526798641363,0.0002974049367763334
916.4731571758425,0.0002491569468285508
917.2936344875487,3.435020860103447e-05
918.1141117992549,7.786505218885347e-05
918.9345891109612,9.692041564370378e-05
919.7550664226674,0.0002428222781927754
920.5755437343736,0.000292207390740375
921.3960210460798,0.00022970316964714675
922.216498357786,0.00019259561120791752
923.0369756694922,0.00011322355834050694
923.8574529811984,7.75690244600623e-05
924.6779302929046,0.0002013303156212975
925.4984076046109,0.00018907823603467357
926.3188849163171,0.00011877221242138243
927.1393622280233,0.00012971008131498974
927.9598395397295,8.701060379406113e-05
928.7803168514357,5.447196736555603e-05
929.6007941631419,6.273251494675018e-05
930.4212714748481,8.069951313576888e-05
931.2417487865544,6.597166302222027e-05
932.0622260982606,0.00018886562909732073
932.8827034099668,0.0001316045980316187
933.703180721673,2.1969749890628857e-05
934.5236580333792,8.289409328445049e-06
935.3441353450854,6.177653395383495e-05
936.1646126567916,8.988529039585704e-05
936.9850899684978,0.00012544387293871064
937.8055672802041,0.0001398590961342704
938.6260445919103,0.00015102046970363908
939.4465219036165,0.00015380268909398977
940.2669992153227,0.00011117499604797357
941.0874765270289,0.00019699536745259466
941.9079538387351,9.808209676463886e-05
942.7284311504413,0.00015088995889373592
943.5489084621476,0.0001517332830002002
944.3693857738538,8.560485148618961e-05
945.18986308556,0.0001731949220327789
946.0103403972662,0.00020430128404848246
946.8308177089724,0.00012736332077019387
947.6512950206786,0.00011421036796450962
948.4717723323848,7.662549564907771e-05
949.292249644091,0.00011890662779166634
950.1127269557973,2.304385867915038e-05
950.9332042675036,6.110006298694497e-05
951.7536815792098,5.297991175041889e-05
952.574158890916,0.00018107562932437733
953.3946362026222,0.0002591667649894913
954.2151135143284,0.000154790525103494
955.0355908260346,0.0001660459864142017
955.8560681377409,0.00012733241098470628
956.6765454494471,0.00022844042028576393
957.4970227611533,0.00024356352109109584
958.3175000728595,0.00022952009664381178
959.1379773845657,0.0001355772777279144
959.9584546962719,0.00010270532476013635
960.7789320079781,0.0001392009165013084
961.5994093196844,9.550731045958888e-05
962.4198866313906,7.29252501143543e-05
963.2403639430968,0.00013764016982000814
964.060841254803,0.0001559092342882262
964.8813185665092,7.61360930724092e-05
965.7017958782154,8.012501882370526e-05
966.5222731899216,8.879176584924424e-05
967.3427505016278,0.00010725632371789551
968.1632278133341,6.213167211355376e-05
968.9837051250403,3.871541752574235e-05
969.8041824367465,8.711580689648563e-05
970.6246597484527,0.00020874429153429203
971.4451370601589,0.0002380712254648622
972.2656143718651,0.000133387334547864
973.0860916835713,2.250982215619928e-05
973.9065689952776,4.9765451061240796e-05
974.7270463069838,8.261762744338651e-05
975.54752361869,5.2464529135196736e-05
976.3680009303962,5.515125358679388e-05
977.1884782421024,6.019319483478594e-05
978.0089555538086,1.7665968364270448e-05
978.8294328655148,5.6019710067976035e-06
979.649910177221,0.0001182197286961078
980.4703874889273,0.00018321737209551605
981.2908648006335,9.158687111504379e-05
982.1113421123397,3.2046535450928846e-05
982.9318194240459,4.2391407337640026e-05
983.7522967357521,8.219532848610313e-05
984.5727740474583,0.00011826616565645799
985.3932513591645,5.241518663896239e-05
986.2137286708708,6.261889753509384e-05
987.034205982577,0.00010271927651687059
987.8546832942832,0.00012321777679604026
988.6751606059894,9.944004441597994e-05
989.4956379176956,9.438052839151656e-05
990.3161152294018,0.00015165339010475638
991.136592541108,0.0001373958515869047
991.9570698528142,0.00011709580912272183
992.7775471645205,4.1245248989032526e-05
993.5980244762267,0.00010924115753664437
994.4185017879329,0.00010360644691034304
995.2389790996392,8.271894063530709e-05
996.0594564113454,0.00020743887782331016
996.8799337230516,0.00022272440239771475
997.7004110347578,4.3432775752400455e-05
998.5208883464641,7.626860341906256e-05
999.3413656581703,7.2088835816038e-05
1000.1618429698765,0.00015864342818241217
1000.9823202815827,0.00014101169301065827
1001.8027975932889,0.00014371797399844718
1002.6232749049951,0.00010404936875524873
1003.4437522167013,7.884429246879593e-05
1004.2642295284076,0.00012252064380993395
1005.0847068401138,0.0001193267504915026
1005.90518415182,0.00016864782604522665
1006.7256614635262,0.0001697602845138514
1007.5461387752324,0.00018267172187193349
1008.3666160869386,0.00020974871321605135
1009.1870933986448,5.795277683974899e-05
1010.007570710351,0.00010529978658652009
1010.8280480220573,0.00024316853740312259
1011.6485253337635,0.00010569984995667739
1012.4690026454697,0.00011443424733973249
1013.2894799571759,7.619381302214794e-05
1014.1099572688821,3.899354894741936e-05
1014.9304345805883,8.984926104996498e-05
1015.7509118922945,9.637402303390403e-05
1016.5713892040008,6.634142740913747e-05
1017.391866515707,6.172507348726935e-06
1018.2123438274132,9.870294734836523e-05
1019.0328211391194,0.00018047974487953508
1019.8532984508256,0.00010236024104156265
1020.6737757625318,0.00012681587307055697
1021.494253074238,0.00012668233301873144
1022.3147303859442,2.7095660499613727e-05
1023.1352076976505,5.97398246957922e-05
1023.9556850093567,5.348533837311219e-05
1024.7761623210629,0.00017030721050488113
1025.5966396327692,0.00012723966673792222
1026.4171169444753,6.680260415674379e-05
1027.2375942561816,4.196773480827001e-05
1028.0580715678877,9.610774113597034e-05
1028.878548879594,0.0001571489606836793
1029.6990261913002,0.0002096136466704813
1030.5195035030065,0.00012496083003184693
1031.3399808147126,0.00016826556636276142
1032.160458126419,0.00015453786859796347
1032.980935438125,0.00014351808341043858
1033.8014127498313,0.00010350858778026382
1034.6218900615374,7.445321902458406e-05
1035.4423673732438,0.0001750991438128441
1036.2628446849499,0.0001760995999889615
1037.0833219966562,0.0001965057774161929
1037.9037993083623,0.00015640711874228102
1038.7242766200686,0.00013828118542414164
1039.5447539317747,0.000169038768873588
1040.365231243481,0.00011114187843713561
1041.1857085551871,4.486673028382144e-05
1042.0061858668935,0.00010999363903268156
1042.8266631785996,7.818223604582421e-05
1043.647140490306,3.242077920105594e-05
1044.467617802012,0.00010146958341191653
1045.2880951137183,0.00012870287621442135
1046.1085724254244,0.00016403616007482639
1046.9290497371308,5.716641086239656e-05
1047.7495270488369,0.00012283284866184953
1048.5700043605432,0.00012143554754521058
1049.3904816722493,7.612217592050185e-05
1050.2109589839556,0.00012614228588863176
1051.0314362956617,5.83421794258759e-05
1051.851913607368,0.00013013924041141404
1052.6723909190741,0.00013343756118390667
1053.4928682307805,6.238133597060406e-05
1054.3133455424866,1.237707985358425e-05
1055.1338228541929,0.00011543976103723326
1055.954300165899,0.00026624832541758726
1056.7747774776053,0.0003084945935509457
1057.5952547893114,0.00017769808332279414
1058.4157321010177,6.203407441998956e-05
1059.2362094127238,0.00012057960248077311
1060.0566867244302,0.00019056193120346875
1060.8771640361363,0.00021091860701060393
1061.6976413478426,0.00019414471588178432
1062.518118659549,0.00018387335672765046
1063.338595971255,0.0002279771120960891
1064.1590732829613,0.00037957048030994863
1064.9795505946674,0.0002695215802193317
1065.8000279063738,9.939671585107858e-05
1066.6205052180799,0.000206934950867824
1067.4409825297862,0.0001456240018490596
1068.2614598414923,9.801289345687745e-05
1069.0819371531986,0.00012143593677290711
1069.9024144649047,6.2227785872158e-05
1070.722891776611,9.974388173338059e-05
1071.5433690883171,0.00013234633777859525
1072.3638464000235,6.899356485027134e-05
1073.1843237117296,5.428907888394299e-05
1074.004801023436,5.0144482190180016e-05
1074.825278335142,0.00011090053967967356
1075.6457556468483,0.00010410543647742383
1076.4662329585544,0.000135420062275415
1077.2867102702608,8.165453399219851e-05
1078.1071875819669,0.00022083631896885323
1078.9276648936732,0.0002663630413778904
1079.7481422053793,0.0001726807401085195
1080.5686195170856,6.234398688313242e-05
1081.3890968287917,7.455898011113482e-05
1082.209574140498,0.00010741279484274609
1083.0300514522041,0.00014525010048008376
1083.8505287639105,0.00015104376345093806
1084.6710060756166,0.00011024140249387523
1085.491483387323,8.763612836739497e-05
1086.311960699029,2.8892147362112764e-05
1087.1324380107353,2.1704054536352845e-05
1087.9529153224414,0.00015080331963232866
1088.7733926341477,0.0002870661259648962
1089.5938699458538,0.0002354027690187385
1090.4143472575602,0.00020532443609182132
1091.2348245692663,0.0001645764588285647
1092.0553018809726,3.602748440745089e-05
1092.8757791926787,7.748466357237548e-05
1093.696256504385,0.00010311391194491533
1094.5167338160911,0.00013955197200106332
1095.3372111277974,0.0001037353804708083
1096.1576884395035,0.00017282824035835383
1096.9781657512099,0.00023494615648088075
1097.798643062916,7.549459242882502e-05
1098.6191203746223,6.34932487742033e-05
1099.4395976863284,8.059945285743447e-05
1100.2600749980347,5.0904145301392465e-05
1101.0805523097408,7.14565648980329e-05
1101.9010296214472,0.00012010618602014808
1102.7215069331533,7.700152992175387e-05
1103.5419842448596,3.8660393318423437e-05
1104.3624615565657,1.8739547105569437e-05
1105.182938868272,0.00011216551308039738
1106.0034161799783,0.00010492597097008991
1106.8238934916844,0.00013888945035374863
1107.6443708033908,0.00013616615260922258
1108.4648481150969,9.933507172162802e-05
1109.2853254268032,0.00011421529295976473
1110.1058027385093,7.021602180676937e-05
1110.9262800502156,6.70649017946396e-05
1111.7467573619217,5.835777688445425e-05
1112.567234673628,1.596260433867527e-05
1113.3877119853341,0.000140167424899443
1114.2081892970405,0.00021292322204808717
1115.0286666087466,0.00014737381836719534
1115.849143920453,0.00017770974385709903
1116.669621232159,0.00022771988365658178
1117.4900985438653,0.0001068420946226038
1118.3105758555714,1.7710766358593113e-05
1119.1310531672777,4.25996497547932e-05
1119.9515304789838,9.043881688250212e-05
1120.7720077906902,0.00013349415594649645
1121.5924851023963,0.00018750426240701483
1122.4129624141026,0.00020702004000959666
1123.2334397258087,0.0001263408142054878
1124.053917037515,0.00011225864157199289
1124.8743943492211,6.447827898788263e-05
1125.6948716609274,0.00015053826035887994
1126.5153489726335,0.00014607037230608962
1127.3358262843399,0.00022420629495432614
1128.156303596046,0.00023299362565923945
1128.9767809077523,0.00014990679498424743
1129.7972582194584,0.00014118212733072458
1130.6177355311647,0.0001701495417659369
1131.4382128428708,0.00011000391832818385
1132.2586901545772,0.00011721392595104866
1133.0791674662833,0.00014665158487551608
1133.8996447779896,0.00012088200967522962
1134.7201220896957,0.000227568223108391
1135.540599401402,7.813833593163062e-05
1136.361076713108,9.76720075642638e-05
1137.1815540248144,0.00011330783890703258
1138.0020313365205,6.200227191700262e-05
1138.8225086482269,8.611452985493203e-05
1139.642985959933,0.00015883320306559154
1140.4634632716393,0.00011448946514658428
1141.2839405833454,6.426150772438187e-05
1142.1044178950517,0.0001462533553406369
1142.9248952067578,0.00011194456533663055
1143.7453725184641,0.00012870850280302177
1144.5658498301702,0.0001331368298653298
1145.3863271418766,0.00019033697355425562
1146.2068044535827,0.00018252813115091947
1147.027281765289,9.491234216292557e-05
1147.847759076995,6.16797512960896e-05
1148.6682363887014,5.304168523689396e-05
1149.4887137004075,9.195887480633785e-05
1150.3091910121138,0.00015605912918867303
1151.1296683238202,8.989260209963724e-05
1151.9501456355263,2.4284274405881427e-05
1152.7706229472326,4.5657289612494434e-05
1153.5911002589387,4.656829709049349e-05
1154.411577570645,2.2528852183805054e-05
1155.2320548823511,2.3459611985330014e-05
1156.0525321940574,9.090490455161084e-05
1156.8730095057635,0.00014232809056981526
1157.6934868174699,0.00018535821141045134
1158.513964129176,0.00013917125848641202
1159.3344414408823,8.745050922403399e-05
1160.1549187525884,0.0001811862659559038
1160.9753960642947,4.677118926044584e-05
1161.7958733760008,0.00011324881165550628
1162.6163506877072,7.82023828683791e-05
1163.4368279994133,8.333502614549778e-05
1164.2573053111196,0.0001370874455938289
1165.0777826228257,6.674376965837715e-05
1165.898259934532,0.00010393989991658431
1166.718737246238,2.8984773568440504e-05
1167.5392145579444,0.00012473348080980248
1168.3596918696505,0.00010279859176694957
1169.1801691813569,0.00015437663112158039
1170.000646493063,0.00010274242056905269
1170.8211238047693,5.0682496636885696e-05
1171.6416011164754,5.032281217000597e-05
1172.4620784281817,7.925663484359878e-05
1173.2825557398878,8.596333049001135e-05
1174.1030330515941,0.00011272648849494238
1174.9235103633002,0.0002068130518022399
1175.7439876750066,0.00015240149632641476
1176.5644649867127,0.00010370191585695287
1177.384942298419,0.00011132009315061592
1178.205419610125,0.00014575132321924443
1179.0258969218314,0.00012214405542927033
1179.8463742335375,4.761159377055003e-05
1180.6668515452438,0.0001021445516885904
1181.48732885695,0.00012271207053116907
1182.3078061686563,0.00019544063737823573
1183.1282834803624,0.0002926043028995465
1183.9487607920687,0.00022237195328828557
1184.7692381037748,4.479465977794773e-05
1185.5897154154811,5.4059723851386964e-05
1186.4101927271872,6.983869814245817e-05
1187.2306700388935,6.763800946002214e-05
1188.0511473505996,8.825389602026452e-05
1188.871624662306,0.00010449611403236867
1189.692101974012,9.03801828821736e-05
1190.5125792857184,6.654374687805362e-05
1191.3330565974245,0.0001284579000433677
1192.1535339091308,0.00019007017504887595
1192.974011220837,5.9134255863994515e-05
1193.7944885325433,9.655769412800867e-05
1194.6149658442496,4.8032840113196034e-05
1195.4354431559557,0.00014508817682639684
1196.255920467662,0.00011454385412630086
1197.076397779368,4.546855514271032e-05
1197.8968750910744,7.708314846024306e-06
1198.7173524027805,3.196893140098137e-05
1199.5378297144869,4.928758128370723e-05
1200.358307026193,4.6879861888425745e-05
1201.1787843378993,9.201588704544075e-05
1201.9992616496054,0.00017588284526393877
1202.8197389613117,0.0002533451708154995
1203.6402162730178,0.0002186635046231869
1204.4606935847241,8.283774940851438e-05
1205.2811708964302,5.722297651916569e-05
1206.1016482081366,0.0001315335138059074
1206.9221255198427,0.00011189652574411063
1207.742602831549,0.00010133855987359594
1208.563080143255,0.0001594825850137381
1209.3835574549614,0.00015213498498263222
1210.2040347666675,0.00015092784485247915
1211.0245120783738,0.00017989658380803352
1211.84498939008,0.0001654736395013333
1212.6654667017863,4.497860552929071e-05
1213.4859440134924,9.411004090353852e-05
1214.3064213251987,4.7231286664632416e-05
1215.1268986369048,6.638747903798315e-05
1215.9473759486111,4.0978435967003505e-05
1216.7678532603172,3.8686411479571975e-05
1217.5883305720236,3.126003626659052e-05
1218.4088078837297,0.0001231987845703088
1219.229285195436,0.00014510467612009197
1220.049762507142,0.00010463703586844468
1220.8702398188484,0.000178170828886926
1221.6907171305545,0.00011771517732595403
1222.5111944422608,0.00010947410190354093
1223.331671753967,0.0002500034345340987
1224.1521490656733,0.0001923614465995858
1224.9726263773794,8.030281949019969e-05
1225.7931036890857,6.237903252038713e-05
1226.6135810007918,5.274615412734095e-05
1227.434058312498,0.00012195727343413334
1228.2545356242042,0.000134548825336261
1229.0750129359105,7.964591871155876e-05
1229.8954902476166,7.324756895932426e-05
1230.715967559323,6.35771868189693e-05
1231.536444871029,8.620776554804836e-05
1232.3569221827354,5.9979071284192934e-05
1233.1773994944415,0.00011366363458853412
1233.9978768061478,7.041727938915102e-05
1234.818354117854,0.00019240613281732753
1235.6388314295602,0.00022721193576800695
1236.4593087412663,0.0001699946614698145
1237.2797860529727,8.232952868534827e-05
1238.1002633646788,0.00015127179437194027
1238.920740676385,6.959816554471381e-05
1239.7412179880914,8.261720451486999e-05
1240.5616952997975,7.471002200563967e-05
1241.3821726115038,0.00019807309374745866
1242.20264992321,0.00013493983028601978
1243.0231272349163,8.477544238023422e-05
1243.8436045466224,4.368091617607217e-05
1244.6640818583287,4.509052533535691e-05
1245.4845591700348,4.210962386212492e-05
1246.3050364817411,0.00014167978632787114
1247.1255137934472,0.00017408826272882617
1247.9459911051536,2.6072555714918666e-05
1248.7664684168597,0.0001798265816396688
1249.586945728566,0.00017289038140110675
1250.407423040272,0.00011121063931815161
1251.2279003519784,0.00016727611198056762
1252.0483776636845,0.00022619980436368013
1252.8688549753908,7.174206309931893e-05
1253.689332287097,0.00014921894607055995
1254.5098095988033,3.5963699921183804e-05
1255.3302869105094,0.00010706059538022897
1256.1507642222157,4.7189563023020246e-05
1256.9712415339218,4.1052370327934624e-05
1257.791718845628,7.853101384404625e-05
1258.6121961573342,6.655324438817918e-05
1259.4326734690405,0.00015454680261243523
1260.2531507807466,7.583863885845148e-05
1261.073628092453,0.00011922378227359889
1261.894105404159,7.837282910501731e-05
1262.7145827158654,0.00014545706630169364
1263.5350600275715,0.0001283798542172647
1264.3555373392778,7.417230392838476e-05
1265.176014650984,4.744893308667564e-05
1265.9964919626902,0.00010572057892820585
1266.8169692743963,2.8024449064663037e-05
1267.6374465861027,7.114270941180941e-05
1268.4579238978088,9.125391003599338e-05
1269.278401209515,0.000118393393062509
1270.0988785212212,7.272558150745264e-05
1270.9193558329275,6.98973577205248e-05
1271.7398331446336,9.993563479262164e-06
1272.56031045634,3.3667890447935115e-05
1273.380787768046,0.00015440904025643628
1274.2012650797524,0.0002510619639536236
1275.0217423914585,0.00023726135380859823
1275.8422197031648,6.176602298396229e-05
1276.662697014871,4.9622601158101916e-05
1277.4831743265772,9.091618956817392e-05
1278.3036516382833,7.894141038208033e-05
1279.1241289499897,0.00014248277095068644
1279.9446062616958,0.00017917030210918026
1280.765083573402,0.00016341216019401906
1281.5855608851082,0.0001830127156447865
1282.4060381968145,0.00011529572066650377
1283.2265155085208,3.932176134100036e-05
1284.046992820227,6.425940121418485e-05
1284.8674701319333,9.607187207544678e-05
1285.6879474436394,0.00012110418324723315
1286.5084247553457,9.387222062215168e-05
1287.3289020670518,7.498789998338391e-05
1288.149379378758,9.951071907763324e-05
1288.9698566904642,0.00014056454275034998
1289.7903340021705,0.0001389367788917532
1290.6108113138766,0.00013403638792441742
1291.431288625583,9.455494162465637e-05
1292.251765937289,6.44707232004601e-05
1293.0722432489954,0.00012671024907689717
1293.8927205607015,6.020773051527963e-05
1294.7131978724078,0.00015690163444507718
1295.533675184114,0.00019808421345846028
1296.3541524958202,9.868299095613935e-06
1297.1746298075263,0.0001316188784087686
1297.9951071192327,0.0001284509178795395
1298.8155844309388,0.00015046678714126472
1299.636061742645,5.119516643530781e-05
1300.4565390543512,9.742228220171802e-05
1301.2770163660575,6.621350488312624e-05
1302.0974936777636,0.00013226346247371146
1302.91797098947,9.869304727204439e-05
1303.738448301176,0.00010293718332177571
1304.5589256128824,0.00011257512998438399
1305.3794029245885,0.00021665641941755878
1306.1998802362948,6.190988787790322e-05
1307.020357548001,7.24143662182443e-05
1307.8408348597072,7.900739956360933e-05
1308.6613121714133,2.7339626449169123e-05
1309.4817894831197,0.00010809558985057252
1310.3022667948258,0.00014469784657805828
1311.122744106532,0.00017361203538504926
1311.9432214182382,0.00013299349022840952
1312.7636987299445,8.62408828377885e-05
1313.5841760416506,8.678757127234777e-05
1314.404653353357,8.05385077001266e-05
1315.225130665063,0.00015009796133749
1316.0456079767694,7.425423225546593e-05
1316.8660852884755,0.00010889830217794849
1317.6865626001818,4.369260908778909e-05
1318.507039911888,5.683776180227789e-06
1319.3275172235942,9.199432725115368e-05
1320.1479945353003,0.0001266505718671901
1320.9684718470066,0.0001447900939274467
1321.7889491587127,8.548040396733039e-05
1322.609426470419,0.00012041010022183754
1323.4299037821252,0.00028372283794795205
1324.2503810938315,0.00030647961562737353
1325.0708584055376,0.00026064819645910353
1325.891335717244,7.823144608563095e-05
1326.7118130289502,6.999724619479846e-05
1327.5322903406563,7.990104473566898e-05
1328.3527676523627,0.0001552067738209395
1329.1732449640688,0.00014241052404610072
1329.993722275775,4.836314256974098e-05
1330.8141995874812,5.363605636773059e-05
1331.6346768991875,9.591059172205595e-05
1332.4551542108936,0.00010725050101370258
1333.2756315226,7.548218258032324e-05
1334.096108834306,3.2077819063614294e-05
1334.9165861460124,9.864198724552156e-05
1335.7370634577185,7.608365360385681e-05
1336.5575407694248,6.211608195703283e-05
1337.378018081131,5.012138787480532e-05
1338.1984953928372,3.0336893845283416e-05
1339.0189727045433,4.754662296688553e-06
1339.8394500162497,5.530491097814462e-05
1340.6599273279558,0.0001473656043338631
1341.480404639662,0.0001417066941384369
1342.3008819513682,0.00018053502111465625
1343.1213592630745,9.675426533007112e-05
1343.9418365747806,3.68334062841721e-05
1344.762313886487,1.5027577537487537e-05
1345.582791198193,0.00014807478973067717
1346.4032685098994,0.0001675727518991245
1347.2237458216055,0.00010314920426904795
1348.0442231333118,0.00017496204226769281
1348.864700445018,0.0001555412312109943
1349.6851777567242,0.00016998755963305078
1350.5056550684303,0.00018717396504418349
1351.3261323801366,7.931876796261058e-05
1352.1466096918427,6.482783737754002e-05
1352.967087003549,0.00011290488916671065
1353.7875643152552,0.0001191623105646786
1354.6080416269615,0.000120799406736282
1355.4285189386676,3.250069937647736e-05
1356.248996250374,8.19171755536406e-05
1357.06947356208,6.966088630544202e-05
1357.8899508737863,4.163304883758038e-05
1358.7104281854924,6.9629176093942e-05
1359.5309054971988,2.6049069670500317e-05
1360.3513828089049,7.291166749144347e-05
1361.1718601206112,7.314944981129683e-05
1361.9923374323173,4.943891815472132e-05
1362.8128147440236,0.00014233577983657625
1363.6332920557297,0.00013441484197954185
1364.453769367436,7.360262885915429e-05
1365.2742466791422,0.00015263105978104865
1366.0947239908485,0.0001420431071416316
1366.9152013025546,8.606776724251482e-05
1367.735678614261,7.265653572468196e-05
1368.556155925967,3.3031475713636455e-05
1369.3766332376733,8.937120494579872e-05
1370.1971105493794,0.00011171591935935667
1371.0175878610858,1.5404423363015577e-05
1371.838065172792,5.9808513262105554e-05
1372.6585424844982,6.675207217867408e-05
1373.4790197962045,8.610735070307587e-05
1374.2994971079106,8.6174590151113e-05
1375.119974419617,6.939134176312432e-05
1375.940451731323,5.0494265792631964e-05
1376.7609290430294,0.00013540901861764778
1377.5814063547355,0.00017097632638891276
1378.4018836664418,0.00015388846793711698
1379.222360978148,7.647651024527595e-05
1380.0428382898542,2.643812542336502e-05
1380.8633156015603,6.600138498429719e-05
1381.6837929132666,0.00018881524552148758
1382.5042702249727,0.00016181864398193062
1383.324747536679,0.00013794905040423515
1384.1452248483852,0.00019055373707172732
1384.9657021600915,0.00017241857445608226
1385.7861794717976,0.0001469862823555216
1386.606656783504,6.013584751987526e-05
1387.42713409521,0.00011499979492132027
1388.2476114069163,6.357138849058269e-05
1389.0680887186224,3.3237200909248555e-05
1389.8885660303288,2.1794872136135698e-05
1390.7090433420349,5.9012264550535805e-05
1391.5295206537412,8.379436597149423e-05
1392.3499979654473,7.661579862610643e-05
1393.1704752771536,0.00014451698873951062
1393.9909525888597,0.00016076378261214462
1394.811429900566,0.00011357855400500134
1395.6319072122722,6.13938959660805e-05
1396.4523845239785,4.1673437255362884e-05
1397.2728618356846,3.2031247853481735e-05
1398.093339147391,8.167561909292872e-05
1398.913816459097,0.00011735225494243738
1399.7342937708033,0.00015570806918674686
1400.5547710825094,0.00015585544642315356
1401.3752483942158,0.00013573277444508508
1402.1957257059219,0.00011341518470665271
1403.0162030176282,8.501473540017445e-05
1403.8366803293343,1.475517393774063e-05
1404.6571576410406,1.1361843147156326e-05
1405.4776349527467,3.3603847622553025e-06
1406.298112264453,0.0001384829442386681
1407.1185895761591,0.00010102472622107366
1407.9390668878655,7.613297895822705e-05
1408.7595441995716,0.00010470577259003838
1409.580021511278,0.00012868728518766208
1410.400498822984,0.00012127572307360111
1411.2209761346903,0.0001030978716068101
1412.0414534463964,8.31421656424269e-05
1412.8619307581027,9.810376753533434e-05
1413.6824080698088,9.190195239283815e-05
1414.5028853815152,6.244035041360672e-05
1415.3233626932215,6.280559273957562e-05
1416.1438400049276,8.266222452649465e-05
1416.964317316634,0.00010231695408769299
1417.78479462834,8.548532597161622e-05
1418.6052719400464,3.9829542565124536e-05
1419.4257492517524,0.00010154879710529943
1420.2462265634588,0.0001068080760115381
1421.0667038751649,2.688620440954988e-05
1421.8871811868712,0.0001743512669057035
1422.7076584985773,0.00019208474141818607
1423.5281358102836,0.000152787541151175
1424.3486131219897,6.837061517976394e-05
1425.169090433696,2.888724043065401e-05
1425.9895677454022,6.861533006975344e-05
1426.8100450571085,0.00020275991360655207
1427.6305223688146,0.00015584545190656438
1428.450999680521,5.673216814576332e-05
1429.271476992227,9.030373179485786e-05
1430.0919543039333,0.0001025179057234454
1430.9124316156394,0.00014929092429495693
1431.7329089273458,8.321584262461911e-05
1432.5533862390519,6.239159776911206e-05
1433.3738635507582,0.00015628794330546137
1434.1943408624643,0.00014256734851141896
1435.0148181741706,1.02120251595732e-05
1435.8352954858767,7.869263156920997e-05
1436.655772797583,3.872747913688883e-05
1437.4762501092891,7.86442053512307e-05
1438.2967274209955,1.7874064029922778e-05
1439.1172047327016,8.446304674828086e-05
1439.937682044408,0.00020056282057427698
1440.758159356114,0.00018422538082598833
1441.5786366678203,9.442502888129317e-05
1442.3991139795264,6.888840787750034e-05
1443.2195912912327,0.00018555699209132781
1444.0400686029388,0.00014110536696040747
1444.8605459146452,7.262469193364034e-05
1445.6810232263513,0.0001664681286563621
1446.5015005380576,0.00021222228335347523
1447.3219778497637,0.00012702036070629818
1448.14245516147,2.8874026621971915e-05
1448.9629324731761,6.0103122777294364e-05
1449.7834097848825,0.00010389777562417261
1450.6038870965886,7.640127733749625e-05
1451.4243644082949,2.5879465208431508e-05
1452.244841720001,6.719357776201097e-05
1453.0653190317073,0.00013136663989967112
1453.8857963434134,7.76953020325762e-05
1454.7062736551197,4.214552199517813e-05
1455.5267509668258,3.33506569646915e-05
1456.3472282785322,1.9553155063548086e-05
1457.1677055902383,2.2114834838962326e-05
1457.9881829019446,4.518058149795597e-05
1458.8086602136507,8.20814257614985e-05
1459.629137525357,4.375746390896697e-05
1460.4496148370633,4.6757725108604514e-05
1461.2700921487694,3.6161186295098625e-05
1462.0905694604758,6.093716034330027e-05
1462.9110467721819,0.00010328057194124193
1463.7315240838882,9.7518633716446e-05
1464.5520013955943,4.974638027017326e-05
1465.3724787073006,8.819938122121113e-05
1466.1929560190067,9.667338578591214e-05
1467.013433330713,6.494623644384145e-05
1467.8339106424191,3.865414158568716e-05
1468.6543879541255,4.9784462591359176e-05
1469.4748652658316,4.6494901330531816e-05
1470.295342577538,5.505620013928827e-05
1471.115819889244,0.00015279413700456583
1471.9362972009503,0.00020971671192761664
1472.7567745126564,0.00019155173122771072
1473.5772518243627,7.911102665838678e-05
1474.3977291360688,0.00011498689556465561
1475.2182064477752,0.00019856416134556644
1476.0386837594813,0.000159859393470274
1476.8591610711876,0.00021230914240682628
1477.6796383828937,0.000196921333542178
1478.5001156946,0.00016918638582844744
1479.3205930063061,0.0001459704926923609
1480.1410703180125,9.695794415312718e-05
1480.9615476297186,0.00012499421094893748
1481.7820249414249,0.00012564463489365924
1482.602502253131,0.0001494689798550207
1483.4229795648373,0.0001651684862391068
1484.2434568765434,0.0001695184197165167
1485.0639341882497,0.0001570253422561889
1485.8844114999558,4.7208509021316226e-05
1486.7048888116622,0.00011925367200072678
1487.5253661233683,5.448700550096452e-05
1488.3458434350746,6.169430703569922e-05
1489.1663207467807,8.555645148851917e-05
1489.986798058487,0.00012327492706032717
1490.807275370193,6.541634205583622e-05
1491.6277526818994,4.177652888521407e-05
1492.4482299936055,9.273852019483634e-05
1493.2687073053119,9.235636798822958e-05
1494.089184617018,2.071136532106235e-05
1494.9096619287243,9.787971794001426e-05
1495.7301392404304,7.626168485980566e-05
1496.5506165521367,2.7142522774347427e-05
1497.3710938638428,2.960975030622806e-05
1498.1915711755491,7.073563413437181e-05
1499.0120484872552,6.691665072697509e-05
1499.8325257989616,4.7165630242485356e-05
1500.6530031106677,7.981888277955318e-05
1501.473480422374,9.82303498747142e-05
1502.29395773408,7.011630899604425e-05
1503.1144350457864,0.00014163124946132174
1503.9349123574927,0.00012977110296840576
1504.7553896691988,5.312039488158776e-05
1505.5758669809052,0.0001237041367645449
1506.3963442926113,7.064446739459472e-05
1507.2168216043176,0.00012337880846450565
1508.0372989160237,0.00011265823640162332
1508.85777622773,1.116893612239473e-05
1509.6782535394361,5.862563989169338e-05
1510.4987308511425,0.00013652970905482352
1511.3192081628486,0.0001942190134770725
1512.1396854745549,4.074564234331082e-05
1512.960162786261,0.000134675241199897
1513.7806400979673,7.369451567252142e-05
1514.6011174096734,7.68619543707078e-05
1515.4215947213797,5.859820902271717e-05
1516.2420720330858,0.00016727261421197769
1517.0625493447922,8.550552359400107e-05
1517.8830266564983,0.00013093664602865845
1518.7035039682046,0.00021181506816145062
1519.5239812799107,0.00019151250280115829
1520.344458591617,0.00017592064833250835
1521.164935903323,6.276347380344545e-05
1521.9854132150294,9.597832945477078e-05
1522.8058905267355,0.00013272476907662728
1523.6263678384419,6.861913633919329e-05
1524.446845150148,0.00015880955671643583
1525.2673224618543,0.00020990689875508315
1526.0877997735604,4.4944938639856435e-05
1526.9082770852667,5.799002088474904e-05
1527.7287543969728,6.850193541361371e-05
1528.5492317086791,0.0001487441956646821
1529.3697090203852,0.0001305563582707268
1530.1901863320916,8.23273777199611e-05
1531.0106636437977,0.00016299028394189003
1531.831140955504,0.00014871519411860073
1532.65161826721,9.90021770116724e-05
1533.4720955789164,0.00011847559324700522
1534.2925728906225,9.220405845659841e-05
1535.1130502023288,4.2588097386483304e-05
1535.933527514035,9.649253786318086e-05
1536.7540048257413,1.5276998156090907e-05
1537.5744821374474,0.0001050198939142989
1538.3949594491537,0.00013895482636454447
1539.2154367608598,0.00012824417622021904
1540.0359140725661,0.00014118054896000771
1540.8563913842722,0.00014395026870024787
1541.6768686959786,4.815334490142701e-05
1542.4973460076847,0.00012335753786234883
1543.317823319391,0.00014123594929370967
1544.138300631097,0.00014907438697429887
1544.9587779428034,0.00011403262799642966
1545.7792552545095,0.0001236975055851335
1546.5997325662158,0.00012095860489873329
1547.420209877922,0.00015258616599613363
1548.2406871896283,0.000132243362054972
1549.0611645013346,7.072835923408953e-06
1549.8816418130407,0.00015268424989497712
1550.702119124747,0.0001119559628858897
1551.5225964364531,0.00015265199272863686
1552.3430737481594,0.0001393455762029351
1553.1635510598655,0.00019469448997543948
1553.9840283715719,0.00022554638470453873
1554.804505683278,4.914515344241518e-05
1555.6249829949843,6.658406768544716e-05
1556.4454603066904,7.707843780547193e-05
1557.2659376183967,9.196069220128022e-05
1558.0864149301028,5.121503700561413e-05
1558.9068922418091,0.00010813203960955862
1559.7273695535152,1.323006859108615e-05
1560.5478468652216,3.996140672217664e-05
1561.3683241769277,0.00012206024998756713
1562.188801488634,0.00019570705018450034
1563.00927880034,9.224745410747184e-05
1563.8297561120464,7.35218222239706e-05
1564.6502334237525,0.0001869354832297914
1565.4707107354589,0.00025950623697627807
1566.291188047165,0.00020593511614202007
1567.1116653588713,6.011708017312974e-05
1567.9321426705774,4.525644430246649e-05
1568.7526199822837,5.9160046983511844e-05
1569.5730972939898,0.00015362505349673204
1570.3935746056961,0.00011518002672206383
1571.2140519174022,0.0001042118264104412
1572.0345292291086,0.0001553832234786638
1572.8550065408147,7.345390533632997e-05
1573.675483852521,7.11912754376029e-05
1574.495961164227,4.860472342974001e-05
1575.3164384759334,8.383522583971119e-05
1576.1369157876395,5.97739742977412e-05
1576.9573930993458,6.457411714897727e-05
1577.777870411052,0.00014222855665146984
1578.5983477227583,0.00015473877839372865
1579.4188250344644,0.00012765506179442077
1580.2393023461707,9.754091694054265e-05
1581.0597796578768,0.00013032088678469912
1581.8802569695831,0.00020451645138840765
1582.7007342812892,8.417785082877571e-05
1583.5212115929955,3.451710009217289e-05
1584.3416889047016,7.00068244315876e-05
1585.162166216408,0.0001150661477166944
1585.982643528114,0.00011092548290440621
1586.8031208398204,8.22146566042868e-05
1587.6235981515265,0.00011899258589240615
1588.4440754632328,5.325010259450465e-05
1589.264552774939,0.0001062246905457012
1590.0850300866452,9.35666183831853e-05
1590.9055073983513,8.366239146393637e-05
1591.7259847100577,4.629256110413535e-05
1592.546462021764,5.991654234632736e-05
1593.36693933347,0.00013755995389515597
1594.1874166451764,0.00012275312027092776
1595.0078939568825,0.00012244371320278366
1595.8283712685889,0.00016557363645934928
1596.648848580295,0.00012190892578922456
1597.4693258920013,0.00014075600692210242
1598.2898032037074,0.00015515699894110365
1599.1102805154137,0.00015067665526294116
1599.9307578271198,0.00017117145049445323
1600.7512351388261,5.938986655429887e-05
1601.5717124505322,0.00011352921998982572
1602.3921897622386,0.00019834072348723635
1603.2126670739447,0.00013328575991443327
1604.033144385651,3.0241899837552826e-05
1604.853621697357,8.657822099475082e-05
1605.6740990090634,0.00020391005457574173
1606.4945763207695,0.00011561300987652953
1607.3150536324758,8.63415148837429e-05
1608.135530944182,0.00011842846521473297
1608.9560082558883,9.331189932318457e-05
1609.7764855675944,0.00010731754255509034
1610.5969628793007,9.251705666418793e-05
1611.4174401910068,6.773073288651473e-05
1612.2379175027131,0.0001241551008806338
1613.0583948144192,9.728641991490233e-05
1613.8788721261255,7.765336826609637e-05
1614.6993494378316,0.00017198866148135508
1615.519826749538,0.0001278274511122189
1616.340304061244,3.244285670877042e-05
1617.1607813729504,2.3867654564082563e-05
1617.9812586846565,1.771034432018321e-06
1618.8017359963628,2.3645029620283746e-05
1619.622213308069,7.294156701299062e-05
1620.4426906197752,8.232995257419393e-05
1621.2631679314813,0.00010082481839284998
1622.0836452431877,0.00011184266349445925
1622.9041225548938,9.319999465255861e-05
1623.7245998666,1.5848778529849388e-05
1624.5450771783062,9.110797464639283e-05
1625.3655544900125,2.1138250495892495e-05
1626.1860318017186,4.9366048794526696e-05
1627.006509113425,0.00018757627285043594
1627.826986425131,0.00023334691148072008
1628.6474637368374,0.00012048027709340578
1629.4679410485435,1.2788173702797982e-05
1630.2884183602498,7.278578769635228e-05
1631.108895671956,6.868438712631959e-05
1631.9293729836622,6.239526887498601e-05
1632.7498502953683,7.741775460462098e-05
1633.5703276070747,6.087355804803585e-05
1634.3908049187808,0.00011764533804745508
1635.211282230487,0.00015494370968057098
1636.0317595421932,0.00010810496428401107
1636.8522368538995,0.00010953403272715467
1637.6727141656058,0.00010660033340092476
1638.493191477312,1.888352825680764e-06
1639.3136687890183,0.00013939733622892568
1640.1341461007244,0.000225808053531897
1640.9546234124307,0.00016384116244740432
1641.7751007241368,8.593618974025837e-05
1642.5955780358431,4.37849203385337e-05
1643.4160553475492,6.281721101450881e-05
1644.2365326592555,0.00010072254781436622
1645.0570099709616,1.4477551656858229e-05
1645.877487282668,5.149233398229647e-05
1646.697964594374,7.232813106361751e-05
1647.5184419060804,0.00011162496313254769
1648.3389192177865,1.1932248119814647e-05
1649.1593965294928,0.000110032591232417
1649.979873841199,0.00017349005977194748
1650.8003511529053,0.00010469848034278808
1651.6208284646113,3.761512902616702e-05
1652.4413057763177,1.804727574832583e-05
1653.2617830880238,7.52461468034552e-05
1654.08226039973,3.9095255932348174e-05
1654.9027377114362,6.254927973973161e-05
1655.7232150231425,0.00016795680708256834
1656.5436923348486,0.00011073469119272522
1657.364169646555,4.1495265601072374e-05
1658.184646958261,4.7221861899155644e-05
1659.0051242699674,9.63926098063699e-05
1659.8256015816735,0.00014676089587700643
1660.6460788933798,5.802690126181811e-05
1661.466556205086,6.679215145334365e-06
1662.2870335167922,6.542934496311566e-05
1663.1075108284983,4.2674432776025254e-05
1663.9279881402047,5.13421965670926e-05
1664.7484654519108,4.294791414040659e-05
1665.568942763617,6.209585014246514e-05
1666.3894200753232,0.0001182964732902214
1667.2098973870295,9.71584342647212e-05
1668.0303746987356,9.844784073299631e-05
1668.850852010442,5.0329772775712086e-05
1669.671329322148,2.222455605513665e-05
1670.4918066338544,6.2835749316054e-05
1671.3122839455605,0.0001133737905090433
1672.1327612572668,0.00013367727152138558
1672.953238568973,0.00021706359002612838
1673.7737158806792,0.0002038511212540171
1674.5941931923853,5.195490702820406e-05
1675.4146705040916,8.609085694116419e-05
1676.2351478157977,5.066601872642371e-05
1677.055625127504,8.530624965146675e-05
1677.8761024392102,0.0001138451128037802
1678.6965797509165,0.00016532282163811158
1679.5170570626226,0.00013832861497788115
1680.337534374329,7.308306604159644e-05
1681.1580116860353,0.00012069045482296245
1681.9784889977414,5.396773219166901e-05
1682.7989663094477,0.00018917682565116226
1683.6194436211538,0.00017704185935814637
1684.43992093286,5.279114879944031e-05
1685.2603982445662,8.934499410287089e-06
1686.0808755562725,2.7308371082001783e-05
1686.9013528679786,0.00011283659739420136
1687.721830179685,0.00022126360223245994
1688.542307491391,0.00017241077198142503
1689.3627848030974,4.8056072173183386e-05
1690.1832621148035,0.00011833898783585099
1691.0037394265098,8.081894660169789e-05
1691.824216738216,0.00019817174938983545
1692.6446940499222,0.00023977260857888463
1693.4651713616283,0.00020879202218879541
1694.2856486733347,0.00015603821913288547
1695.1061259850408,0.00011478169498999926
1695.926603296747,8.732874515127363e-05
1696.7470806084532,0.00012783296260912835
1697.5675579201595,9.352691345969211e-05
1698.3880352318656,6.90006946097154e-05
1699.208512543572,6.749960855824384e-05
1700.028989855278,2.8862867802766732e-05
1700.8494671669844,0.00019966247402239794
1701.6699444786905,0.0002593712966232973
1702.4904217903968,0.00023520662831024602
1703.310899102103,0.00014124811785783036
1704.1313764138092,8.609619513765305e-05
1704.9518537255153,0.00013047092907353795
1705.7723310372216,0.00012447026411755433
1706.5928083489277,0.00012131303887331485
1707.413285660634,7.797716425766546e-05
1708.2337629723402,6.629821455584613e-05
1709.0542402840465,0.00010823701533705274
1709.8747175957526,0.00014841998233095326
1710.695194907459,0.00015243778316952896
1711.515672219165,0.00020100108343870792
1712.3361495308714,9.27431023358047e-05
1713.1566268425775,0.00016067624414202228
1713.9771041542838,2.7629504036260042e-05
1714.7975814659899,7.88076263849436e-05
1715.6180587776962,7.266251478094606e-05
1716.4385360894023,7.896439593344757e-05
1717.2590134011086,0.00013232724944936043
1718.0794907128147,0.00017587312236929664
1718.899968024521,0.00011046893308840274
1719.7204453362272,6.763560847571251e-05
1720.5409226479335,8.399349178968187e-05
1721.3613999596396,8.352256029512765e-05
1722.181877271346,0.00020519166430333608
1723.002354583052,0.00018651467368447264
1723.8228318947583,9.600946377593593e-05
1724.6433092064647,7.716573196620024e-05
1725.4637865181708,1.3838015330146319e-05
1726.284263829877,8.31661738831873e-05
1727.1047411415832,0.0001310940249618032
1727.9252184532895,5.912734684404904e-05
1728.7456957649956,7.071212952228496e-05
1729.566173076702,0.00019515502306474263
1730.386650388408,0.0001413849395290875
1731.2071277001144,4.998417594677829e-05
1732.0276050118205,6.49142014149771e-05
1732.8480823235268,0.00018288297715051625
1733.668559635233,0.0001366136906680591
1734.4890369469392,8.658159238371579e-05
1735.3095142586453,0.0001506074760069345
1736.1299915703516,0.00017213521370292083
1736.9504688820577,3.997818192453528e-05
1737.770946193764,0.00020107855527576026
1738.5914235054702,0.00016629962201023923
1739.4119008171765,8.081947813624838e-05
1740.2323781288826,3.403756311430161e-05
1741.052855440589,9.233005113937177e-05
1741.873332752295,0.00010804278094563591
1742.6938100640014,0.00012275752058130214
1743.5142873757075,0.0001743415112847327
1744.3347646874138,0.00011683672345863465
1745.1552419991199,2.46091272378087e-05
1745.9757193108262,9.834328406628708e-05
1746.7961966225323,9.927227825987966e-05
1747.6166739342386,8.458207550061747e-05
1748.4371512459447,2.336942896887878e-05
1749.257628557651,0.0001495010374307934
1750.0781058693572,0.0001758929512319342
1750.8985831810635,5.6987342072588546e-05
1751.7190604927696,4.032757618467673e-05
1752.539537804476,5.198482050146517e-05
1753.360015116182,7.456971935806686e-05
1754.1804924278883,8.982658588443379e-05
1755.0009697395944,4.8695338104480374e-05
1755.8214470513008,8.44701080049586e-05
1756.6419243630069,0.00015328291454074739
1757.4624016747132,0.00014002502420353198
1758.2828789864193,0.00015534546039410536
1759.1033562981256,7.6668495114511e-05
1759.9238336098317,0.00010854923638178466
1760.744310921538,3.866877724026033e-05
1761.5647882332441,7.204004347659095e-05
1762.3852655449505,0.00014186196401682946
1763.2057428566566,0.000117609813802976
1764.026220168363,6.331871146086354e-05
1764.846697480069,5.406182295307589e-05
1765.6671747917753,0.00010034824803601769
1766.4876521034814,0.00021694319922746123
1767.3081294151878,0.00015539312930682253
1768.1286067268938,0.00010501160029827711
1768.9490840386002,0.0001491261821328371
1769.7695613503065,0.00019709643171108234
1770.5900386620126,0.0001229140285426559
1771.410515973719,9.797232656345967e-05
1772.230993285425,0.00015600094906815016
1773.0514705971314,8.820224233137374e-05
1773.8719479088375,7.486186320825547e-05
1774.6924252205438,0.0002012332613669933
1775.5129025322499,0.00019636328098844583
1776.3333798439562,9.59667399589477e-05
1777.1538571556623,7.12338607760793e-05
1777.9743344673686,5.080505640853951e-05
1778.7948117790747,8.343750757588113e-05
1779.615289090781,9.335344069226099e-05
1780.4357664024872,5.0812240876502366e-05
1781.2562437141935,5.2950790648571414e-05
1782.0767210258996,8.972138347707813e-05
1782.897198337606,0.00012844355975645682
1783.717675649312,0.00026477714954157086
1784.5381529610183,0.00020712157650611953
1785.3586302727244,9.823360853681987e-05
1786.1791075844308,0.0001342256555416634
1786.9995848961369,0.00022988650726832397
1787.8200622078432,0.0001061205636686835
1788.6405395195493,8.695764416007551e-05
1789.4610168312556,2.5272951606928708e-05
1790.2814941429617,5.68250738517026e-05
1791.101971454668,8.22016012156878e-05
1791.9224487663741,7.675696081190098e-05
1792.7429260780805,6.594382740037149e-05
1793.5634033897866,9.227138594397171e-05
1794.383880701493,0.00015297154173389004
1795.204358013199,0.0001283469771119167
1796.0248353249053,0.00016348767227654647
1796.8453126366114,0.0002629042659680101
1797.6657899483178,0.00020317724428570527
1798.4862672600239,0.00014671713455848958
1799.3067445717302,0.00012117266158478995
1800.1272218834363,6.4054135585403e-05
1800.9476991951426,6.478544521899262e-05
1801.7681765068487,7.524691818159742e-05
1802.588653818555,4.9023460110751265e-05
1803.4091311302611,1.9635872900905692e-05
1804.2296084419675,0.00010716820580948609
1805.0500857536736,9.552820952149516e-05
1805.8705630653799,9.222418250196617e-05
1806.691040377086,0.00014739999877911965
1807.5115176887923,0.00010929167564654421
1808.3319950004984,4.683807311246825e-05
1809.1524723122047,9.79897594401626e-05
1809.9729496239108,0.00015510823777581173
1810.7934269356172,9.860748835050898e-05
1811.6139042473233,0.00013995470572660248
1812.4343815590296,0.0001511541625260558
1813.254858870736,7.445759259164417e-05
1814.075336182442,7.128980471211866e-05
1814.8958134941483,9.417561160704817e-05
1815.7162908058544,0.0002446886815371418
1816.5367681175608,0.00019828517946999066
1817.3572454292669,6.900120702628472e-05
1818.1777227409732,0.00014448742942617927
1818.9982000526793,5.764646556083976e-05
1819.8186773643856,6.814594019284198e-05
1820.6391546760917,5.566508692994082e-06
1821.459631987798,8.081212144308664e-05
1822.2801092995041,0.0001228539308476344
1823.1005866112105,0.00017165409576752662
1823.9210639229166,0.00024343699562680185
1824.741541234623,0.0002026342340489772
1825.562018546329,5.491315793765396e-05
1826.3824958580353,0.00011988960222652882
1827.2029731697414,0.00011541197928988906
1828.0234504814478,0.00013513624787849608
1828.8439277931539,0.00023759521957105863
1829.6644051048602,0.00016470335220162104
1830.4848824165663,0.00011868942710846825
1831.3053597282726,4.183436149337459e-05
1832.1258370399787,0.00012472741930490467
1832.946314351685,5.452857752704013e-05
1833.7667916633911,5.357714765320505e-05
1834.5872689750975,6.963803589110156e-05
1835.4077462868036,5.590510776979606e-05
1836.2282235985099,4.471004429218112e-05
1837.048700910216,0.00015687922324857158
1837.8691782219223,0.00017365952707465126
1838.6896555336284,7.722813310884267e-05
1839.5101328453347,6.106566977165173e-05
1840.3306101570408,4.9364330076423324e-05
1841.1510874687472,8.834382447738926e-05
1841.9715647804533,0.00020365334831985845
1842.7920420921596,0.00015136544854391985
1843.6125194038657,0.00013552931293265744
1844.432996715572,0.00010031745314492213
1845.2534740272781,6.756794993968874e-05
1846.0739513389844,0.00012882336386467363
1846.8944286506905,6.5109357907122e-05
1847.7149059623969,8.383009441601972e-05
1848.535383274103,7.038190591791134e-05
1849.3558605858093,0.0001158681313267739
1850.1763378975154,0.00016549883259230313
1850.9968152092217,4.9866427073637834e-05
1851.8172925209278,7.377427457394647e-05
1852.6377698326341,3.963339927182798e-05
1853.4582471443402,5.3809872580074066e-05
1854.2787244560466,0.0001606416224196661
1855.0992017677527,0.00018538503968759242
1855.919679079459,7.055395001735543e-05
1856.740156391165,4.987651787837582e-05
1857.5606337028714,7.461293773088925e-05
1858.3811110145778,7.12561326654861e-05
1859.2015883262839,0.00010647619458130024
1860.0220656379902,0.00011391433190644233
1860.8425429496963,0.0001273353500634341
1861.6630202614026,0.00021093755820529155
1862.4834975731087,0.00014999737982261205
1863.303974884815,0.0001236461030023773
1864.1244521965211,0.00010973143341898872
1864.9449295082275,3.48933052213008e-05
1865.7654068199336,7.365058005637575e-05
1866.58588413164,5.238444213538416e-05
1867.406361443346,0.00013499984709944003
1868.2268387550523,5.692005692089311e-05
1869.0473160667584,6.0333040289549786e-05
1869.8677933784647,0.00010257984915611529
1870.6882706901708,0.00010695605930816845
1871.5087480018772,0.00015852923475944967
1872.3292253135833,0.00013279832660190486
1873.1497026252896,0.00011828635892852419
1873.9701799369957,3.928333222187913e-05
1874.790657248702,3.127801656950271e-05
1875.6111345604081,0.00010389507116645907
1876.4316118721144,0.00023741808821692507
1877.2520891838205,0.00024957633251118883
1878.0725664955269,0.00021044083119325775
1878.893043807233,0.00015441981413166322
1879.7135211189393,0.00016033464831616875
1880.5339984306454,0.00010743808182092521
1881.3544757423517,3.020018416090689e-05
1882.1749530540578,7.388167197264791e-05
1882.9954303657642,0.00014325726638597322
1883.8159076774702,0.00013702260248387666
1884.6363849891766,7.054615784497301e-05
1885.4568623008827,8.747731329873521e-05
1886.277339612589,0.0001336667388283391
1887.097816924295,0.00013175602725379852
1887.9182942360014,0.00010621934566237887
1888.7387715477075,0.00010911509385308686
1889.5592488594139,0.00015144166457232465
1890.37972617112,8.630520815710025e-05
1891.2002034828263,8.984148455300686e-05
1892.0206807945324,0.00017343952498349142
1892.8411581062387,0.00010404460569137822
1893.6616354179448,6.768122827049443e-05
1894.4821127296511,0.00010676597278075085
1895.3025900413572,0.00014110999865544176
1896.1230673530636,0.0001458433700537427
1896.9435446647697,6.511592320324392e-05
1897.764021976476,4.095976206286977e-05
1898.584499288182,4.572316739527656e-05
1899.4049765998884,7.270485436598088e-05
1900.2254539115945,5.470607124006427e-05
1901.0459312233008,8.941246539297046e-05
1901.8664085350072,6.114913954295649e-05
1902.6868858467133,3.456692169156466e-05
1903.5073631584196,5.861691317090752e-05
1904.3278404701257,0.00011138879146791841
1905.148317781832,0.00010446341915540261
1905.9687950935381,0.00015155423404661743
1906.7892724052444,0.00012644648899075273
1907.6097497169505,0.00017246909941747403
1908.4302270286569,0.0002463852054687233
1909.250704340363,0.00012255452983313207
1910.0711816520693,9.824844980653734e-05
1910.8916589637754,0.0001912577605176577
1911.7121362754817,0.00014408006257705185
1912.5326135871878,0.00012376458333570562
1913.3530908988942,0.00021816516674634087
1914.1735682106003,0.00015480415094097375
1914.9940455223066,6.25914355156741e-05
1915.8145228340127,0.00010509682878357742
1916.635000145719,0.000179985401392808
1917.455477457425,0.0001528257895132746
1918.2759547691314,9.093010732823466e-05
1919.0964320808375,4.3566197687746845e-05
1919.9169093925439,7.299852450163855e-05
1920.73738670425,0.00011449078646253452
1921.5578640159563,6.49420114907005e-05
1922.3783413276624,0.00011427438390877892
1923.1988186393687,7.3001575401986e-05
1924.0192959510748,1.80513118109281e-05
1924.8397732627811,4.619303113129217e-05
1925.6602505744872,1.4625110363427156e-05
1926.4807278861936,0.00018428101841465625
1927.3012051978997,0.00016609682577295478
1928.121682509606,0.00013817269261243287
1928.942159821312,0.0001685811231572057
1929.7626371330184,0.00010422772010976077
1930.5831144447245,0.00014750761144528767
1931.4035917564308,0.00020122011418614684
1932.224069068137,8.063607834547818e-05
1933.0445463798433,6.431182942633141e-05
1933.8650236915494,3.808136628000226e-05
1934.6855010032557,3.728010495246216e-05
1935.5059783149618,1.9714414766722146e-05
1936.3264556266681,5.757982403940405e-05
1937.1469329383742,0.00016227478814550867
1937.9674102500805,0.00022004565699278457
1938.7878875617866,0.00018418791391387935
1939.608364873493,9.146588857784995e-05
1940.428842185199,0.0001940856828253287
1941.2493194969054,0.00010083075150920368
1942.0697968086115,3.674761796347353e-05
1942.8902741203178,8.395975471214766e-05
1943.710751432024,0.00013075833879468154
1944.5312287437303,0.00013470629248304983
1945.3517060554364,3.213366301074688e-05
1946.1721833671427,6.104894585835224e-05
1946.992660678849,4.598973941569302e-05
1947.813137990555,1.922098244258939e-05
1948.6336153022614,6.570427392809259e-05
1949.4540926139675,0.00012617872752395987
1950.2745699256739,3.5656868942235995e-05
1951.09504723738,0.00016751189424922026
1951.9155245490863,0.0001818189240113673
1952.7360018607924,3.0382990389959074e-05
1953.5564791724987,7.027309343326327e-05
1954.3769564842048,0.00011751520059405942
1955.1974337959111,0.00015212997465269794
1956.0179111076172,8.73762393350565e-05
1956.8383884193236,5.6512324062083656e-05
1957.6588657310297,8.484874992979701e-05
1958.479343042736,5.867755312461614e-05
1959.299820354442,1.545488817544947e-05
1960.1202976661484,0.0001898448116258994
1960.9407749778545,0.0002798171950693111
1961.7612522895608,0.00017311287737440545
1962.581729601267,3.558816668571889e-05
1963.4022069129733,5.769937494826626e-05
1964.2226842246794,0.0001527448859070304
1965.0431615363857,0.00021516293564567923
1965.8636388480918,0.00013449818704205243
1966.6841161597981,8.983396535073754e-05
1967.5045934715042,0.00015750677518256993
1968.3250707832105,0.00016866605337275867
1969.1455480949166,7.307015722853072e-05
1969.966025406623,1.0298748820697505e-05
1970.786502718329,3.1477234157293805e-05
1971.6069800300354,0.00013781071609469367
1972.4274573417415,0.00014644226888676826
1973.2479346534478,7.620640927611683e-05
1974.068411965154,3.8995315510832984e-05
1974.8888892768603,9.987852445873356e-05
1975.7093665885664,8.015234034228612e-06
1976.5298439002727,0.00016482523062252757
1977.3503212119788,0.00016698791623378056
1978.170798523685,0.00011622047133739385
1978.9912758353912,7.530948050052857e-05
1979.8117531470975,9.190534302097055e-05
1980.6322304588036,0.0001307379221471575
1981.45270777051,5.5028196780366825e-05
1982.273185082216,6.786386219493604e-05
1983.0936623939224,0.00011092606656903384
1983.9141397056285,0.00010985338008705282
1984.7346170173348,0.0002096476598150835
1985.555094329041,0.00027322146635727873
1986.3755716407472,0.00023591126246026695
1987.1960489524533,0.00019044018415406992
1988.0165262641597,0.0002404386036127865
1988.8370035758658,0.00018980398262669429
1989.657480887572,7.609112133346864e-05
1990.4779581992784,8.708306142743412e-05
1991.2984355109845,0.0002014506369980032
1992.1189128226908,0.0002957351204816003
1992.939390134397,0.00025303881293520025
1993.7598674461033,8.56234127476603e-05
1994.5803447578094,9.063125776053093e-05
1995.4008220695157,9.14790946752809e-05
1996.2212993812218,0.00010706578738222135
1997.0417766929281,0.00011374818240389141
1997.8622540046342,0.00011386440731636048
1998.6827313163406,9.385412459363096e-05
1999.5032086280467,5.6606689181726695e-05
2000.323685939753,6.528606275020804e-05
2001.144163251459,0.00016235955524792242
2001.9646405631654,9.702886593674728e-05
2002.7851178748715,3.564284600124846e-05
2003.6055951865778,0.00011533216616214635
2004.426072498284,0.00014419208097156319
2005.2465498099903,6.207376021085202e-05
2006.0670271216964,0.0001606940808436282
2006.8875044334027,0.0002644918488427153
2007.7079817451088,0.00019269009320566915
2008.528459056815,0.0001054453207713331
2009.3489363685212,4.262232753108594e-05
2010.1694136802275,0.00016799539198171108
2010.9898909919336,0.00015594497932157537
2011.81036830364,0.00015313680415268078
2012.630845615346,0.0001611198343111026
2013.4513229270524,0.00016694803752408563
2014.2718002387585,0.0001574019539366129
2015.0922775504648,6.894643915300546e-05
2015.912754862171,1.0357716365565945e-05
2016.7332321738772,4.404033008543215e-05
2017.5537094855833,5.8876185524013615e-05
2018.3741867972897,9.223730801138695e-05
2019.1946641089958,0.0001495365891421978
2020.015141420702,0.0001479489959343604
2020.8356187324082,7.210307480407003e-05
2021.6560960441145,4.37887246303505e-05
2022.4765733558206,9.197166497190561e-05
2023.297050667527,0.00011828073256235138
2024.117527979233,0.0001165408686693161
2024.9380052909394,0.00023018059560889027
2025.7584826026455,0.00015426301591877603
2026.5789599143518,6.687783481391299e-05
2027.399437226058,0.00014868276433836462
2028.2199145377642,0.00013113522033282728
2029.0403918494703,6.611204840615142e-05
2029.8608691611767,6.96427921681417e-05
2030.6813464728828,1.409370498790053e-05
2031.501823784589,0.00011884267225187424
2032.3223010962952,5.610821438939584e-05
2033.1427784080015,4.396496205928054e-05
2033.9632557197076,0.00010803456001141759
2034.783733031414,9.275342394207357e-05
2035.6042103431203,7.005514078679499e-05
2036.4246876548264,5.9947095229660096e-05
2037.2451649665327,0.00010761988875219457
2038.0656422782388,0.00012647338893361472
2038.886119589945,6.167011943605566e-05
2039.7065969016512,7.410062039745015e-05
2040.5270742133575,0.00010256951786470456
2041.3475515250636,5.555766237533356e-05
2042.16802883677,0.00016297171860113553
2042.988506148476,0.00021093489800607347
2043.8089834601824,0.00013868279374325653
2044.6294607718885,4.178795259223193e-05
2045.4499380835948,0.00010527866956343485
2046.270415395301,0.00011597725218751835
2047.0908927070072,9.736520256207155e-05
2047.9113700187133,5.2221794629419143e-05
2048.7318473304194,7.312123306388662e-05
2049.5523246421258,0.00011960434228779456
2050.372801953832,0.00014539084370968262
2051.1932792655384,5.851717448261077e-05
2052.0137565772443,6.466635518474412e-05
2052.8342338889506,0.00013664501622796167
2053.654711200657,0.00020094646553089093
2054.4751885123633,0.00010798808094493047
2055.295665824069,7.052112790178862e-05
2056.1161431357755,0.0001274816874475011
2056.936620447482,0.00011123077039775497
2057.757097759188,9.990218494869288e-05
2058.577575070894,8.577121368244136e-05
2059.3980523826003,8.329104728457049e-05
2060.2185296943067,0.00015053922739425823
2061.039007006013,0.00015004753850319578
2061.859484317719,5.131011631003576e-05
2062.679961629425,3.454981541591008e-05
2063.5004389411315,6.175374514953831e-05
2064.320916252838,2.284338153480176e-05
2065.1413935645437,0.0001017362221321093
2065.96187087625,0.00013273624317212447
2066.7823481879564,0.00010422128653611061
2067.6028254996627,7.961830844160347e-05
2068.4233028113686,0.00011110274829441048
2069.243780123075,7.747721322495225e-05
2070.064257434781,3.502739284584985e-05
2070.8847347464875,9.271567964832779e-05
2071.7052120581934,0.0001228321781992857
2072.5256893698997,0.0001301117975605193
2073.346166681606,0.00010358411044953147
2074.1666439933124,0.00010789912433273972
2074.9871213050183,7.242871720903141e-05
2075.8075986167246,2.2144568838655524e-05
2076.628075928431,9.955706019555315e-05
2077.4485532401372,6.623961555968146e-05
2078.269030551843,5.259208825566096e-05
2079.0895078635494,1.842672522050428e-05
2079.9099851752558,6.193454995242277e-05
2080.730462486962,0.00010606767511312536
2081.5509397986684,0.00016109427352358394
2082.3714171103743,9.820991175818175e-05
2083.1918944220806,7.178500592257503e-05
2084.012371733787,0.00012487390233006484
2084.8328490454933,8.230073264465144e-05
2085.653326357199,9.28322159389126e-05
2086.4738036689055,7.284721814192793e-05
2087.294280980612,0.00010095490375366743
2088.114758292318,7.663949014655191e-05
2088.935235604024,1.7892471309440857e-05
2089.7557129157303,0.00010855452330958416
2090.5761902274367,7.087973612199817e-05
2091.396667539143,9.12873739109625e-05
2092.217144850849,0.0001433037722667526
2093.037622162555,0.00012787542227973148
2093.8580994742615,0.00013694635566343494
2094.678576785968,0.00012063187198908976
2095.4990540976737,4.987805886716909e-05
2096.31953140938,8.147980714113484e-06
2097.1400087210864,8.561086572266298e-06
2097.9604860327927,4.4383645101739346e-05
2098.7809633444986,8.440420859164488e-05
2099.601440656205,0.00015789398670495048
2100.421917967911,0.0001857818538444991
2101.2423952796175,7.092284647132939e-05
2102.0628725913234,6.843186427542839e-05
2102.8833499030297,0.0001454175251902892
2103.703827214736,0.00018408287311582954
2104.5243045264424,5.4640094516226434e-05
2105.3447818381483,4.658381682567e-05
2106.1652591498546,6.170660126452208e-05
2106.985736461561,2.2549785706416003e-05
2107.8062137732672,6.18116707585775e-05
2108.626691084973,0.00011328465207451019
2109.4471683966794,0.00019098877917796654
2110.2676457083858,0.00017720746090751417
2111.088123020092,1.6502240251516658e-05
2111.908600331798,0.00019824997273503104
2112.7290776435043,0.00026397015379057276
2113.5495549552106,0.00016360586334024098
2114.370032266917,8.640590021839757e-05
2115.190509578623,2.682944125377403e-05
2116.010986890329,6.348239116396912e-05
2116.8314642020355,0.00010591686627447451
2117.651941513742,0.00011950771071936619
2118.4724188254477,5.7811104243498896e-05
2119.292896137154,7.651598753256567e-05
2120.1133734488603,0.00011464767165402712
2120.9338507605667,7.585302053504549e-05
2121.7543280722725,6.730922019940743e-05
2122.574805383979,5.868740148809297e-05
2123.395282695685,3.981213457442455e-05
2124.2157600073915,0.0001453397508640435
2125.036237319098,5.584563767306047e-05
2125.8567146308037,0.00010891884237534007
2126.67719194251,0.0001258636052197983
2127.4976692542164,0.00014998440158223552
2128.3181465659227,0.00014311502725208923
2129.1386238776286,0.00014553211312399477
2129.959101189335,9.19046120936804e-05
2130.779578501041,0.00022118634663656259
2131.6000558127475,0.00013616972306397036
2132.4205331244534,0.0001058462571930309
2133.2410104361597,0.00011934209344701877
2134.061487747866,0.00015658167132572842
2134.8819650595724,0.0001496186287739443
2135.7024423712783,0.0001537769935963944
2136.5229196829846,0.00017669475398995893
2137.343396994691,3.237880721413091e-05
2138.1638743063972,0.00012410983893147557
2138.984351618103,0.00012023983293743185
2139.8048289298094,0.00016302624552261657
2140.625306241516,0.0001507047505767406
2141.445783553222,4.058041559146682e-05
2142.266260864928,4.0217408239562365e-05
2143.0867381766343,3.721062129215096e-05
2143.9072154883406,0.0001077800184924803
2144.727692800047,0.00013589669587100634
2145.548170111753,0.00012667628288060492
2146.368647423459,0.00011567981532059927
2147.1891247351655,8.023347717686993e-05
2148.009602046872,4.707521737178251e-05
2148.8300793585777,0.00010832385067539366
2149.650556670284,8.412966459933823e-05
2150.4710339819903,7.209031566838081e-05
2151.2915112936967,7.552222861235996e-05
2152.1119886054025,4.018281821371741e-05
2152.932465917109,0.00011597995330404532
2153.752943228815,0.00011738802950884235
2154.5734205405215,0.00013418601647442708
2155.3938978522274,0.00021926629066830285
2156.2143751639337,0.00018823977703388806
2157.03485247564,0.00014237872490769965
2157.8553297873464,0.00022848202087591188
2158.6758070990522,0.0001421632669006681
2159.4962844107586,0.00013969280169285497
2160.316761722465,9.010449258484393e-05
2161.137239034171,4.653675729985998e-05
2161.957716345877,0.00015579291788166074
2162.7781936575834,0.0001118966511438683
2163.5986709692897,0.0001896150290261924
2164.419148280996,0.00014662323766138894
2165.239625592702,0.00013476908282670082
2166.0601029044083,2.7600311656869308e-05
2166.8805802161146,5.650236740181929e-05
2167.701057527821,6.401491215531451e-05
2168.5215348395272,0.00013904575344562893
2169.342012151233,0.0001314524059798739
2170.1624894629394,7.534731843018474e-05
2170.982966774646,2.2501642770527793e-05
2171.803444086352,5.4634970970619844e-05
2172.623921398058,8.612879143074798e-05
2173.4443987097643,0.00011411419720372175
2174.2648760214706,0.00015270687068965006
2175.085353333177,0.0002130300119257931
2175.905830644883,0.0001941567350630836
2176.726307956589,0.00023420179727815752
2177.5467852682955,7.073101635982919e-05
2178.367262580002,9.247502490682603e-05
2179.1877398917077,4.0526314728965726e-05
2180.008217203414,0.00011330639755250305
2180.8286945151203,7.657478640090383e-05
2181.6491718268267,3.390575594861243e-05
2182.4696491385325,9.164137129515788e-05
2183.290126450239,0.00014619888420971857
2184.110603761945,0.0001351193136681795
2184.9310810736515,4.078687891651336e-05
2185.7515583853574,0.00013831318716224194
2186.5720356970637,0.00018219237463871485
2187.39251300877,6.771247891311711e-05
2188.2129903204764,0.0001374350843377729
2189.0334676321822,0.0002158865600324548
2189.8539449438886,0.00016793828618390534
2190.674422255595,0.00013445285466411443
2191.494899567301,9.121881913495077e-05
2192.315376879007,1.5149673163287635e-05
2193.1358541907134,5.837941147561215e-05
2193.9563315024197,5.028296793125596e-05
2194.776808814126,8.008371424720341e-05
2195.597286125832,6.320849311244588e-05
2196.4177634375383,2.3074997029809204e-05
2197.2382407492446,4.371038125623523e-05
2198.058718060951,8.362567537682643e-05
2198.879195372657,1.7186131600822512e-05
2199.699672684363,2.7276939911340508e-05
2200.5201499960694,0.00010804836471955956
2201.340627307776,0.00016595091290310735
2202.1611046194816,0.00017961249285241575
2202.981581931188,0.00013864999769628
2203.8020592428943,0.00014300194922629695
2204.6225365546006,8.634120607218837e-05
2205.4430138663065,7.064657546691231e-05
2206.263491178013,0.00010901208198061317
2207.083968489719,7.209503709903578e-05
2207.9044458014255,0.00015774565674755544
2208.7249231131314,0.00014889134689378562
2209.5454004248377,0.00016469673765300997
2210.365877736544,0.00012987765952042558
2211.1863550482503,8.851177054550432e-05
2212.0068323599567,5.552485041514219e-05
2212.8273096716625,4.929471912859384e-05
2213.647786983369,6.687900237732537e-05
2214.468264295075,7.390870405253875e-05
2215.2887416067815,9.296734234213765e-05
2216.1092189184874,8.45684046934442e-05
2216.9296962301937,8.041408872414762e-05
2217.7501735419,5.3744498505866665e-05
2218.5706508536064,6.250101668425477e-05
2219.3911281653122,0.00010953687468350464
2220.2116054770186,0.00016567118279750908
2221.032082788725,5.502434953617989e-05
2221.852560100431,0.0001012795131058915
2222.673037412137,8.862303890202466e-05
2223.4935147238434,9.503198824104106e-05
2224.3139920355497,5.3095747684663185e-05
2225.134469347256,9.945741563617846e-05
2225.954946658962,8.553999023365409e-05
2226.7754239706683,0.00014011560950065422
2227.5959012823746,6.576025677282457e-05
2228.416378594081,0.00010032071285719206
2229.236855905787,0.0001071834755778261
2230.057333217493,0.00012334691464290672
2230.8778105291995,0.0001244070280237614
2231.698287840906,0.00018626944999062918
2232.5187651526116,0.00016033393145261385
2233.339242464318,0.00012122610179690091
2234.1597197760243,0.0002584455257858446
2234.9801970877306,0.00017167098091449176
2235.8006743994365,0.00014095444558778248
2236.621151711143,6.112422402148019e-05
2237.441629022849,4.4671425691955515e-05
2238.2621063345555,7.816572809957314e-05
2239.0825836462614,0.00010821885186990488
2239.9030609579677,3.862598359411581e-05
2240.723538269674,7.190946764714947e-05
2241.5440155813803,4.848991048651322e-05
2242.364492893086,4.825313330212485e-05
2243.1849702047925,0.0001134407219599313
2244.005447516499,0.00017889335000544906
2244.825924828205,0.0002205399272785792
2245.646402139911,0.00022037418403144304
2246.4668794516174,0.00015306385563690206
2247.2873567633237,5.261370313344337e-05
2248.10783407503,4.6885586975887196e-05
2248.928311386736,7.350157468935928e-05
2249.7487886984422,8.724605521893015e-05
2250.5692660101486,0.00012645913320097715
2251.389743321855,1.8280663125603823e-06
2252.2102206335608,2.4038635605206043e-05
2253.030697945267,8.582803577186336e-05
2253.8511752569734,0.0001839545489255995
2254.6716525686797,0.00011314920228650204
2255.492129880386,5.4050371554938596e-05
2256.312607192092,1.730080454969116e-05
2257.1330845037983,3.9160814009139294e-05
2257.9535618155046,0.0001590691391533689
2258.774039127211,0.0001928273058299112
2259.594516438917,0.0001926146339814906
2260.414993750623,0.00010794105169858799
2261.2354710623295,6.982877349857561e-05
2262.055948374036,0.00014054758262044858
2262.8764256857417,0.00013367650327080881
2263.696902997448,7.020594571580861e-05
2264.5173803091543,0.00016581156428213838
2265.3378576208606,0.00012013386435907978
2266.1583349325665,1.126408785227893e-05
2266.978812244273,4.7411832792843343e-05
2267.799289555979,0.00011316509595960827
2268.6197668676855,0.00015783143477256974
2269.4402441793914,6.504281203823528e-05
2270.2607214910977,0.0002060210934305353
2271.081198802804,0.0001596643897493908
2271.9016761145103,7.802189221493476e-05
2272.722153426216,6.527656866483186e-05
2273.5426307379225,0.00010876742512216467
2274.363108049629,5.730586574898904e-05
2275.183585361335,7.966632439629201e-05
2276.004062673041,3.51257944331878e-05
2276.8245399847474,7.1530341276748e-05
2277.6450172964537,1.2416868471442211e-05
2278.46549460816,9.946146734203032e-05
2279.285971919866,7.928776282313376e-05
2280.1064492315722,0.00011933704730589692
2280.9269265432786,0.00014518203001650325
2281.747403854985,2.3122194546081278e-05
2282.5678811666908,7.118503716821605e-05
2283.388358478397,3.315316263338755e-05
2284.2088357901034,7.232838628254056e-05
2285.0293131018097,0.00012095793260605861
2285.8497904135156,0.00010142897686343136
2286.670267725222,0.00011782529617707912
2287.4907450369283,8.914180292419635e-05
2288.3112223486346,4.642879679475614e-05
2289.1316996603405,8.589193268398207e-05
2289.952176972047,9.454430287458024e-05
2290.772654283753,0.00017812190493516684
2291.5931315954595,0.00020024248755231262
2292.4136089071653,6.127353323431046e-05
2293.2340862188717,7.872848724945806e-05
2294.054563530578,0.00011124864857424656
2294.8750408422843,0.0001334145767267875
2295.69551815399,0.00021771529148123083
2296.5159954656965,0.00021969100945650727
2297.336472777403,7.205941069609394e-05
2298.156950089109,2.2753394475357473e-05
2298.977427400815,1.6861788388326018e-05
2299.7979047125214,6.284557920003187e-05
2300.6183820242277,0.00012707225800907498
2301.438859335934,0.0001671482531280111
2302.2593366476403,0.00016759475746863154
2303.079813959346,0.0001202742307231913
2303.9002912710525,4.3479248725664036e-05
2304.720768582759,6.303530364657867e-05
2305.541245894465,3.9723891359414934e-05
2306.361723206171,7.568410809303652e-05
2307.1822005178774,3.095927113215786e-05
2308.0026778295837,7.771355029241795e-05
2308.82315514129,8.176343312109687e-05
2309.643632452996,8.619387936654889e-05
2310.4641097647022,0.0001304676493727994
2311.2845870764086,5.450390913218512e-05
2312.105064388115,8.534682877751971e-05
2312.9255416998208,8.714171817819248e-05
2313.746019011527,0.00011149059750142563
2314.5664963232334,0.00010052000116499005
2315.3869736349397,9.394110062818439e-05
2316.2074509466456,0.00019612450646198587
2317.027928258352,0.00020824972268634615
2317.8484055700583,7.886791477705013e-05
2318.6688828817646,0.0001562137306563262
2319.4893601934705,0.00012364902915210974
2320.309837505177,0.0002193381667942387
2321.130314816883,0.00032286524334376997
2321.9507921285895,0.00019556533904105367
2322.7712694402953,9.668241202861021e-05
2323.5917467520017,0.00013251513006758736
2324.412224063708,0.00010761425814054518
2325.2327013754143,0.00011384325565257818
2326.05317868712,0.00014127552967056157
2326.8736559988265,0.0001372956015522368
2327.694133310533,8.773161428057772e-05
2328.514610622239,7.751954174421762e-05
2329.335087933945,4.028532642401265e-05
2330.1555652456514,6.390823050464159e-05
2330.9760425573577,0.00012055774492023901
2331.796519869064,0.00016982568754586035
2332.61699718077,0.0001851127942335337
2333.437474492476,0.00011261884004917476
2334.2579518041825,5.138553779465474e-05
2335.078429115889,0.00014237899238173036
2335.8989064275947,0.0001658807771357538
2336.719383739301,0.0001597352356145992
2337.5398610510074,0.00016790335292875573
2338.3603383627137,0.00015566938495138667
2339.1808156744196,5.491816257831466e-05
2340.001292986126,0.00014091699598858123
2340.8217702978322,0.00013030106113188117
2341.6422476095386,0.00017907510323401238
2342.4627249212444,0.00011093046146319355
2343.2832022329508,9.47401573278017e-05
2344.103679544657,0.00010107351024483682
2344.9241568563634,4.3262602401141496e-05
2345.7446341680698,5.680973610038754e-05
2346.5651114797756,4.5523222363791345e-05
2347.385588791482,6.373446486906792e-05
2348.2060661031883,8.303749723883076e-05
2349.0265434148946,7.893211586947155e-05
2349.8470207266005,4.061440995763151e-05
2350.667498038307,4.8728104798898704e-05
2351.487975350013,5.882882268561705e-05
2352.3084526617195,7.815837532206624e-05
2353.1289299734253,0.00016502608790967908
2353.9494072851317,0.00017372667395229772
2354.769884596838,3.305904616718243e-05
2355.5903619085443,0.00014505431413877162
2356.41083922025,0.00010442450525319887
2357.2313165319565,0.00016322245665740075
2358.051793843663,0.00021998867302245394
2358.872271155369,0.00013702648426541206
2359.692748467075,0.0001765738059800486
2360.5132257787814,9.149910563130932e-05
2361.3337030904877,0.00013584360931158957
2362.154180402194,0.00014835498621220845
2362.9746577139,7.307089185138177e-05
2363.795135025606,7.425835520691726e-05
2364.6156123373125,0.00010104673895304075
2365.436089649019,0.00022766133198100734
2366.2565669607247,0.00011008254081792844
2367.077044272431,9.959255534850472e-05
2367.8975215841374,0.00011016330528814665
2368.7179988958437,0.00010336793561174352
2369.5384762075496,8.52694455175842e-05
2370.358953519256,0.00012887745869463545
2371.1794308309622,6.879973298435095e-05
2371.9999081426686,0.00011020132069761057
2372.8203854543744,0.00013673284046509352
2373.6408627660808,9.445475808176631e-05
2374.461340077787,1.0927551121035702e-05
2375.2818173894934,7.272487058336621e-05
2376.1022947011993,5.8926921441098266e-05
2376.9227720129056,3.086077852133249e-05
2377.743249324612,6.446599736349043e-05
2378.5637266363183,0.00013646573911491391
2379.384203948024,0.00017916520361604062
2380.2046812597305,0.00027319806893247995
2381.025158571437,0.00026728127437645967
2381.845635883143,0.00018957590333837346
2382.666113194849,9.585786721779222e-05
2383.4865905065553,9.635672047131065e-05
2384.3070678182617,0.00015782740734771028
2385.127545129968,0.00014142829369326464
2385.948022441674,5.485536731594109e-05
2386.76849975338,6.800990932594785e-05
2387.5889770650865,5.085382385298574e-05
2388.409454376793,0.0001662430507271767
2389.229931688499,0.0002570054902013323
2390.050409000205,0.00011196870505228645
2390.8708863119114,0.00017527080837091477
2391.6913636236177,0.0002438523659350643
2392.511840935324,0.00013961185480255157
2393.33231824703,4.62011933280117e-05
2394.152795558736,7.945742960817447e-05
2394.9732728704425,8.162512777327608e-05
2395.793750182149,6.093474866039208e-05
2396.6142274938547,9.141221398927801e-05
2397.434704805561,0.00010232434879203801
2398.2551821172674,0.00014808438881075571
2399.0756594289737,0.0001400529700073537
2399.8961367406796,2.12322736204355e-05
2400.716614052386,3.228329469050289e-05
2401.5370913640922,6.877431600591211e-05
2402.3575686757986,6.64565797245349e-05
2403.1780459875044,5.9529648320129324e-05
2403.998523299211,0.00010346903140279322
2404.819000610917,0.00012314382958563522
2405.6394779226234,6.965630012927583e-05
2406.4599552343293,4.619148348936156e-05
2407.2804325460356,9.273286155339576e-05
2408.100909857742,9.051026090120227e-05
2408.9213871694483,9.808420803976619e-05
2409.741864481154,0.00010761782334132846
2410.5623417928605,0.00012258340640119853
2411.382819104567,8.792751443600906e-05
2412.203296416273,6.0515654217651704e-05
2413.023773727979,0.00016492847978288053
2413.8442510396853,0.00010881184596844959
2414.6647283513917,0.0001157813459699419
2415.485205663098,0.00022055730800063064
2416.305682974804,0.00018809318737335757
2417.12616028651,4.434538572701191e-05
2417.9466375982165,8.99960015201349e-05
2418.767114909923,3.3448384282634504e-05
2419.5875922216287,3.998112845482169e-05
2420.408069533335,9.382597791154417e-05
2421.2285468450414,9.788089452997076e-05
2422.0490241567477,6.750663147367556e-05
2422.8695014684536,6.341240314982901e-05
2423.68997878016,4.00273208616805e-05
2424.510456091866,3.154766265283236e-05
2425.3309334035725,7.835471760790103e-05
2426.1514107152784,2.5582039200708208e-05
2426.9718880269847,6.280291277850688e-05
2427.792365338691,4.491276036718682e-05
2428.6128426503974,5.305737172131904e-06
2429.4333199621033,3.2690045869881183e-05
2430.2537972738096,4.867327695191235e-05
2431.074274585516,0.00010397796477602427
2431.8947518972222,0.00013804874408058728
2432.7152292089286,3.0416037688160103e-05
2433.5357065206344,0.00016215215829357724
2434.356183832341,0.00018159710387282967
2435.176661144047,0.00013356045751822482
2435.9971384557534,0.00012494574419970287
2436.8176157674593,8.245430113682588e-05
2437.6380930791656,0.00020885670725274595
2438.458570390872,0.00033408080438977034
2439.2790477025783,0.00024401308655033633
2440.099525014284,7.40956633683886e-05
2440.9200023259905,5.272150172020696e-05
2441.740479637697,8.210921863243935e-05
2442.560956949403,0.00012273334984055256
2443.381434261109,3.571284699834583e-05
2444.2019115728153,0.0001452543301700273
2445.0223888845217,0.0001254717834550141
2445.842866196228,8.113461469177467e-05
2446.663343507934,0.00013058142552426256
2447.48382081964,5.131279681007357e-05
2448.3042981313465,6.52318428316287e-05
2449.124775443053,9.233740470466891e-05
2449.9452527547587,0.00013376114949040682
2450.765730066465,0.00016082539516140443
2451.5862073781714,0.00011619158764847289
2452.4066846898777,8.538701014280156e-05
2453.2271620015836,0.00010319937973478954
2454.04763931329,0.0001595036259884752
2454.868116624996,0.00020361550223888086
2455.6885939367025,0.0002739941122206686
2456.5090712484084,0.0002444018547995506
2457.3295485601147,0.00012011522247005316
2458.150025871821,0.00011235156764316622
2458.9705031835274,0.00013483327803203294
2459.7909804952333,8.841925710488986e-05
2460.6114578069396,9.873421861342476e-05
2461.431935118646,0.0001269283440898774
2462.2524124303523,0.00011634696821828541
2463.072889742058,4.774514621150781e-05
2463.8933670537645,7.396979990504355e-05
2464.713844365471,5.5803134072799094e-05
2465.534321677177,0.00010339782041434991
2466.354798988883,0.0001561613565909791
2467.1752763005893,8.895554703870365e-05
2467.9957536122956,5.392248672269423e-06
2468.816230924002,5.784911319986311e-05
2469.636708235708,0.00013821187770756644
2470.457185547414,0.0002366705733453461
2471.2776628591205,0.00010887590537508429
2472.098140170827,0.00011737602702157575
2472.9186174825327,0.0001700047830780741
2473.739094794239,0.00010636812023733988
2474.5595721059453,4.434438891726754e-05
2475.3800494176517,7.2468563503519e-05
2476.2005267293575,5.483024383470826e-05
2477.021004041064,2.7421537011286243e-05
2477.84148135277,3.387734155046758e-05
2478.6619586644765,9.578912552979385e-05
2479.482435976183,0.00013702259099250495
2480.3029132878887,0.00011153404317235754
2481.123390599595,6.292920954182173e-05
2481.9438679113014,6.090524004904893e-05
2482.7643452230077,0.0001322079918105143
2483.5848225347136,0.00016178754124846325
2484.40529984642,0.0001252781342596503
2485.225777158126,0.00011469414460702099
2486.0462544698325,2.947491541739645e-05
2486.8667317815384,0.00011568972638485458
2487.6872090932447,0.00013535888474573406
2488.507686404951,5.083605759655703e-05
2489.3281637166574,0.00014390142162065957
2490.1486410283633,0.00019063047717281332
2490.9691183400696,9.158133466376373e-05
2491.789595651776,4.4004854121547836e-05
2492.6100729634823,0.00010853902338465645
2493.430550275188,0.00010549508802801608
2494.2510275868945,0.00012172270288880137
2495.071504898601,7.408291277301453e-05
2495.891982210307,0.00012812127005310849
2496.712459522013,0.000118607954877492
2497.5329368337193,3.799948512320205e-05
2498.3534141454256,0.0001165887554628703
2499.173891457132,0.00010056426449146947
2499.994368768838,0.00010980429939785928
2500.814846080544,5.9593604452568303e-05
2501.6353233922505,3.1826886469244455e-05
2502.455800703957,4.860584743502537e-05
2503.2762780156627,0.00012878795630547448
2504.096755327369,0.00014150996120293222
2504.9172326390753,0.00010325529312607635
2505.7377099507817,4.685032813597621e-05
2506.5581872624875,0.00011858494101785781
2507.378664574194,0.00013398331068650903
2508.1991418859,0.00014233843308222063
2509.0196191976065,3.199365470103342e-05
2509.8400965093124,7.464626340774633e-05
2510.6605738210187,3.0366827206606988e-05
2511.481051132725,0.00015516742576550963
2512.3015284444314,0.00016469385719652876
2513.1220057561372,7.525857567316112e-05
2513.9424830678436,2.5237535877815032e-05
2514.76296037955,4.447000947806599e-05
2515.583437691256,5.657528421464929e-05
2516.403915002962,2.7688087190235405e-05
2517.2243923146684,3.695540788424367e-05
2518.0448696263747,4.5569051129741076e-05
2518.865346938081,5.986078473848676e-05
2519.685824249787,0.00016424510355170734
2520.5063015614933,0.0002558578132301028
2521.3267788731996,0.00024621628155885105
2522.147256184906,0.00021652161473185202
2522.9677334966123,0.00017362761935469815
2523.788210808318,0.00017386626118720436
2524.6086881200245,0.0001319928953169974
2525.429165431731,6.24901504303601e-05
2526.249642743437,1.0183049321368638e-05
2527.070120055143,9.635937967681442e-05
2527.8905973668493,0.00012577319207456397
2528.7110746785556,8.274617521478867e-05
2529.531551990262,0.00011607742405149813
2530.352029301968,0.00010510561532460766
2531.172506613674,6.817036986286796e-05
2531.9929839253805,0.00010331520797723534
2532.813461237087,0.0001031715050525175
2533.6339385487927,9.445438310788531e-05
2534.454415860499,8.811761932715722e-05
2535.2748931722053,4.2127310422227066e-05
2536.0953704839117,8.952199519847918e-05
2536.9158477956175,0.00013847356440510223
2537.736325107324,7.790243704562692e-05
2538.55680241903,3.5734181064398115e-05
2539.3772797307365,7.478187396963569e-05
2540.1977570424424,0.00011746957387112312
2541.0182343541487,4.05727704497174e-05
2541.838711665855,6.645294095123818e-05
2542.6591889775614,6.164530998328806e-05
2543.4796662892672,0.00012094199617071035
2544.3001436009736,8.068942248447828e-05
2545.12062091268,2.828067889083247e-05
2545.941098224386,5.554791757356733e-05
2546.761575536092,0.00012849438179888677
2547.5820528477984,0.0001971724562464182
2548.4025301595047,0.00011868771118286794
2549.223007471211,9.945416113177573e-05
2550.043484782917,0.00014402746838222124
2550.8639620946233,0.00013318175601534897
2551.6844394063296,0.00010374585493368411
2552.504916718036,6.401797477215998e-05
2553.325394029742,1.3757565332465578e-05
2554.145871341448,0.00010561929352743544
2554.9663486531545,0.00016009483077016376
2555.786825964861,0.00012659971875246968
2556.6073032765667,0.00019699289593211187
2557.427780588273,8.828881941599054e-05
2558.2482578999793,8.632652133387647e-05
2559.0687352116856,8.213950609671425e-05
2559.8892125233915,0.00016349398127966933
2560.709689835098,0.00010501847520833723
2561.530167146804,6.474068934903961e-05
2562.3506444585105,0.00013117705611558826
2563.1711217702164,0.00011318520434193502
2563.9915990819227,0.00010955591998583192
2564.812076393629,0.0001185197794351204
2565.6325537053353,0.00013541592757803815
2566.4530310170417,0.00011878351658655614
2567.2735083287475,0.00014456264183269766
2568.093985640454,0.0002446397292591064
2568.91446295216,0.00020042272340449393
2569.7349402638665,0.00010718032439275529
2570.5554175755724,9.458861915239585e-05
2571.3758948872787,5.0109499373190075e-05
2572.196372198985,9.902866052649308e-05
2573.0168495106914,0.00016202451799356837
2573.8373268223972,0.00021212595536667392
2574.6578041341036,0.0001452652824382402
2575.47828144581,3.916688075101953e-05
2576.298758757516,9.04209796463733e-05
2577.119236069222,6.463355380370391e-05
2577.9397133809284,4.542868119799346e-05
2578.7601906926348,3.523645406457503e-05
2579.580668004341,0.00011754297563129302
2580.401145316047,8.42139897200619e-05
2581.2216226277533,0.0001461597683906914
2582.0420999394596,0.0002111423701889101
2582.862577251166,0.00010005096434165524
2583.683054562872,8.458903299180188e-05
2584.503531874578,9.572200608597117e-05
2585.3240091862845,0.00010703821446096547
2586.144486497991,0.000153703010005478
2586.9649638096967,0.0001939333545054189
2587.785441121403,0.00013956766213501056
2588.6059184331093,7.313029086257622e-05
2589.4263957448156,7.745148955309507e-05
2590.2468730565215,9.005751480041717e-05
2591.067350368228,7.822300261533787e-06
2591.887827679934,0.0001763453010548497
2592.7083049916405,0.00015098669269466027
2593.5287823033464,9.308582184148761e-05
2594.3492596150527,0.00014822388601312114
2595.169736926759,4.435747827234538e-05
2595.9902142384653,4.588864104011091e-05
2596.810691550171,3.4959279796124456e-05
2597.6311688618775,9.012043533456481e-05
2598.451646173584,0.00012530151715719218
2599.27212348529,6.650698497180951e-05
2600.092600796996,4.191032357871819e-05
2600.9130781087024,0.00010572408281222785
2601.7335554204087,0.00010036199709310158
2602.554032732115,0.0001412062164910245
2603.374510043821,1.5045393000129207e-05
2604.1949873555272,3.669619801966669e-05
2605.0154646672336,0.00010149605035644213
2605.83594197894,0.00014931859922829365
2606.6564192906458,0.00014695695956395795
2607.476896602352,0.00018902035412968231
2608.2973739140584,0.0001586173249166545
2609.1178512257648,5.17609056773229e-06
2609.938328537471,6.464768931023389e-05
2610.758805849177,2.3804762276786774e-05
2611.5792831608833,0.00010655444214129212
2612.3997604725896,0.00011857062412880652
2613.220237784296,9.582653153947673e-05
2614.040715096002,6.059505888826867e-05
2614.861192407708,0.00011743777466915239
2615.6816697194145,0.0001629472433127924
2616.502147031121,7.592621001784725e-05
2617.3226243428267,3.293017624227655e-05
2618.143101654533,0.0001548098556432355
2618.9635789662393,0.00016597946977894116
2619.7840562779456,0.00010671877064453825
2620.6045335896515,8.112283542999135e-05
2621.425010901358,8.284626971846521e-05
2622.245488213064,3.756691948568149e-05
2623.0659655247705,9.454957708105279e-05
2623.8864428364764,9.237166380223936e-05
2624.7069201481827,0.00010904952432812219
2625.527397459889,0.00011265585858288541
2626.3478747715953,0.00010809131200932061
2627.168352083301,0.00014232380425814584
2627.9888293950075,9.05591263881012e-05
2628.809306706714,0.0001162332207222762
2629.62978401842,0.00014169879222237448
2630.450261330126,0.0001175070956985548
2631.2707386418324,8.314639214594626e-05
2632.0912159535387,1.4808384813584026e-05
2632.911693265245,0.0001180482510228771
2633.732170576951,0.0001692235122803643
2634.5526478886572,8.462421623314697e-05
2635.3731252003636,0.0001459904257683314
2636.19360251207,9.466875461320819e-05
2637.014079823776,4.625323806724469e-05
2637.834557135482,2.931769881086533e-05
2638.6550344471884,0.00019758397433815704
2639.4755117588948,0.00021647148085820943
2640.2959890706006,0.00015402083879274584
2641.116466382307,0.00013100509137879086
2641.9369436940133,6.0193407647390986e-05
2642.7574210057196,6.897169914727769e-06
2643.5778983174255,0.0001078944938622744
2644.398375629132,0.00012207801182722927
2645.218852940838,7.84841273890286e-05
2646.0393302525445,5.475436012245426e-05
2646.8598075642503,0.00010354553957197466
2647.6802848759567,9.969425790075289e-05
2648.500762187663,3.599968537774976e-05
2649.3212394993693,3.308642467022398e-05
2650.141716811075,9.301888542905845e-05
2650.9621941227815,7.475328977907669e-05
2651.782671434488,9.824080022876012e-05
2652.603148746194,8.252920284194404e-05
2653.4236260579005,5.4038695560234755e-05
2654.2441033696064,0.00010665372821383472
2655.0645806813127,5.41462046049843e-05
2655.885057993019,2.395927711865899e-05
2656.7055353047253,6.0474852293685555e-05
2657.526012616431,7.448255972511979e-05
2658.3464899281375,4.4543335285459624e-05
2659.166967239844,0.0001509111440974629
2659.98744455155,0.00016948634344512197
2660.807921863256,0.00017710194415876081
2661.6283991749624,9.500129387220132e-05
2662.4488764866687,0.00012000196944797482
2663.269353798375,0.0001570034985310311
2664.089831110081,0.00010166531461603872
2664.9103084217872,0.00015414375129958987
2665.7307857334936,0.00023106000379608338
2666.5512630452,2.8198106915914547e-05
2667.371740356906,0.00012752256080095667
2668.192217668612,6.361345231548017e-05
2669.0126949803184,0.00011639820798855573
2669.8331722920248,0.0001191207939350812
2670.6536496037306,0.00013896094745080814
2671.474126915437,2.692696507637802e-05
2672.2946042271433,5.772630293931122e-05
2673.1150815388496,5.086375729502455e-05
2673.9355588505555,0.00017791857683096749
2674.756036162262,0.00021317242042436096
2675.576513473968,0.0001094815734951391
2676.3969907856745,0.00012150871929750183
2677.2174680973803,0.00011060990143624697
2678.0379454090867,9.841096735943344e-05
2678.858422720793,6.280182310320438e-05
2679.6789000324993,0.00011954841649983264
2680.499377344205,0.00012961817251192376
2681.3198546559115,0.0001109662119112646
2682.140331967618,0.0001965772434620446
2682.960809279324,0.00016564188264560616
2683.78128659103,4.53168692710952e-05
2684.6017639027364,1.2451887503150252e-05
2685.4222412144427,0.00014580611248179802
2686.242718526149,0.00022050266627492396
2687.063195837855,0.00014455008996012866
2687.883673149561,1.905162726642008e-05
2688.7041504612675,1.689007086551822e-05
2689.524627772974,6.0876294932982026e-05
2690.3451050846797,5.436478917944338e-05
2691.165582396386,0.00021048134654486035
2691.9860597080924,0.0002447159860843505
2692.8065370197987,0.00013799246080554872
2693.6270143315046,2.74516600120823e-05
2694.447491643211,3.694030207234519e-05
2695.2679689549173,9.273898399519702e-05
2696.0884462666236,9.651799862812061e-05
2696.9089235783294,0.00011965477021686985
2697.729400890036,4.598164282296844e-05
2698.549878201742,6.708889184803552e-05
2699.3703555134484,5.1813540348457195e-05
2700.1908328251548,8.54486035410872e-05
2701.0113101368606,8.976115212818975e-05
2701.831787448567,0.00017323535903518235
2702.6522647602733,0.00022863507709494082
2703.4727420719796,8.320071660621818e-05
2704.2932193836855,0.00010967323034833273
2705.113696695392,4.414401302158187e-05
2705.934174007098,0.00011639675715050066
2706.7546513188045,0.00013198035798264138
2707.5751286305103,3.203120949809184e-05
2708.3956059422167,0.0001449994762896114
2709.216083253923,9.987279363962037e-05
2710.0365605656293,0.00011554955099268757
2710.857037877335,0.00010164690951410052
2711.6775151890415,7.798644102390638e-05
2712.497992500748,5.6410534874194005e-05
2713.318469812454,8.139954781967215e-05
2714.13894712416,7.334700356167335e-05
2714.9594244358664,0.00010604597399207099
2715.7799017475727,5.12591648753565e-05
2716.600379059279,4.3949077639730984e-05
2717.420856370985,0.0001080973563524729
2718.241333682691,0.00017133955123417374
2719.0618109943975,0.0001861460244562031
2719.882288306104,0.00011356004180777364
2720.7027656178097,4.703382788192723e-05
2721.523242929516,5.634951390395414e-05
2722.3437202412224,3.9051101996654344e-05
2723.1641975529287,3.3214987008051533e-05
2723.9846748646346,2.2722100781382863e-05
2724.805152176341,8.043507158105656e-05
2725.6256294880473,0.0001622370279803522
2726.4461067997536,9.314582720643581e-05
2727.2665841114595,6.451131108809717e-05
2728.087061423166,7.030570089161581e-05
2728.907538734872,0.00014725798051233604
2729.7280160465784,0.0002069304832920985
2730.5484933582843,0.00020219917783310024
2731.3689706699906,0.0001327884457237543
2732.189447981697,0.00011096188446579464
2733.0099252934033,0.00010396470640457993
2733.830402605109,1.6295120035339977e-05
2734.6508799168155,5.4396570247302346e-05
2735.471357228522,6.182322431411015e-06
2736.291834540228,7.898854361353679e-05
2737.112311851934,0.00022548045797194353
2737.9327891636403,0.0002325412541800467
2738.7532664753467,0.00017296149541339936
2739.573743787053,0.00011062497515917055
2740.394221098759,7.606673112335545e-05
2741.214698410465,9.884830464566094e-05
2742.0351757221715,5.658683296343944e-05
2742.855653033878,4.0634219940861955e-05
2743.676130345584,6.674054763852962e-05
2744.49660765729,6.464837195898081e-05
2745.3170849689964,0.00013539298551770024
2746.1375622807027,0.00023315785413498594
2746.958039592409,0.0001047154546199992
2747.778516904115,8.899236166094551e-05
2748.598994215821,0.00013724236973053022
2749.4194715275275,0.0001804220838897197
2750.239948839234,0.00013629578695069226
2751.0604261509397,4.214233306715732e-05
2751.880903462646,5.010633727598571e-05
2752.7013807743524,5.491748804581286e-05
2753.5218580860587,9.63094009786333e-05
2754.3423353977646,7.180456141117886e-05
2755.162812709471,4.6746803822806015e-05
2755.9832900211773,4.790121581485948e-05
2756.8037673328836,0.00011156402936475369
2757.6242446445895,9.172185373301373e-05
2758.444721956296,0.0001383911134613643
2759.265199268002,0.00012925060754687414
2760.0856765797084,8.075847706360298e-05
2760.9061538914143,0.00015165990411445738
2761.7266312031206,0.0001785418787537017
2762.547108514827,0.00010079874677064582
2763.3675858265333,4.169582338256735e-05
2764.188063138239,0.0001080064235061458
2765.0085404499455,0.00016110331534644335
2765.829017761652,0.00025487135339773446
2766.649495073358,0.00021709928194475888
2767.469972385064,0.0001255239063883141
2768.2904496967703,0.00011916356405610721
2769.1109270084767,8.754888908776997e-05
2769.931404320183,5.7775189171433585e-05
2770.751881631889,1.6075234378491798e-05
2771.572358943595,0.00012137773194689048
2772.3928362553015,0.0001727427257125674
2773.213313567008,0.00012009185828894083
2774.0337908787137,0.00014093744877206066
2774.85426819042,0.00014156976769386085
2775.6747455021264,9.275423479053268e-05
2776.4952228138327,4.5163415975806326e-05
2777.3157001255386,2.6639503633764176e-05
2778.136177437245,8.31910198830749e-05
2778.956654748951,0.00010912074604998894
2779.7771320606576,0.00015110615358708917
2780.5976093723634,0.0001588069998894103
2781.4180866840697,0.0001314354985433663
2782.238563995776,0.0001941566495075647
2783.0590413074824,0.00015128611913077823
2783.8795186191883,6.033659352887483e-05
2784.6999959308946,0.00015793379662295805
2785.520473242601,8.26235118386905e-05
2786.3409505543073,6.550449390742791e-05
2787.1614278660136,7.646493177552291e-05
2787.9819051777195,0.0001321029248572061
2788.802382489426,0.00021247103328185543
2789.622859801132,0.00018471653714823783
2790.4433371128384,0.00015076457645153086
2791.2638144245443,3.723258756533407e-05
2792.0842917362506,0.00018411190868972992
2792.904769047957,0.0002487348290063367
2793.7252463596633,8.542147629353186e-05
2794.545723671369,7.484149716933422e-05
2795.3662009830755,0.00011469122089853651
2796.186678294782,0.00017434097586599203
2797.007155606488,2.2726593526273623e-05
2797.827632918194,0.0001007894463314362
2798.6481102299003,0.00012608062366791165
2799.4685875416067,0.00010477553198331005
2800.289064853313,7.693892944446089e-05
2801.109542165019,4.613092497975505e-05
2801.930019476725,3.849513662971542e-05
2802.7504967884315,4.697975863768015e-05
2803.570974100138,6.990941188868676e-05
2804.3914514118437,5.926031128903484e-05
2805.21192872355,0.00023543837021503577
2806.0324060352564,0.00023417157166348698
2806.8528833469627,6.830234579730354e-05
2807.6733606586686,0.00011559175328517905
2808.493837970375,0.00018598338324437972
2809.314315282081,9.160132027248303e-05
2810.1347925937876,9.859898326443541e-05
2810.9552699054934,0.00014451522556472386
2811.7757472171998,0.00013327468420305065
2812.596224528906,9.567867603455253e-05
2813.4167018406124,7.500003813969307e-05
2814.2371791523183,2.9949538783984493e-05
2815.0576564640246,1.2009136194828203e-05
2815.878133775731,8.285043298423413e-05
2816.6986110874373,8.993697722393545e-05
2817.519088399143,0.00011063261928632318
2818.3395657108495,0.0002051789915037492
2819.160043022556,0.00019663045073254487
2819.980520334262,0.00012682299577853297
2820.800997645968,0.00020852164507636418
2821.6214749576743,0.00018370796109490152
2822.4419522693806,3.6261374241515094e-05
2823.262429581087,0.00011898412411288105
2824.082906892793,0.00012164175943210302
2824.903384204499,0.00019918346557671379
2825.7238615162055,0.0002479566641195888
2826.544338827912,4.9897696035285445e-05
2827.3648161396177,0.00016909052207512046
2828.185293451324,0.00018962578930054058
2829.0057707630303,0.00012430047529120403
2829.8262480747367,5.536226873799317e-05
2830.646725386443,8.509687191623126e-05
2831.467202698149,0.00010251318310587092
2832.287680009855,4.8199549588132576e-05
2833.1081573215615,1.7171573791237555e-05
2833.928634633268,6.824931765231875e-05
2834.7491119449737,0.00010082070760746217
2835.56958925668,0.00013911899214889449
2836.3900665683864,0.0001887053158454493
2837.2105438800927,0.00014254123427648449
2838.0310211917986,4.3845790349421486e-05
2838.851498503505,1.7237697974584215e-05
2839.671975815211,3.223980265906799e-05
2840.4924531269176,0.00013348080100363595
2841.3129304386234,0.00017594821188271972
2842.1334077503298,8.636629452469545e-05
2842.953885062036,6.53382125754996e-05
2843.7743623737424,5.674163854420212e-05
2844.5948396854483,0.00011359498755123913
2845.4153169971546,0.00020774633490566334
2846.235794308861,0.00017095621212149132
2847.0562716205673,7.009090009917555e-05
2847.876748932273,0.00011743021242393224
2848.6972262439795,0.00012739941777758373
2849.517703555686,2.9473620532736117e-05
2850.338180867392,0.00011148918699113083
2851.158658179098,0.00013300999888532416
2851.9791354908043,9.17848171580406e-05
2852.7996128025106,0.00013210063285612936
2853.620090114217,4.9033156043041244e-05
2854.440567425923,2.9909798856528926e-05
2855.261044737629,5.6459022503373117e-05
2856.0815220493355,2.4439418429430188e-05
2856.901999361042,0.00014211184182017956
2857.7224766727477,0.00011024589161658526
2858.542953984454,9.675369649377083e-05
2859.3634312961603,0.00013173962505324668
2860.1839086078667,8.437082987406157e-05
2861.0043859195725,0.00014761703718266985
2861.824863231279,0.0002106810564844145
2862.645340542985,0.00018278076832449594
2863.4658178546915,0.00013893185162900903
2864.2862951663974,0.00012567434356026966
2865.1067724781037,0.0001468306644236548
2865.92724978981,0.0001464044262910391
2866.7477271015164,0.00011224624476885047
2867.5682044132222,5.3684055240927734e-05
2868.3886817249286,8.720131372396161e-05
2869.209159036635,4.865547978109513e-05
2870.0296363483412,3.43887215573534e-05
2870.850113660047,2.452342391766567e-05
2871.6705909717534,5.7041882531368546e-05
2872.4910682834598,0.00012146865908954413
2873.311545595166,0.00011339058382565881
2874.132022906872,7.557396084622046e-05
2874.9525002185783,7.254680711643711e-05
2875.7729775302846,7.378508389753292e-05
2876.593454841991,3.6804964814289654e-05
2877.4139321536973,0.00012849372663081786
2878.234409465403,0.00019932214852703658
2879.0548867771095,0.0001138604266293257
2879.875364088816,8.468125594781395e-05
2880.695841400522,0.00011482276929438987
2881.516318712228,0.00011885756002113303
2882.3367960239343,0.00016553510180809558
2883.1572733356406,9.268397281282173e-05
2883.977750647347,8.60284744008915e-05
2884.798227959053,0.00014883550218106276
2885.618705270759,0.00012355866891177323
2886.4391825824655,0.00011485144066879643
2887.259659894172,3.5403525464465186e-05
2888.0801372058777,8.61166444751864e-05
2888.900614517584,0.00011700766666901486
2889.7210918292903,0.0003206839215033031
2890.5415691409967,0.0001564262148152563
2891.3620464527025,0.00015466935886567233
2892.182523764409,0.000124756755229709
2893.003001076115,5.407630775497573e-05
2893.8234783878215,0.00017838276892868796
2894.6439556995274,0.00019975836177369102
2895.4644330112337,0.0001692219700337558
2896.28491032294,0.000172175425536414
2897.1053876346464,0.00014119497893179173
2897.9258649463522,0.00013685668663118386
2898.7463422580586,0.00011375693370367082
2899.566819569765,6.150844284184137e-05
2900.3872968814712,0.0001357950952718594
2901.207774193177,0.00016780234698029702
2902.0282515048834,7.887889917086607e-05
2902.8487288165898,0.00013403412245879256
2903.669206128296,0.00011853698075983885
2904.489683440002,0.00010851724940595027
2905.3101607517083,0.0001755039352029851
2906.1306380634146,0.00013444059914362425
2906.951115375121,6.972670920301096e-05
2907.771592686827,4.203690985058312e-05
2908.592069998533,6.0562256726065144e-05
2909.4125473102395,0.0001041870035435464
2910.233024621946,8.055032010508113e-05
2911.0535019336517,0.00018379427979435767
2911.873979245358,0.00016560565976717027
2912.6944565570643,0.00025812638858058943
2913.5149338687706,0.00013832960791598315
2914.3354111804765,0.00010186475941218838
2915.155888492183,0.0001460866181032101
2915.976365803889,6.0870396485879174e-05
2916.7968431155955,0.00010569444138611385
2917.6173204273014,7.759778942574776e-05
2918.4377977390077,0.00012629226005216808
2919.258275050714,0.00014790681213703907
2920.0787523624203,0.00017126601406791529
2920.8992296741267,0.00012918348113761732
2921.7197069858325,1.163106919255782e-05
2922.540184297539,6.604100781794928e-05
2923.360661609245,0.00013669965930801327
2924.1811389209515,0.00013563666341755937
2925.0016162326574,9.850942405135322e-06
2925.8220935443637,8.303284426463435e-05
2926.64257085607,0.00010098098809559945
2927.4630481677764,8.394863581295313e-05
2928.2835254794823,8.036321899163304e-05
2929.1040027911886,5.246939937837471e-05
2929.924480102895,5.58972718195212e-05
2930.7449574146012,7.378264518017324e-05
2931.565434726307,0.00012922756828348474
2932.3859120380134,4.668504870971391e-05
2933.2063893497198,8.35263570144467e-05
2934.026866661426,9.98486504533829e-05
2934.847343973132,0.00011121869990809774
2935.6678212848383,0.0001336337080956238
2936.4882985965446,0.00012132992484538652
2937.308775908251,3.981029686499771e-05
2938.129253219957,3.2489026431191864e-05
2938.949730531663,8.923219000427397e-05
2939.7702078433695,0.00012125225507576357
2940.590685155076,0.00018265378805215016
2941.4111624667817,0.00024006689220898902
2942.231639778488,0.00010951838677805794
2943.0521170901943,0.00010807735586959581
2943.8725944019006,0.0001768049442829101
2944.6930717136065,0.00013239067377350392
2945.513549025313,6.107158898995296e-05
2946.334026337019,1.1242840686145063e-05
2947.1545036487255,4.856562393016598e-05
2947.9749809604314,3.2269758325433425e-05
2948.7954582721377,0.00015757952898830862
2949.615935583844,9.034324014672595e-05
2950.4364128955503,0.00012714828300651492
2951.256890207256,0.00011278800644579848
2952.0773675189625,0.00012606898972220443
2952.897844830669,0.00011704879937523762
2953.718322142375,0.00010441533786954818
2954.538799454081,0.00010092874986225869
2955.3592767657874,5.571319306249988e-05
2956.1797540774937,4.6178519498897985e-05
2957.0002313892,0.00015797946085101828
2957.820708700906,0.00023928960371920002
2958.6411860126123,0.00010011730397181337
2959.4616633243186,3.442130293420543e-05
2960.282140636025,0.00011969190023007304
2961.102617947731,8.546921943307553e-05
2961.923095259437,4.726701031195731e-05
2962.7435725711434,7.970760733485645e-05
2963.5640498828498,7.676826483195508e-05
2964.384527194556,4.9440538197946144e-05
2965.205004506262,0.0001504855348620256
2966.0254818179683,0.00015200226999835358
2966.8459591296746,0.0001106749073281718
2967.666436441381,9.031031413896135e-05
2968.486913753087,2.894658147479635e-05
2969.307391064793,6.750878403460729e-05
2970.1278683764995,0.00020573756406585883
2970.948345688206,0.00023607507623084098
2971.7688229999117,0.00013177688483093723
2972.589300311618,2.501929447847727e-05
2973.4097776233243,0.0001259211569997202
2974.2302549350306,0.00018030156423860878
2975.0507322467365,0.00017473634072388863
2975.871209558443,0.00018719093242603049
2976.691686870149,0.00012207716333461312
2977.5121641818555,5.6425015189352586e-05
2978.3326414935614,7.759270203932478e-05
2979.1531188052677,0.00021781158006576494
2979.973596116974,0.00016269259379201388
2980.7940734286803,5.6306054023057653e-05
2981.614550740386,0.00010598261164907253
2982.4350280520925,0.00011967881160642207
2983.255505363799,9.883812438612768e-05
2984.075982675505,0.0001294477975386517
2984.896459987211,0.00024188032224207616
2985.7169372989174,0.00019445894914734153
2986.5374146106237,5.6613367723336964e-05
2987.35789192233,8.375447633457756e-05
2988.178369234036,0.00010960575808683277
2988.9988465457423,0.00016514227046139795
2989.8193238574486,5.790914101019903e-05
2990.639801169155,9.509848854827344e-05
2991.460278480861,1.6386354373440262e-05
2992.280755792567,9.510383199320202e-05
2993.1012331042734,8.280497181365085e-05
2993.9217104159798,2.836182503319649e-05
2994.7421877276856,0.00010183176004376516
2995.562665039392,0.00019061482731447894
2996.3831423510983,9.695536580432236e-05
2997.2036196628046,7.511687689746954e-05
2998.0240969745105,9.202616616216835e-05
2998.844574286217,0.0002215036285688518
2999.665051597923,0.0001552870026285132
3000.4855289096295,0.00016027307221372773
3001.3060062213353,0.00016194960767680822
3002.1264835330417,0.00016383049557814458
3002.946960844748,0.00010023410914302692
3003.7674381564543,5.974998668305725e-05
3004.58791546816,0.00014593393702918246
3005.4083927798665,0.00018299777172242163
3006.228870091573,0.00012414983718028454
3007.049347403279,0.00018707082849963384
3007.8698247149855,0.00020182352379513626
3008.6903020266914,0.0001824319824714668
3009.5107793383977,0.00018509636386702428
3010.331256650104,0.00011798149729118866
3011.1517339618104,0.00013367576412746417
3011.972211273516,0.00013169112856028785
3012.7926885852225,0.000212154518627422
3013.613165896929,0.00020740102877283797
3014.433643208635,7.514171295295414e-05
3015.254120520341,0.00012645796516345804
3016.0745978320474,0.00019123560243567358
3016.8950751437537,0.00014140044989542652
3017.71555245546,4.899541201574705e-05
3018.536029767166,9.86160397862604e-05
3019.3565070788723,0.00019260541487813604
3020.1769843905786,0.0001177007085022254
3020.997461702285,9.897277015103134e-06
3021.817939013991,0.00014505800524757342
3022.638416325697,0.00017333132073254283
3023.4588936374034,8.588376193193411e-05
3024.2793709491098,8.381696962831266e-05
3025.0998482608156,7.300007141603227e-05
3025.920325572522,5.196987846591008e-05
3026.7408028842283,7.923967641731248e-05
3027.5612801959346,7.379442881276349e-05
3028.3817575076405,5.947055171474735e-05
3029.202234819347,2.2749911040096433e-05
3030.022712131053,5.991875053970946e-05
3030.8431894427595,4.522393132536358e-05
3031.6636667544653,2.993553724516324e-05
3032.4841440661717,2.532565908870602e-05
3033.304621377878,4.3246552230728186e-05
3034.1250986895843,0.00013517967497340903
3034.94557600129,9.887015615223027e-05
3035.7660533129965,6.009843852072287e-05
3036.586530624703,0.0001164189748478975
3037.407007936409,9.965921301153929e-05
3038.227485248115,0.00013115723289978598
3039.0479625598214,0.00012929685259080564
3039.8684398715277,3.896052918270326e-05
3040.688917183234,4.456726748850192e-05
3041.50939449494,4.009117769768359e-05
3042.329871806646,0.00010988574389495518
3043.1503491183526,7.944752369780299e-05
3043.970826430059,5.637635159211552e-05
3044.7913037417648,9.206689821570606e-05
3045.611781053471,8.584303365265401e-05
3046.4322583651774,5.386272918623733e-05
3047.2527356768837,0.00011471286050061168
3048.0732129885896,6.649762061109959e-05
3048.893690300296,5.151187284849301e-05
3049.7141676120023,4.6171714513699653e-05
3050.5346449237086,6.425433329305987e-05
3051.355122235415,0.0001034710610134124
3052.175599547121,5.654924701113395e-05
3052.996076858827,0.00014686086139515807
3053.8165541705334,0.00019535817748883726
3054.6370314822398,9.19555028380795e-05
3055.4575087939456,7.882599101188301e-05
3056.277986105652,0.00013090405398003834
3057.0984634173583,0.00018177079241198078
3057.9189407290646,5.437501560493409e-05
3058.7394180407705,8.511524353782787e-05
3059.559895352477,9.824646288254418e-05
3060.380372664183,0.0001134999498531786
3061.2008499758895,0.00010027387090063838
3062.0213272875953,9.45731606529858e-05
3062.8418045993017,0.0001772307759385936
3063.662281911008,0.00017204706883188048
3064.4827592227143,0.00012891691338361649
3065.30323653442,7.1202101398330345e-06
3066.1237138461265,8.473630830552337e-05
3066.944191157833,9.585006729428364e-05
3067.764668469539,0.00013572902418922459
3068.585145781245,3.0159596944975842e-05
3069.4056230929514,0.00018046513353465373
3070.2261004046577,0.00022141141837752305
3071.046577716364,0.0001936867971987124
3071.86705502807,9.093699985777567e-05
3072.687532339776,3.0223012074614154e-05
3073.5080096514826,4.6762643615001535e-05
3074.328486963189,8.561355342376224e-05
3075.1489642748948,0.00013521452892409244
3075.969441586601,0.00011091526400756001
3076.7899188983074,7.670273104654882e-05
3077.6103962100137,9.879755214965611e-05
3078.4308735217196,0.00011597843519768317
3079.251350833426,0.00013307948290828005
3080.0718281451323,6.783096469445617e-05
3080.8923054568386,3.409375786015141e-05
3081.7127827685445,3.684230259571857e-05
3082.533260080251,0.0001148125030824101
3083.353737391957,0.0001388941632932313
3084.1742147036634,5.981847696346508e-05
3084.9946920153693,7.822585093774574e-05
3085.8151693270756,0.0001358190947250519
3086.635646638782,0.00011720885497182861
3087.4561239504883,7.436503309434165e-05
3088.276601262194,2.331938181832947e-05
3089.0970785739005,8.010885135737353e-05
3089.917555885607,6.474790447620519e-05
3090.738033197313,0.00014680437138136113
3091.558510509019,0.0001232771159153678
3092.3789878207253,4.649145294441024e-05
3093.1994651324317,7.628241640264554e-05
3094.019942444138,8.347726434745796e-05
3094.840419755844,8.479503294825785e-05
3095.66089706755,3.4932129276457876e-05
3096.4813743792565,2.3593899890650548e-05
3097.301851690963,9.472968777874075e-05
3098.122329002669,8.394117798121347e-05
3098.942806314375,0.00015053372566476973
3099.7632836260814,0.00010002035927014054
3100.5837609377877,6.662263472902528e-05
3101.404238249494,5.8975403322509807e-05
3102.2247155612,0.00013110703629997826
3103.0451928729062,0.00011017699954697054
3103.8656701846126,3.1465641691422185e-05
3104.686147496319,7.93736359546206e-05
3105.5066248080248,7.458656108515274e-05
3106.327102119731,5.4183896122080017e-05
3107.1475794314374,0.00010325206462368334
3107.9680567431437,9.451802659091115e-05
3108.7885340548496,7.07076933376575e-05
3109.609011366556,0.0001625345062825406
3110.4294886782623,0.00019724403019794645
3111.2499659899686,0.0001459431895580567
3112.0704433016745,0.00011735618327190474
3112.890920613381,3.942049110388573e-05
3113.711397925087,8.229502665602943e-05
3114.5318752367934,0.00010154058340242876
3115.3523525484993,8.898851723694733e-05
3116.1728298602056,0.0001210556905905205
3116.993307171912,0.00013148749907894878
3117.8137844836183,0.00016638922247736885
3118.634261795324,6.380517122018231e-05
3119.4547391070305,6.627840079250933e-05
3120.275216418737,7.58044047734963e-05
3121.095693730443,9.672048292581745e-05
3121.916171042149,4.02466142372166e-05
3122.7366483538553,8.483596019369189e-05
3123.5571256655617,5.165975416834712e-05
3124.377602977268,0.00010377144151397399
3125.198080288974,0.0001376172573718065
3126.01855760068,9.887770471287387e-05
3126.8390349123865,0.00012007017300848371
3127.659512224093,7.191583918826299e-05
3128.4799895357987,4.403194102015188e-05
3129.300466847505,6.077568990846852e-05
3130.1209441592114,0.00011557116654953254
3130.9414214709177,0.00010109835523423757
3131.7618987826236,0.00019279732868156312
3132.58237609433,0.00010033302409599887
3133.4028534060362,0.00016667429887310008
3134.2233307177426,8.695667978496161e-05
3135.0438080294484,0.0001804699397744794
3135.8642853411548,0.00018380936035160587
3136.684762652861,8.28627707538392e-05
3137.5052399645674,0.00011227625293084786
3138.3257172762733,0.00014230560779494015
3139.1461945879796,8.991357389763259e-05
3139.966671899686,1.8335567863397455e-05
3140.7871492113923,0.00010316412381771982
3141.6076265230986,9.417537604856834e-05
3142.4281038348045,4.015168410198819e-05
3143.248581146511,0.00014396849684689917
3144.069058458217,0.0002133237823979062
3144.8895357699234,0.0001476456218471256
3145.7100130816293,5.787867979718293e-05
3146.5304903933356,0.0001235749563197268
3147.350967705042,0.00015587494585721307
3148.1714450167483,0.00012981601573779908
3148.991922328454,0.0001691694042884824
3149.8123996401605,0.00013971326379938077
3150.632876951867,6.2178922394857e-05
3151.453354263573,0.00014664854721509454
3152.273831575279,0.0002651357551449011
3153.0943088869853,0.00015579685657199298
3153.9147861986917,6.059493382120311e-05
3154.735263510398,9.042129107425126e-05
3155.555740822104,2.518365856584495e-05
3156.37621813381,9.953757146636901e-05
3157.1966954455165,8.987472995474299e-05
3158.017172757223,3.341262076830826e-05
3158.8376500689287,4.895769884767078e-05
3159.658127380635,5.426130936774008e-05
3160.4786046923414,0.00011040248957977181
3161.2990820040477,4.420597063435048e-05
3162.1195593157536,9.082736281836067e-05
3162.94003662746,7.04769883132617e-05
3163.7605139391662,0.00014559090991363822
3164.5809912508726,0.00010564351041348797
3165.4014685625784,3.9393772687692815e-05
3166.2219458742848,2.6430960561103954e-05
3167.042423185991,2.1698378103788386e-05
3167.8629004976974,5.542990542384468e-05
3168.6833778094033,7.618896489518048e-05
3169.5038551211096,0.00012060770194508522
3170.324332432816,7.779866860643934e-05
3171.1448097445223,9.522536614459726e-05
3171.965287056228,0.00010929666866281299
3172.7857643679345,0.00014189588395255973
3173.606241679641,0.00012482639444939836
3174.426718991347,5.8003093227479576e-05
3175.247196303053,4.6641651166892355e-05
3176.0676736147593,0.00011063449344543153
3176.8881509264656,7.855495714351375e-05
3177.708628238172,6.731654193375782e-05
3178.529105549878,0.0001298035276700225
3179.349582861584,9.27135196201267e-05
3180.1700601732905,2.857840480176979e-05
3180.990537484997,6.28997880912095e-05
3181.8110147967027,7.718204678478338e-05
3182.631492108409,6.6986050593778e-05
3183.4519694201153,3.2153179603511204e-05
3184.2724467318217,4.8910844718649376e-05
3185.092924043528,1.19192985611128e-05
3185.913401355234,0.00010332083823808725
3186.73387866694,0.0001229664278438971
3187.5543559786465,7.040589082869502e-05
3188.374833290353,6.46990074744668e-05
3189.1953106020587,7.004211784375939e-05
3190.015787913765,8.473242416010495e-05
3190.8362652254714,0.00010184352246711221
3191.6567425371777,0.0001003788139453274
3192.4772198488836,6.540198834634633e-05
3193.29769716059,7.367522737808068e-05
3194.1181744722962,6.222431871560574e-05
3194.9386517840026,0.00012890094475648592
3195.7591290957084,0.00017249278472995861
3196.5796064074148,0.00016569360277597962
3197.400083719121,6.657586905976749e-05
3198.2205610308274,4.9095641202435e-05
3199.0410383425333,9.721590871442284e-05
3199.8615156542396,0.00010074532180057822
3200.681992965946,4.601204841704726e-05
3201.5024702776523,3.647743142828839e-05
3202.322947589358,6.496057079352681e-05
3203.1434249010645,0.00016597669034879018
3203.963902212771,0.00014428876785485287
3204.784379524477,3.645726253805096e-05
3205.604856836183,4.0221913931583164e-05
3206.4253341478893,7.452392914207218e-05
3207.2458114595956,6.318635058903014e-05
3208.066288771302,0.000176747966758306
3208.886766083008,3.8721505911687886e-05
3209.707243394714,7.624548941956866e-05
3210.5277207064205,0.0001627857834759793
3211.348198018127,0.00017828825636024079
3212.1686753298327,0.00019282510882838666
3212.989152641539,9.853167145699192e-05
3213.8096299532453,4.099244529396744e-05
3214.6301072649517,0.00013392507035661728
3215.4505845766575,0.00021436741716881547
3216.271061888364,0.00011010275920734894
3217.09153920007,4.262997160471321e-05
3217.9120165117765,2.914044342164301e-05
3218.7324938234824,0.00010681505593141705
3219.5529711351887,0.0001320201098750798
3220.373448446895,0.00012641537436557253
3221.1939257586014,0.00012506009972661133
3222.0144030703073,0.0001405133442276696
3222.8348803820136,0.00011741176454148938
3223.65535769372,0.000102684708076055
3224.4758350054262,6.90875253820095e-05
3225.296312317132,8.90585312135105e-05
3226.1167896288384,3.068960344074011e-05
3226.9372669405448,0.00012702049160120016
3227.757744252251,0.00012692090217049866
3228.5782215639574,0.00015342868877875774
3229.3986988756633,0.00017093808728678688
3230.2191761873696,0.00015595793407538507
3231.039653499076,0.00014688309110165654
3231.8601308107823,0.00010543546796436062
3232.680608122488,6.080973038416391e-05
3233.5010854341945,8.464993594366087e-05
3234.321562745901,0.0001299189503920114
3235.142040057607,0.00010661108548542313
3235.962517369313,0.00012124546666129576
3236.7829946810193,0.00020479775563317398
3237.6034719927256,0.00018368508009513623
3238.423949304432,0.00010254890414816296
3239.244426616138,0.00013509698786562008
3240.064903927844,6.528650180548742e-05
3240.8853812395505,7.619701377995542e-05
3241.705858551257,3.535970339478085e-05
3242.5263358629627,9.218701630390258e-05
3243.346813174669,0.00013491562542744501
3244.1672904863754,5.409870612879171e-05
3244.9877677980817,9.951080284367419e-05
3245.8082451097875,7.326093281858781e-05
3246.628722421494,5.130105587040242e-05
3247.4491997332,4.318914826343683e-05
3248.2696770449065,0.00011617492200209067
3249.0901543566124,0.0002545798908843596
3249.9106316683187,0.00022296049360016285
3250.731108980025,0.00015938700880822106
3251.5515862917314,0.00010582403697943344
3252.3720636034373,0.00011982946797151569
3253.1925409151436,0.0001123811771023266
3254.01301822685,9.048314265047105e-05
3254.8334955385562,0.00010206677473442556
3255.653972850262,1.5331601760117054e-05
3256.4744501619684,0.00010795705488057377
3257.2949274736748,6.34690239525526e-05
3258.115404785381,4.932119162269974e-05
3258.935882097087,7.571411194893579e-05
3259.7563594087933,7.364236586494051e-05
3260.5768367204996,3.3491315796739936e-05
3261.397314032206,9.869740659871399e-05
3262.217791343912,0.0001721576685164865
3263.038268655618,0.000141260630627159
3263.8587459673245,5.4286024171860295e-05
3264.679223279031,0.00010300460686201068
3265.4997005907367,0.00013798088640038344
3266.320177902443,8.171249614179995e-05
3267.1406552141493,0.00017398693186027105
3267.9611325258556,0.00019703791459603517
3268.7816098375615,9.306873541592305e-05
3269.602087149268,3.440425480331423e-05
3270.422564460974,5.3905407361376585e-05
3271.2430417726805,6.355980220565414e-05
3272.0635190843864,3.807375553672708e-05
3272.8839963960927,9.034907255625268e-05
3273.704473707799,4.524097146612934e-05
3274.5249510195054,9.615099294683117e-05
3275.3454283312117,5.578228288990534e-05
3276.1659056429176,7.026841383561814e-05
3276.986382954624,3.485479546824899e-05
3277.80686026633,9.827329703905856e-05
3278.6273375780365,0.00010449149330897016
3279.4478148897424,8.389680597737925e-05
3280.2682922014487,0.00018599076790760084
3281.088769513155,0.0002712557053180349
3281.9092468248614,0.00021661253199371173
3282.7297241365673,0.00012852640456844784
3283.5502014482736,5.8986027243394776e-05
3284.37067875998,0.00017193858471258383
3285.1911560716862,0.00021004695515455856
3286.011633383392,8.385373065197809e-05
3286.8321106950984,0.00010442572672781413
3287.6525880068048,5.648708377031107e-05
3288.473065318511,3.686421554569385e-05
3289.293542630217,3.982341766105623e-05
3290.1140199419233,0.0001062944317613496
3290.9344972536296,0.00022920224813583533
3291.754974565336,0.0001741919115159547
3292.575451877042,1.4881093368640534e-05
3293.395929188748,4.5666502798359655e-05
3294.2164065004545,2.9732227835198423e-06
3295.036883812161,3.908003745913753e-05
3295.8573611238667,9.481069217349109e-05
3296.677838435573,0.00014409852678828528
3297.4983157472793,0.00010450424799671858
3298.3187930589856,3.029042007320087e-05
3299.1392703706915,9.221055911861917e-05
3299.959747682398,0.00016072188624211166
3300.780224994104,0.00010487053350011894
3301.6007023058105,6.889405904850146e-05
3302.4211796175164,4.854323324623345e-05
3303.2416569292227,6.134183177009066e-06
3304.062134240929,1.2374311065216812e-05
3304.8826115526354,2.9773932249640414e-05
3305.703088864341,0.0001069828480794155
3306.5235661760476,0.00021612107698917998
3307.344043487754,0.00020311429113245737
3308.16452079946,0.0001446661508203138
3308.984998111166,2.221537700845657e-05
3309.8054754228724,0.0001073988411305096
3310.6259527345787,7.707886775503751e-05
3311.446430046285,1.9269704778596497e-05
3312.266907357991,4.781080846923358e-05
3313.0873846696973,0.00017072897840374646
3313.9078619814036,0.00025819521935701906
3314.72833929311,0.0002011872906061765
3315.548816604816,0.00012750252324703304
3316.369293916522,6.761859252801583e-05
3317.1897712282284,0.0001260989779426451
3318.0102485399348,4.25736547105489e-05
3318.830725851641,8.62599724131071e-05
3319.651203163347,3.4893041973888026e-06
3320.4716804750533,6.949936770008934e-05
3321.2921577867596,1.527592583579013e-05
3322.112635098466,5.760235263781671e-05
3322.933112410172,8.890381225333738e-05
3323.753589721878,0.00012897406209218297
3324.5740670335845,4.8829105182401285e-05
3325.394544345291,0.0001803940997244549
3326.2150216569967,0.0002233013139550327
3327.035498968703,0.00016793721791582102
3327.8559762804093,9.070548540411467e-05
3328.6764535921156,0.00014382258183696453
3329.4969309038215,3.132278378073625e-05
3330.317408215528,5.307379945878599e-05
3331.137885527234,0.00014836793042479802
3331.9583628389405,0.0002159514645778687
3332.7788401506464,0.00010604852455494179
3333.5993174623527,4.840032824423305e-05
3334.419794774059,9.368609237092056e-05
3335.2402720857654,0.00010277915546962754
3336.060749397471,5.8932768352798315e-05
3336.8812267091776,1.0555191539657968e-05
3337.701704020884,5.721801947564833e-05
3338.52218133259,0.00010805680953891213
3339.342658644296,0.00019847748831707096
3340.1631359560024,0.0002071936055856138
3340.9836132677087,4.891324113221192e-05
3341.804090579415,0.00016676364007118096
3342.624567891121,0.00014779088955540153
3343.4450452028273,9.393908968391628e-05
3344.2655225145336,9.743675624444407e-05
3345.08599982624,7.856564170991951e-05
3345.906477137946,0.00018407022046266705
3346.726954449652,0.0002593820200520612
3347.5474317613584,0.00022379825553558348
3348.3679090730648,4.380864958987077e-05
3349.1883863847706,5.775951207151514e-05
3350.008863696477,5.863327611762626e-05
3350.8293410081833,7.307552379480678e-05
3351.6498183198896,0.00010115753006729716
3352.4702956315955,0.00013077487167529586
3353.290772943302,7.076638390563286e-05
3354.111250255008,4.4138524091333974e-05
3354.9317275667145,0.00012691243797392603
3355.7522048784203,0.00017039805366665295
3356.5726821901267,8.224592179905008e-05
3357.393159501833,7.17610092211781e-05
3358.2136368135393,4.704928710339506e-05
3359.034114125245,5.4512541243586254e-05
3359.8545914369515,0.0001274548702143542
3360.675068748658,0.000153119458665601
3361.495546060364,8.384345543528558e-05
3362.3160233720705,0.00017964196627920525
3363.1365006837764,9.196121826421281e-05
3363.9569779954827,0.00014139230888701515
3364.777455307189,0.00013592732265340265
3365.5979326188954,2.2800295657558682e-05
3366.4184099306012,7.252685238369453e-05
3367.2388872423076,9.761691225903381e-05
3368.059364554014,8.466847655718795e-05
3368.87984186572,6.0188840616514684e-05
3369.700319177426,7.726454644047532e-05
3370.5207964891324,2.3219714716094616e-05
3371.3412738008387,0.0001149702703274219
3372.161751112545,0.0001422748312727882
3372.982228424251,0.00013919878544318585
3373.8027057359573,0.00017212430912782895
3374.6231830476636,0.00019596138907203184
3375.44366035937,9.587118883409459e-05
3376.264137671076,0.00013396462473847743
3377.084614982782,0.00014628082967028954
3377.9050922944884,7.267210372779122e-05
3378.7255696061948,0.0001389055744086494
3379.5460469179006,0.00018245186245777106
3380.366524229607,7.732294905215304e-05
3381.1870015413133,5.463112306499957e-05
3382.0074788530196,0.00014327376707516087
3382.8279561647255,0.00012469401626572947
3383.648433476432,0.00011394774947000452
3384.468910788138,0.00011015454685580869
3385.2893880998445,3.653195033072564e-05
3386.1098654115503,0.00012773186721874293
3386.9303427232567,0.00010568883816979936
3387.750820034963,4.422262881640739e-05
3388.5712973466693,7.88077109247121e-05
3389.391774658375,4.459596273814923e-05
3390.2122519700815,4.24602840236421e-05
3391.032729281788,0.00014301662410297434
3391.853206593494,0.00014951332751273323
3392.6736839052,0.00016532058843107798
3393.4941612169064,0.00016892959511168216
3394.3146385286127,7.09461692318431e-05
3395.135115840319,2.4652027872203898e-05
3395.955593152025,3.090257585998588e-05
3396.7760704637312,0.00013558464700597655
3397.5965477754376,0.00017422226765713495
3398.417025087144,5.441573099278309e-05
3399.2375023988498,7.223841508052451e-05
3400.057979710556,0.0001387071868736749
3400.8784570222624,0.00015112012760672684
3401.6989343339687,0.00027071090454435003
3402.5194116456746,0.00019141319877296
3403.339888957381,0.0001384344373425247
3404.1603662690873,0.00017763288139160436
3404.9808435807936,0.00020752172043251622
3405.8013208925,0.00014852715193633019
3406.621798204206,2.2189435847154937e-05
3407.442275515912,0.00010910097511293515
3408.2627528276184,0.00015403995025286543
3409.0832301393248,0.00018679635517897733
3409.9037074510306,0.0001357669238851656
3410.724184762737,8.22444816514697e-05
3411.5446620744433,0.00010361742349357606
3412.3651393861496,0.00011420263677783469
3413.1856166978555,1.3545925454264964e-05
3414.006094009562,0.00019322978766125637
3414.826571321268,0.00017793337362550604
3415.6470486329745,3.0975990603017455e-05
3416.4675259446803,0.0001635238865992069
3417.2880032563867,0.00016139910821682472
3418.108480568093,0.0001137278299859252
3418.9289578797993,8.836062999780862e-05
3419.749435191505,0.0001746143223621269
3420.5699125032115,0.00018740940651044616
3421.390389814918,9.667595836558613e-05
3422.210867126624,4.051856077467063e-05
3423.03134443833,0.00013297737513520867
3423.8518217500364,0.0001351878446569084
3424.6722990617427,8.752758962669315e-05
3425.492776373449,2.042821412366808e-05
3426.313253685155,1.5848543315717863e-05
3427.1337309968612,2.914957752180363e-05
3427.9542083085676,6.307631613421745e-05
3428.774685620274,0.00010994532875208893
3429.5951629319798,7.561565650841984e-05
3430.415640243686,4.38802681053555e-06
3431.2361175553924,4.5324003185537874e-05
3432.0565948670987,9.103126423437601e-05
3432.8770721788046,7.967242448378085e-05
3433.697549490511,6.706449630227443e-05
3434.5180268022173,0.00011093667807197887
3435.3385041139236,0.00010612552682781266
3436.1589814256295,0.00011303551249745187
3436.979458737336,8.503628660920206e-05
3437.799936049042,3.570566403037058e-05
3438.6204133607484,5.170683189136265e-05
3439.4408906724543,4.393264179576705e-05
3440.2613679841606,8.451033226276154e-05
3441.081845295867,7.776236372630048e-05
3441.9023226075733,6.126850551975668e-05
3442.722799919279,5.258109610213829e-05
3443.5432772309855,0.00014332218862380384
3444.363754542692,0.00020833727951236273
3445.184231854398,8.319693707228039e-05
3446.004709166104,0.00015587664260927823
3446.8251864778103,0.00020831269322691768
3447.6456637895167,0.00018234981722864375
3448.466141101223,0.00014582990270112944
3449.2866184129293,0.00012061487287772799
3450.107095724635,0.00015800491295443647
3450.9275730363415,0.000182980532069254
3451.748050348048,3.704059663994038e-05
3452.568527659754,5.205299827626514e-05
3453.38900497146,8.032340505922783e-05
3454.2094822831664,0.0001282692111459559
3455.0299595948727,0.0001289867314156449
3455.850436906579,7.112364769105447e-05
3456.670914218285,0.00010472678953618052
3457.4913915299912,0.0001311630877778206
3458.3118688416976,0.0001491025243098723
3459.132346153404,8.951394001907062e-05
3459.9528234651098,0.00013000594012642429
3460.773300776816,6.11307483309839e-05
3461.5937780885224,0.00012511420336733055
3462.4142554002287,0.0001822818522085067
3463.2347327119346,0.0002189925701040545
3464.055210023641,0.00012551270288550069
3464.8756873353473,7.692071558548005e-05
3465.6961646470536,8.694986442705626e-05
3466.5166419587595,2.5745315248137763e-05
3467.337119270466,9.911635951804252e-05
3468.157596582172,0.00010057478206563196
3468.9780738938784,7.416261599112075e-05
3469.7985512055843,0.00011854054180381291
3470.6190285172906,8.69750741834968e-05
3471.439505828997,3.063396227835558e-05
3472.2599831407033,4.674811476727685e-05
3473.080460452409,6.916936495221067e-05
3473.9009377641155,9.720395903834442e-05
3474.721415075822,0.0001777545852733956
3475.541892387528,0.0001765472054274248
3476.362369699234,9.524843708354966e-05
3477.1828470109403,6.065348990712895e-05
3478.0033243226467,3.582375294439607e-05
3478.823801634353,9.603467846796243e-05
3479.644278946059,0.00015294377048790322
3480.464756257765,0.00018569673718102703
3481.2852335694715,0.0001583211993712974
3482.105710881178,0.00010056461448137699
3482.9261881928837,8.340526020112339e-05
3483.74666550459,3.514497051683175e-05
3484.5671428162964,0.00010191630743199415
3485.3876201280027,0.0001418580335947818
3486.2080974397086,0.0001146854855800266
3487.028574751415,7.856490118425666e-05
3487.8490520631212,1.156502060689665e-06
3488.6695293748276,0.00010080546379428325
3489.4900066865334,0.00015416193705917124
3490.3104839982398,0.00015198161305562572
3491.130961309946,0.00016034127885187794
3491.9514386216524,6.902440810900397e-05
3492.7719159333583,5.498512135525386e-05
3493.5923932450646,0.00010064972377621885
3494.412870556771,7.647648160698359e-05
3495.2333478684773,1.5380070549116325e-05
3496.0538251801836,4.288995024703029e-05
3496.8743024918895,6.92855430063554e-05
3497.694779803596,8.957379136803106e-05
3498.515257115302,0.00011403224534133085
3499.3357344270084,9.202641767017742e-05
3500.1562117387143,4.379266938917261e-05
3500.9766890504206,2.239605485023155e-05
3501.797166362127,2.2525601794152744e-05
3502.6176436738333,0.00014529088589400208
3503.438120985539,0.00027747341207125286
3504.2585982972455,0.0001565643340724051
3505.079075608952,6.66861879671738e-05
3505.899552920658,0.00016672295616052799
3506.720030232364,0.00011904747709189385
3507.5405075440704,2.8821753804941394e-05
3508.3609848557767,1.738079829027014e-05
3509.181462167483,1.3632559739282474e-05
3510.001939479189,4.920580870425879e-05
3510.822416790895,1.0923481476853204e-05
3511.6428941026015,6.696608460092884e-05
3512.463371414308,9.945457205314613e-05
3513.2838487260137,0.00016607353250315505
3514.10432603772,0.00010633421058378723
3514.9248033494264,0.00014620716639660762
3515.7452806611327,0.00015285697768987596
3516.5657579728386,3.995437163236579e-05
3517.386235284545,8.436834368740846e-05
3518.2067125962512,0.0001452642955330642
3519.0271899079576,6.954634611709672e-05
3519.8476672196634,4.515199712862474e-05
3520.6681445313698,5.5762312594991625e-05
3521.488621843076,7.039409061345452e-05
3522.3090991547824,2.6048102366553028e-05
3523.1295764664883,0.0001046936250795778
3523.9500537781946,0.00016647701257883028
3524.770531089901,0.00012016441756432643
3525.5910084016073,0.00010511295393011851
3526.411485713313,0.00016391199396247386
3527.2319630250195,0.00016780574890511195
3528.052440336726,0.00021236000142962945
3528.872917648432,0.00017900073976920275
3529.693394960138,9.04454173695311e-05
3530.5138722718443,5.365201218796092e-05
3531.3343495835506,1.4340961128869499e-05
3532.154826895257,7.99489929258897e-05
3532.975304206963,6.669866547225656e-05
3533.795781518669,0.0001656892962438218
3534.6162588303755,0.00021782248522471563
3535.436736142082,0.00015003847325468014
3536.2572134537877,6.467232232173406e-05
3537.077690765494,4.048041285885014e-05
3537.8981680772004,4.9065318196522135e-05
3538.7186453889067,4.497585952298387e-05
3539.539122700613,2.5318254767961587e-05
3540.359600012319,4.278794122582868e-05
3541.180077324025,4.8924543616361915e-05
3542.0005546357315,6.593957715481471e-05
3542.821031947438,0.00015653838432963277
3543.6415092591437,7.393984099867231e-05
3544.46198657085,6.753391634367698e-05
3545.2824638825564,9.84650865257727e-05
3546.1029411942627,6.0933701830797675e-05
3546.9234185059686,4.134381105133629e-05
3547.743895817675,8.212443536489725e-05
3548.5643731293812,4.300804183923726e-05
3549.3848504410876,8.229574775380889e-05
3550.2053277527934,7.85463860378162e-05
3551.0258050644998,0.00010875564720526852
3551.846282376206,0.00011988654588489032
3552.6667596879124,9.62208950497155e-05
3553.4872369996183,4.2788318431901464e-05
3554.3077143113246,2.8208326017653414e-05
3555.128191623031,2.0476701968771778e-05
3555.9486689347373,2.937035263844677e-05
3556.769146246443,2.6615912563005036e-05
3557.5896235581495,0.00011221918825700852
3558.410100869856,0.00012154770499737793
3559.230578181562,0.00013137290169651535
3560.051055493268,0.0001098845735319325
3560.8715328049743,0.00011011305574910609
3561.6920101166806,0.0001200528605052201
3562.512487428387,7.59323838146761e-05
3563.332964740093,4.6902127677014705e-05
3564.153442051799,5.872087393763084e-05
3564.9739193635055,7.153072257694324e-05
3565.794396675212,5.741761276266212e-05
3566.6148739869177,8.096049909331351e-05
3567.435351298624,0.000102026661958253
3568.2558286103304,7.627648365883954e-05
3569.0763059220367,7.78833712806856e-05
3569.8967832337426,0.00010896112677189213
3570.717260545449,4.805464624631854e-05
3571.537737857155,6.946667576932678e-05
3572.3582151688615,5.208068070343577e-05
3573.1786924805674,3.359795734253354e-05
3573.9991697922737,5.0466595290059394e-05
3574.81964710398,7.764885707951845e-05
3575.6401244156864,9.074850377152767e-05
3576.4606017273923,0.00010035709285829788
3577.2810790390986,0.00014285082730172138
3578.101556350805,0.00018225010745441552
3578.9220336625112,0.00015647520800430846
3579.742510974217,0.00011362593389256346
3580.5629882859234,2.7757969808666254e-05
3581.3834655976298,5.654360856888425e-05
3582.203942909336,7.588057897539886e-05
3583.0244202210424,8.554360551912336e-05
3583.8448975327483,0.0001120277834839731
3584.6653748444546,0.00019910659555477192
3585.485852156161,0.00011982677217810569
3586.3063294678673,0.00010178978106700652
3587.126806779573,0.00011316246502628899
3587.9472840912795,0.00012571915907345904
3588.767761402986,7.877662866368237e-05
3589.588238714692,0.00011178369196565891
3590.408716026398,0.00011598641535320749
3591.2291933381043,5.226997339225778e-05
3592.0496706498107,2.8122875686228794e-05
3592.870147961517,3.549706402074045e-05
3593.690625273223,0.00010485555429270898
3594.511102584929,0.00012661240037182
3595.3315798966355,9.80972749553523e-05
3596.152057208342,0.0001027270772434125
3596.9725345200477,0.00012718295279208112
3597.793011831754,1.9844932844129594e-05
3598.6134891434604,1.5020895926066143e-05
3599.4339664551667,7.799560262517277e-05
3600.2544437668726,0.00011382639559223526
3601.074921078579,0.00012752298376661312
3601.895398390285,8.298408564933934e-05
3602.7158757019915,0.00010970250127408556
3603.5363530136974,0.00014210453054417963
3604.3568303254037,6.537084062412324e-05
3605.17730763711,6.261940529552891e-05
3605.9977849488164,1.2033916251651622e-05
3606.8182622605223,0.00013509783466396073
3607.6387395722286,6.830225449809938e-05
3608.459216883935,8.528661352151075e-05
3609.2796941956412,5.992715661674698e-05
3610.100171507347,9.23062650441872e-05
3610.9206488190534,0.00017016512829634567
3611.7411261307598,0.00019248055295369471
3612.561603442466,0.00017836925300849618
3613.382080754172,0.0001338487392423083
3614.2025580658783,0.00011365489084419589
3615.0230353775846,8.046507243415002e-05
3615.843512689291,3.0686185065829825e-05
3616.663990000997,0.00011408787647564306
3617.484467312703,9.648662641174411e-05
3618.3049446244095,5.442427845653477e-05
3619.125421936116,9.799160464898987e-05
3619.9458992478217,8.207924025569366e-05
3620.766376559528,3.989897324583352e-05
3621.5868538712343,4.059615444616426e-05
3622.4073311829407,9.121817654650617e-05
3623.2278084946465,8.844199057140653e-05
3624.048285806353,6.662065385633042e-05
3624.868763118059,0.00022438250536116458
3625.6892404297655,0.00017371049447140134
3626.509717741472,2.2063312560447487e-05
3627.3301950531777,7.564502524307103e-05
3628.150672364884,1.6240906617917774e-05
3628.9711496765904,2.3175073007468066e-05
3629.7916269882967,4.636363154392609e-05
3630.6121043000026,8.807511921431965e-05
3631.432581611709,5.3918787432317845e-05
3632.253058923415,5.5153110818362874e-05
3633.0735362351215,6.612836769131167e-05
3633.8940135468274,4.479773052855784e-05
3634.7144908585337,6.729830015695701e-06
3635.53496817024,4.59323546110577e-05
3636.3554454819464,3.866885138691064e-06
3637.1759227936523,8.869845292074694e-05
3637.9964001053586,3.313796012496017e-05
3638.816877417065,1.4840443857179562e-05
3639.6373547287712,5.049103766500122e-05
3640.457832040477,0.00010004205112014635
3641.2783093521834,0.00019184304440477613
3642.0987866638898,0.00010093685794531989
3642.919263975596,3.584883209558174e-05
3643.739741287302,0.00010139617764615239
3644.5602185990083,0.00012575577565730403
3645.3806959107146,0.00011343157290027825
3646.201173222421,0.00011589257703688596
3647.021650534127,9.961573454386855e-05
3647.842127845833,6.509091123964485e-05
3648.6626051575395,0.00016848951378067086
3649.483082469246,0.00018967469691765182
3650.3035597809517,0.00014143290267633094
3651.124037092658,0.0001439667979163539
3651.9445144043643,0.00011268379241834485
3652.7649917160707,0.00011868233906876438
3653.5854690277765,0.00013823673030025568
3654.405946339483,0.0001256942333129494
3655.226423651189,0.00013082479843992735
3656.0469009628955,0.00016939037148001697
3656.8673782746014,0.00015143265815965737
3657.6878555863077,0.00012671821398507605
3658.508332898014,7.695235756530242e-05
3659.3288102097204,3.803231060207668e-05
3660.1492875214262,5.419888037189287e-05
3660.9697648331326,8.365576715088207e-05
3661.790242144839,0.00011991912759759142
3662.610719456545,8.030170277363016e-05
3663.431196768251,3.535436199964792e-05
3664.2516740799574,3.633509494700303e-05
3665.0721513916637,0.0001267803404955048
3665.89262870337,0.0002421383032651074
3666.713106015076,0.00014639517000448614
3667.5335833267823,4.6699937175313205e-05
3668.3540606384886,0.00015467423427598966
3669.174537950195,0.0001367975878263007
3669.995015261901,7.133479368758055e-05
3670.815492573607,5.85607814428816e-05
3671.6359698853134,0.0001112217994164511
3672.4564471970198,0.00010815481402976525
3673.276924508726,5.943470681027787e-05
3674.097401820432,0.0001812638902375994
3674.9178791321383,0.0001190981689426398
3675.7383564438446,5.850540505087308e-05
3676.558833755551,5.4839652818773744e-05
3677.379311067257,4.891088159712407e-05
3678.199788378963,4.553523449325211e-05
3679.0202656906695,4.2456920160139945e-05
3679.840743002376,4.684243134866877e-05
3680.6612203140817,0.00010827443335921382
3681.481697625788,2.8451486564116403e-05
3682.3021749374943,2.4591038166930397e-05
3683.1226522492007,0.00010287277468977695
3683.9431295609065,0.0001473346917030941
3684.763606872613,5.0809517978513876e-05
3685.584084184319,0.00014794720736765094
3686.4045614960255,0.00018437109258142908
3687.2250388077314,0.00021337212707167087
3688.0455161194377,0.0001495880758521789
3688.865993431144,0.00010084106123814264
3689.6864707428504,9.639828968923715e-05
3690.5069480545562,6.983316721869903e-05
3691.3274253662626,4.8723209683515154e-05
3692.147902677969,2.886270893975851e-05
3692.968379989675,4.6117837917797246e-05
3693.788857301381,7.059255832028892e-05
3694.6093346130874,0.00019820704719173494
3695.4298119247937,0.00018860619588725156
3696.2502892365,6.520520062418871e-05
3697.070766548206,2.0035749500922782e-05
3697.8912438599123,5.998537601094838e-05
3698.7117211716186,5.462313916801987e-05
3699.532198483325,0.00012953788078983423
3700.352675795031,0.00012214560275269955
3701.173153106737,0.00011757639091376876
3701.9936304184434,5.460268681063646e-05
3702.8141077301498,4.187343212563738e-05
3703.6345850418556,3.1636745286015336e-05
3704.455062353562,0.0001323723486141655
3705.2755396652683,0.0002140380036666919
3706.0960169769746,0.00014988238563623527
3706.9164942886805,0.00014936935770295398
3707.736971600387,0.00011350364814529434
3708.557448912093,6.300761837901969e-05
3709.3779262237995,0.00010092279596014191
3710.1984035355053,9.288550702214194e-05
3711.0188808472117,0.00017232091185903433
3711.839358158918,0.00011653449963076682
3712.6598354706243,0.0001962842792082166
3713.48031278233,0.00019850126394588892
3714.3007900940365,9.383022669115824e-05
3715.121267405743,0.00016899402214936795
3715.941744717449,0.00017019321521316458
3716.7622220291555,0.00010863373837745429
3717.5826993408614,1.8839653805331103e-05
3718.4031766525677,3.925579118705468e-05
3719.223653964274,1.2042843474310857e-06
3720.0441312759804,8.988346592230378e-05
3720.8646085876862,6.015858260241799e-05
3721.6850858993926,8.112546236199267e-05
3722.505563211099,7.943196165298208e-05
3723.326040522805,0.00016007424407427228
3724.146517834511,0.0001600179183913091
3724.9669951462174,0.00016710468828164937
3725.7874724579237,0.00021016486569599407
3726.60794976963,0.00020013056975891604
3727.428427081336,0.00010264402740633483
3728.2489043930423,5.162599154607848e-05
3729.0693817047486,5.35937975400026e-05
3729.889859016455,7.688162827941142e-05
3730.710336328161,0.00012352551729769278
3731.530813639867,0.00015892972295862638
3732.3512909515734,0.00013571412737449083
3733.17176826328,0.00011765795982642325
3733.9922455749856,0.00011479694599288363
3734.812722886692,0.0001048983695701798
3735.6332001983983,3.689221043795139e-05
3736.4536775101046,5.7959519457637554e-05
3737.2741548218105,0.00013502957284236634
3738.094632133517,5.9281490377510635e-05
3738.915109445223,7.182759283448143e-05
3739.7355867569295,0.0001071517224390235
3740.5560640686354,0.00012534265863074464
3741.3765413803417,0.0001332699706507001
3742.197018692048,0.00010122324879765417
3743.0174960037543,4.1131901929264445e-05
3743.83797331546,8.117583662634213e-05
3744.6584506271665,0.00014377737324695314
3745.478927938873,0.0001228657027443063
3746.299405250579,6.43278123736633e-05
3747.119882562285,0.00010663830544690153
3747.9403598739914,0.0002169354056703487
3748.7608371856977,0.00019007435145514145
3749.581314497404,9.252538560095992e-05
3750.40179180911,0.000205267348762871
3751.2222691208162,0.00010388176927318314
3752.0427464325226,2.6253475072832362e-05
3752.863223744229,0.00010302068416339891
3753.6837010559348,0.00017238675332142178
3754.504178367641,0.00017042654198381205
3755.3246556793474,0.00011016894695954937
3756.1451329910537,0.000108138932380161
3756.9656103027596,5.8390018402821844e-05
3757.786087614466,0.00015570979734634511
3758.6065649261723,0.00022149262100126858
3759.4270422378786,0.00024703060132268655
3760.247519549585,0.00020021532586346022
3761.067996861291,6.404119654362146e-05
3761.888474172997,0.00010663443728766224
3762.7089514847034,0.00015722206471624074
3763.52942879641,3.796159089611137e-05
3764.3499061081156,0.0001222751431888051
3765.170383419822,0.00012104857379805823
3765.9908607315283,3.822737363136501e-05
3766.8113380432346,3.9552702579271464e-05
3767.6318153549405,6.507462576747018e-05
3768.452292666647,0.00018590122910238632
3769.272769978353,0.00016391767640523764
3770.0932472900595,0.00011691737334276934
3770.9137246017654,0.0002023759398143565
3771.7342019134717,0.00021899000836903264
3772.554679225178,1.2273840628102078e-05
3773.3751565368843,9.287845858981905e-05
3774.19563384859,0.0001307376558808437
3775.0161111602965,0.00018425577419470878
3775.836588472003,0.0001809756265154018
3776.657065783709,0.00012188750512701891
3777.477543095415,6.205005490076081e-05
3778.2980204071214,4.63492591453702e-05
3779.1184977188277,7.74422336434212e-05
3779.938975030534,0.00011265174154392715
3780.75945234224,7.154763649748769e-05
3781.5799296539462,0.00010512432025302426
3782.4004069656526,5.833309337545928e-05
3783.220884277359,4.1642986234647936e-05
3784.0413615890648,0.0001671393443237378
3784.861838900771,0.00016725052367981926
3785.6823162124774,6.138390433254494e-05
3786.5027935241837,7.11950329490516e-05
3787.3232708358896,8.063293546564285e-05
3788.143748147596,0.0001617824049943549
3788.9642254593023,7.683643387086596e-05
3789.7847027710086,0.00012660601566267398
3790.6051800827145,0.00021492635208336848
3791.425657394421,0.00013379857825531036
3792.246134706127,6.697162919333264e-05
3793.0666120178334,8.279464048660167e-05
3793.8870893295393,4.6570520943786274e-05
3794.7075666412456,8.053738270302021e-05
3795.528043952952,6.449514450809551e-05
3796.3485212646583,3.821956864933718e-05
3797.168998576364,8.327967464020657e-05
3797.9894758880705,0.00010736516152258432
3798.809953199777,9.600227325093756e-05
3799.630430511483,4.221900820078998e-05
3800.450907823189,4.896956434759201e-05
3801.2713851348954,9.136702714329462e-05
3802.0918624466017,0.00020681846609122207
3802.912339758308,0.0002420440177579558
3803.7328170700143,0.0001963932832110306
3804.55329438172,0.00012768142405926634
3805.3737716934265,8.435861481190636e-05
3806.194249005133,6.48318590860139e-05
3807.014726316839,4.694216157875199e-05
3807.835203628545,0.00011686018097362751
3808.6556809402514,7.170194540968108e-05
3809.4761582519577,8.896252219768229e-05
3810.296635563664,0.00010423185233604251
3811.11711287537,0.00014729863281296942
3811.9375901870762,9.003996204297216e-05
3812.7580674987826,0.00010781003431046075
3813.578544810489,0.00010406363505471892
3814.3990221221948,4.6279353246141744e-05
3815.219499433901,6.561135893069137e-05
3816.0399767456074,7.304870268288244e-05
3816.8604540573137,0.00015103009754951745
3817.6809313690196,0.00011149754341955154
3818.501408680726,3.942601464238131e-05
3819.3218859924323,6.382094310130699e-05
3820.1423633041386,7.86615316203753e-05
3820.9628406158445,6.380294471908731e-05
3821.783317927551,9.347933214709832e-05
3822.603795239257,3.939316352582407e-05
3823.4242725509635,3.385105355005771e-05
3824.2447498626693,9.262551170416664e-05
3825.0652271743757,0.00021430974046602266
3825.885704486082,0.00017135441007308687
3826.7061817977883,0.00020894467118815301
3827.526659109494,0.0002901174888374036
3828.3471364212005,0.00020055546893955306
3829.167613732907,6.070135091756793e-05
3829.988091044613,1.2802226930568294e-05
3830.808568356319,8.738684138546651e-05
3831.6290456680254,0.00015289792846230198
3832.4495229797317,0.00025239424371295777
3833.270000291438,0.00020940497029059692
3834.090477603144,0.00021178521437478887
3834.91095491485,0.00021159597464501123
3835.7314322265565,0.0001636580514373569
3836.551909538263,9.021138380708172e-05
3837.3723868499687,7.043754529665225e-05
3838.192864161675,8.434580909313253e-05
3839.0133414733814,3.556706384227669e-05
3839.8338187850877,2.661458408512632e-05
3840.6542960967936,0.00011566260057709452
3841.4747734085,6.542336320761397e-05
3842.2952507202062,0.00010148673863593224
3843.1157280319126,0.00018520723679711043
3843.9362053436184,7.392471626155569e-05
3844.7566826553248,0.0001663077822956412
3845.577159967031,9.042721634140924e-05
3846.3976372787374,5.513877919646543e-05
3847.2181145904437,0.0001744989969778752
3848.0385919021496,7.118730332419185e-05
3848.859069213856,0.00010754388419687114
3849.6795465255623,4.509168218165908e-05
3850.5000238372686,6.252724009715926e-05
3851.3205011489745,4.922230537602295e-05
3852.140978460681,5.2500559859099804e-05
3852.961455772387,6.351345571988173e-06
3853.7819330840935,0.00011720913367225669
3854.6024103957993,0.0001624503694878505
3855.4228877075057,6.255709850737609e-05
3856.243365019212,6.436899734603325e-05
3857.0638423309183,5.812100659924915e-05
3857.884319642624,0.00014632218467750373
3858.7047969543305,0.00015462049932509492
3859.525274266037,0.00013496096376044783
3860.345751577743,0.00014182130289179418
3861.166228889449,0.00011309397639463424
3861.9867062011554,6.546574192480123e-05
3862.8071835128617,0.0001689922263430659
3863.627660824568,0.00013176346572051767
3864.448138136274,9.730537746872612e-05
3865.26861544798,0.00013649466090640255
3866.0890927596865,0.00015049549340924616
3866.909570071393,7.495588057282688e-05
3867.7300473830987,9.801689492045362e-05
3868.550524694805,0.00010249334417086689
3869.3710020065114,5.343520422683128e-05
3870.1914793182177,2.3101781682572177e-05
3871.0119566299236,4.946523002133205e-05
3871.83243394163,3.2308950037611206e-05
3872.6529112533362,0.00010467126751013744
3873.4733885650426,0.00014933777848116978
3874.2938658767484,9.869739794866222e-05
3875.1143431884548,0.00014133691071554008
3875.934820500161,0.00010742518652516778
3876.7552978118674,9.581500098523296e-05
3877.5757751235733,9.788310073811255e-05
3878.3962524352796,3.870333182095956e-05
3879.216729746986,3.00632157672136e-05
3880.0372070586923,4.0035073478286815e-05
3880.857684370398,0.00011501733587203304
3881.6781616821045,0.00013154611713624614
3882.498638993811,1.3811702895727017e-05
3883.319116305517,9.658740648891686e-05
3884.139593617223,6.710310533823513e-05
3884.9600709289293,2.4302090473909037e-05
3885.7805482406357,7.15171161204185e-05
3886.601025552342,2.211583532110339e-05
3887.421502864048,9.412874205266106e-05
3888.241980175754,0.00011687893931229003
3889.0624574874605,0.0001657259531388894
3889.882934799167,0.00012717034465672668
3890.7034121108727,9.328519273998391e-05
3891.523889422579,8.740161461622739e-05
3892.3443667342854,4.595898838539546e-05
3893.1648440459917,4.6000293585623606e-05
3893.985321357698,4.322211285389361e-05
3894.805798669404,0.00011504028764745235
3895.62627598111,7.486392995802448e-05
3896.4467532928165,0.00014075569003643484
3897.267230604523,0.0001249194417985633
3898.0877079162287,5.8258828444021856e-05
3898.908185227935,2.0501173492136702e-05
3899.7286625396414,6.211752679914154e-05
3900.5491398513477,4.568735818588461e-05
3901.3696171630536,8.110868872785853e-05
3902.19009447476,0.00013421285004842285
3903.0105717864662,9.94454358739366e-05
3903.8310490981726,0.00016652108011309323
3904.6515264098784,8.318966433444159e-05
3905.4720037215848,6.23061763050867e-05
3906.292481033291,6.0446525153470234e-05
3907.1129583449974,0.00012639508835632875
3907.9334356567033,0.00020856319944034801
3908.7539129684096,0.00018947707825024972
3909.574390280116,0.00012314163999957033
3910.3948675918223,0.00010540754141722509
3911.215344903528,0.000163347861069932
3912.0358222152345,0.00012124015882890463
3912.856299526941,6.0140602021676403e-05
3913.676776838647,3.778133946898574e-05
3914.497254150353,8.280036023560859e-05
3915.3177314620593,2.564482856503325e-05
3916.1382087737657,8.866125392790564e-05
3916.958686085472,0.00010623935178126343
3917.779163397178,0.00010513388915676284
3918.599640708884,0.00010249792937389789
3919.4201180205905,8.188170565906533e-05
3920.240595332297,3.0262403709610795e-05
3921.0610726440027,9.573561730775989e-05
3921.881549955709,6.223005725191833e-05
3922.7020272674154,6.49596908881029e-05
3923.5225045791217,3.797729310603857e-05
3924.3429818908276,4.454798148052884e-05
3925.163459202534,9.553034643469226e-05
3925.98393651424,0.00011302007914839742
3926.8044138259465,5.767217081883317e-05
3927.6248911376524,9.414469875704737e-05
3928.4453684493587,6.892454158839561e-05
3929.265845761065,2.540653349306471e-05
3930.0863230727714,1.6321900626023217e-05
3930.9068003844773,7.678145154824584e-05
3931.7272776961836,0.0001174335099726356
3932.54775500789,0.00019501533831294817
3933.3682323195962,0.0001429849245097819
3934.188709631302,8.232656804182934e-05
3935.0091869430084,0.00011328786103192594
3935.8296642547148,0.00016019932800928288
3936.650141566421,0.00014998544452412014
3937.4706188781274,0.0001308918883588515
3938.2910961898333,4.8304382197315534e-05
3939.1115735015396,9.975107208629288e-05
3939.932050813246,5.91528004701701e-05
3940.7525281249523,5.074337200292238e-05
3941.573005436658,0.00012803214733152652
3942.3934827483645,0.00014637436555320376
3943.213960060071,1.0629407309948869e-05
3944.034437371777,0.00010753241393455064
3944.854914683483,0.00016148079579954774
3945.6753919951893,0.0001530473037497046
3946.4958693068957,0.00011800732752634132
3947.316346618602,5.972506278067402e-05
3948.136823930308,0.00010462518634293248
3948.957301242014,0.00015877890152995425
3949.7777785537205,0.00020706108412807902
3950.598255865427,0.00018370524329964388
3951.4187331771327,0.00016840585720404548
3952.239210488839,0.0001246754927755023
3953.0596878005454,8.186740353877979e-05
3953.8801651122517,4.4144214225609355e-05
3954.7006424239576,4.669641773750145e-05
3955.521119735664,0.00011887984181185159
3956.34159704737,0.00015949810643333713
3957.1620743590765,0.00014477510668909355
3957.9825516707824,8.097458179138513e-05
3958.8030289824887,5.572675388250785e-05
3959.623506294195,4.423949833663515e-05
3960.4439836059014,4.3650991381810206e-05
3961.2644609176073,0.0001526894551792395
3962.0849382293136,8.433204916294426e-05
3962.90541554102,5.208370794084257e-05
3963.7258928527262,7.846504287000857e-05
3964.546370164432,3.123779736157622e-05
3965.3668474761384,8.882433447630757e-05
3966.187324787845,7.005519475408227e-05
3967.007802099551,8.276339057038644e-05
3967.828279411257,0.00010599245228760693
3968.6487567229633,0.0001340263696581676
3969.4692340346696,0.00011135122750861775
3970.289711346376,9.18431701340859e-05
3971.110188658082,0.00012454875254627208
3971.930665969788,0.00011804890583256256
3972.7511432814945,9.518135432847485e-05
3973.571620593201,0.00020009081150635017
3974.3920979049067,0.00018130520787246556
3975.212575216613,0.00011037254807851249
3976.0330525283193,0.00014125745731127136
3976.8535298400257,9.811709285638532e-05
3977.6740071517315,0.00010944100447729074
3978.494484463438,5.716539652047997e-05
3979.314961775144,0.0001092350916568573
3980.1354390868505,0.00015034946867883249
3980.955916398557,8.390505909341793e-05
3981.7763937102627,4.670648626555349e-05
3982.596871021969,0.00011158115991693553
3983.4173483336754,0.00012172928736631732
3984.2378256453817,4.5807339593854194e-05
3985.0583029570876,0.00011391316545095173
3985.878780268794,0.00012130249933202196
3986.6992575805,6.018087982143118e-05
3987.5197348922065,8.588298388256218e-05
3988.3402122039124,7.543583622266807e-05
3989.1606895156187,7.147311186634966e-05
3989.981166827325,4.167607614893387e-05
3990.8016441390314,2.8556450795687443e-05
3991.6221214507373,6.369074236928441e-05
3992.4425987624436,8.962327739770324e-05
3993.26307607415,5.424089595206731e-05
3994.0835533858562,3.6781928301480274e-05
3994.904030697562,0.00011662166733936863
3995.7245080092684,0.00014557667603516764
3996.544985320975,0.00012118651104733829
3997.365462632681,6.807301423140357e-05
3998.185939944387,2.2260710785610732e-05
3999.0064172560933,9.090785334490972e-05
3999.8268945677996,0.00013982573398194044
4000.647371879506,0.00013226986749346702
4001.467849191212,0.00012816056690822
4002.288326502918,9.102555745553336e-05
4003.1088038146245,6.408752941455195e-05
4003.929281126331,9.44282617145339e-05
4004.7497584380367,4.196418511989515e-05
4005.570235749743,8.732449190750223e-05
4006.3907130614493,2.82250126109228e-05
4007.2111903731557,4.1769519431010465e-05
4008.0316676848615,1.8815212938705895e-05
4008.852144996568,0.00012214620376332333
4009.672622308274,0.0001951450165771358
4010.4930996199805,0.0002047833750413271
4011.3135769316864,0.00010050959594694489
4012.1340542433927,0.00013424872288320006
4012.954531555099,0.0003220292040969818
4013.7750088668054,0.0003115439353344618
4014.5954861785112,0.00010324439737548355
4015.4159634902176,3.079182049649469e-05
4016.236440801924,0.00010176736561208422
4017.05691811363,0.00018879410266609342
4017.877395425336,0.00014499595839909007
4018.6978727370424,0.00011655496784287864
4019.5183500487487,0.0001468112474589504
4020.338827360455,3.646434013224651e-05
4021.159304672161,8.040509380208563e-05
4021.9797819838673,7.677325083425199e-05
4022.8002592955736,9.153942180314576e-05
4023.62073660728,7.551935467068286e-05
4024.4412139189863,5.24346274180939e-05
4025.261691230692,7.938276875490467e-05
4026.0821685423984,0.00011846616791731035
4026.902645854105,7.445741976007881e-05
4027.723123165811,6.14513489105688e-05
4028.543600477517,5.230295775406392e-05
4029.3640777892233,0.00011439912767619831
4030.1845551009296,0.00016049950379630652
4031.005032412636,0.00011291556117585516
4031.825509724342,8.135412728754496e-06
4032.645987036048,5.936092598733938e-05
4033.4664643477545,2.898481240691329e-05
4034.286941659461,0.0001308549706060893
4035.1074189711667,0.00018607850152563987
4035.927896282873,0.00010817319770274119
4036.7483735945793,0.00013034427229479135
4037.5688509062857,9.051623112382778e-05
4038.3893282179915,7.622750172789037e-05
4039.209805529698,0.00011709248361639558
4040.030282841404,0.00014680166507295798
4040.8507601531105,9.671752472947636e-05
4041.6712374648164,9.634509002950189e-05
4042.4917147765227,0.00011334185134227162
4043.312192088229,8.886210675254172e-05
4044.1326693999354,0.00022403821896798152
4044.9531467116412,0.00017961238503847197
4045.7736240233476,0.00010051703542335399
4046.594101335054,0.00011185394068847072
4047.41457864676,1.5884101635254834e-05
4048.235055958466,4.901960490366804e-05
4049.0555332701724,2.568401175200696e-05
4049.8760105818787,0.00011299125224453655
4050.696487893585,0.00011390715258160117
4051.516965205291,0.000116496518183013
4052.3374425169973,2.3697012504551977e-05
4053.1579198287036,8.727401378369577e-05
4053.97839714041,7.119755349638688e-05
4054.798874452116,4.220031898020602e-05
4055.619351763822,6.305084357096902e-05
4056.4398290755285,0.00018355702740228638
4057.260306387235,4.8432658095830326e-05
4058.0807836989406,0.00021964210952435566
4058.901261010647,0.00019226649190331812
4059.7217383223533,0.00013984517986317222
4060.5422156340596,0.00010552349766482176
4061.3626929457655,5.604744237918335e-06
4062.183170257472,5.4607234769700094e-05
4063.003647569178,9.034722120826744e-05
4063.8241248808845,3.280485918288485e-05
4064.6446021925904,0.00014436926259900934
4065.4650795042967,5.474350181002257e-05
4066.285556816003,0.00011876708713252936
4067.1060341277093,0.0001162877084790746
4067.926511439415,2.951510493607402e-05
4068.7469887511215,2.7514336438488425e-05
4069.567466062828,0.00011553814763220917
4070.387943374534,0.00017869096218227582
4071.2084206862405,0.00017416572019962132
4072.0288979979464,0.00011581685279354158
4072.8493753096527,3.691651960449479e-05
4073.669852621359,6.298627061958606e-05
4074.4903299330654,4.8823257612962026e-05
4075.3108072447712,6.800248446341447e-05
4076.1312845564776,5.81415508009505e-05
4076.951761868184,6.142497482657093e-05
4077.77223917989,0.00010690371788508377
4078.592716491596,0.00015828239345158532
4079.4131938033024,0.00017756923200485772
4080.2336711150087,0.00011200878013979287
4081.054148426715,8.286857292777035e-05
4081.874625738421,2.8835154301633727e-05
4082.6951030501273,9.198469412320538e-05
4083.5155803618336,8.829437274115716e-05
4084.33605767354,9.39629796517404e-05
4085.156534985246,1.7409913121401597e-05
4085.977012296952,1.1839477529136252e-05
4086.7974896086585,0.00015305745776105417
4087.617966920365,0.00022127080282406366
4088.4384442320707,0.00012242685960568307
4089.258921543777,3.7321811685877464e-05
4090.0793988554833,8.954610427701377e-05
4090.8998761671896,0.00010865043341360044
4091.7203534788955,1.8867453146916584e-05
4092.540830790602,9.498657294712119e-05
4093.361308102308,2.7148057528388962e-05
4094.1817854140145,0.00011830304631456874
4095.0022627257204,5.121818787680355e-05
4095.8227400374267,8.077052955537085e-05
4096.643217349133,7.422317102075852e-05
4097.463694660839,8.953573424917649e-05
4098.284171972546,4.976452923879965e-05
4099.1046492842515,4.217402820823392e-05
4099.925126595957,0.0001120349859268816
4100.745603907664,0.000180053543489156
4101.56608121937,0.00016414155448207682
4102.386558531077,0.0001333262220174269
4103.207035842783,0.0001219206057769264
4104.027513154489,0.00012769168888021614
4104.847990466195,0.0001423133121707554
4105.668467777901,1.2346431589208584e-05
4106.488945089607,7.564254316151305e-05
4107.309422401314,5.6857373790906364e-05
4108.12989971302,0.00014241373217474944
4108.950377024727,0.00013043904278896317
4109.770854336432,0.00011696136093601046
4110.591331648138,0.00012784283237063902
4111.411808959845,0.00011067288335758803
4112.232286271551,4.0482054207586854e-05
4113.052763583258,9.862351516364973e-05
4113.873240894964,0.00012790997747064273
4114.6937182066695,9.603664385262303e-05
4115.514195518376,7.248000662993478e-05
4116.334672830082,7.396915511050075e-05
4117.155150141788,0.000104320167857974
4117.975627453495,4.0520934674319724e-05
4118.796104765201,7.024268110625866e-05
4119.616582076907,4.6117523260535574e-05
4120.437059388613,5.5668395146276874e-05
4121.257536700319,1.9273916965448887e-05
4122.078014012026,9.734719032099761e-05
4122.898491323732,0.00021159105853258274
4123.718968635438,0.00019835451001310315
4124.5394459471445,0.0001071372876190354
4125.35992325885,0.00010623125838811385
4126.180400570557,6.552281432265872e-05
4127.000877882263,0.00018565274385511766
4127.821355193969,0.00013246698890199334
4128.641832505676,0.00012511937071534764
4129.4623098173815,0.00016298495548975722
4130.282787129087,0.00010493801047931347
4131.103264440794,0.00015063373018660566
4131.9237417525,0.00015912387426969128
4132.744219064207,9.530153078289481e-05
4133.564696375913,6.240587593463389e-05
4134.385173687619,2.286584689925918e-05
4135.205650999325,8.193882270146025e-05
4136.026128311031,0.0001059914420980009
4136.846605622737,6.616249705755098e-05
4137.667082934444,1.627690374214872e-05
4138.48756024615,0.0001390235980545067
4139.308037557857,0.00022931438506342016
4140.128514869562,0.00014285608230389408
4140.948992181268,0.00010502650546055402
4141.769469492975,6.346290026817095e-05
4142.589946804681,7.674616905503718e-05
4143.410424116387,0.00014154750217028014
4144.230901428094,0.00013488561007795366
4145.0513787397995,0.00010018323141697705
4145.871856051506,0.0001518776265606845
4146.692333363212,0.00011964200452444671
4147.512810674918,0.00010290214353866004
4148.333287986625,0.0001238924209852035
4149.153765298331,0.0001542955004421255
4149.9742426100365,0.00017673548457375248
4150.794719921743,7.838951490321154e-05
4151.615197233449,4.940937457882701e-05
4152.435674545156,5.2012773136968396e-05
4153.256151856862,0.00010086348668457427
4154.076629168568,0.00013274388888164377
4154.8971064802745,0.0001073754712376642
4155.71758379198,8.999051594335119e-05
4156.538061103686,0.00013933910522684963
4157.358538415393,0.0001325498635544534
4158.179015727099,0.00013508272024365372
4158.999493038806,0.00012690433701500445
4159.8199703505115,7.550329662544183e-05
4160.640447662217,5.272023668897314e-05
4161.460924973924,3.0373178720703047e-05
4162.28140228563,9.588191924442071e-05
4163.101879597337,0.00012658435178186105
4163.922356909043,6.557949751495456e-05
4164.742834220749,8.185627252824316e-05
4165.563311532455,1.7778801946432548e-05
4166.383788844161,6.430057133969538e-05
4167.204266155867,7.880243636615756e-05
4168.024743467574,5.803779810589688e-05
4168.84522077928,8.635581363895039e-05
4169.665698090987,7.588657139739686e-05
4170.486175402692,3.8597418096759786e-05
4171.306652714398,8.60964702502557e-05
4172.127130026105,0.00015570402847963393
4172.947607337811,7.149736248112581e-05
4173.768084649517,0.00018078471772365
4174.588561961224,0.00018187151884717045
4175.4090392729295,0.00014759724797181638
4176.229516584636,0.00011222949448633706
4177.049993896342,1.0364461675000866e-05
4177.870471208048,6.762789312805664e-05
4178.690948519755,7.109225844011489e-05
4179.511425831461,5.5278477230211866e-05
4180.3319031431665,6.488057632579872e-05
4181.152380454873,0.00012535311987266217
4181.972857766579,0.00012672544571417122
4182.793335078286,0.00015343037596631963
4183.613812389992,0.00013982658472102115
4184.434289701698,0.0001312851679116246
4185.2547670134045,0.0001747564749062641
4186.07524432511,0.0001671272486778291
4186.895721636816,8.682789046642504e-05
4187.716198948523,0.00010304946577707496
4188.536676260229,5.725326273278171e-05
4189.357153571936,1.2904169374464909e-05
4190.1776308836415,7.289857523331319e-05
4190.998108195347,0.00018018144348650234
4191.818585507054,0.00015717893966325482
4192.63906281876,7.989442932227445e-05
4193.459540130466,0.00016767249042102804
4194.280017442173,0.00013880545701042157
4195.100494753879,4.891558637014368e-05
4195.920972065585,2.9265650565308966e-05
4196.741449377291,1.651851335177516e-05
4197.561926688997,2.3164899431193753e-05
4198.382404000704,4.455661733856331e-05
4199.20288131241,7.213677535611436e-05
4200.023358624116,2.7608216295073466e-05
4200.843835935822,0.00012137488940952656
4201.664313247528,0.00016722871416325276
4202.484790559235,0.0002531766713318827
4203.305267870941,0.00020959698921899975
4204.125745182647,9.182053630319342e-05
4204.946222494354,4.3595990296255974e-05
4205.7666998060595,6.651889333734525e-05
4206.587177117766,6.018203915212097e-05
4207.407654429472,8.125310084504996e-05
4208.228131741178,0.00012823961909752375
4209.048609052885,0.00013626111627620632
4209.869086364591,0.00018525346123682605
4210.6895636762965,0.00018025976903415767
4211.510040988003,0.00013702610710738757
4212.330518299709,0.00016539437151030426
4213.150995611416,0.0002019797582402363
4213.971472923122,0.00021145878792494806
4214.791950234828,0.00013259531829527303
4215.6124275465345,8.21793189239783e-05
4216.43290485824,0.00016738811820460014
4217.253382169946,0.00016524541999912693
4218.073859481653,0.00011399023128403152
4218.894336793359,7.239264210613578e-05
4219.714814105066,5.170388034826227e-05
4220.5352914167715,9.333715609480615e-05
4221.355768728477,9.746841511008356e-05
4222.176246040184,4.963433972740088e-05
4222.99672335189,8.483450471415092e-05
4223.817200663596,0.00011596032490701216
4224.637677975303,0.00010082334810601258
4225.458155287009,4.251137256982233e-05
4226.278632598715,6.71241997725977e-05
4227.099109910421,0.00012046369977339034
4227.919587222127,0.0001767011861775356
4228.740064533834,0.0001315255068173403
4229.56054184554,6.044183068596647e-05
4230.381019157246,0.00010445440996601381
4231.201496468952,0.0001747626905300518
4232.021973780658,3.269859154152182e-05
4232.842451092365,0.0001061633638034441
4233.662928404071,2.9806792146686732e-05
4234.483405715777,0.00010548812864809911
4235.303883027484,8.812068197363019e-05
4236.1243603391895,6.0623249958784775e-05
4236.944837650895,3.1132513088826695e-05
4237.765314962602,0.00010454231790584054
4238.585792274308,0.00010923981854423829
4239.406269586015,7.076671122959778e-05
4240.226746897721,4.696184451525886e-05
4241.0472242094265,4.326353285605619e-05
4241.867701521133,3.9169323531943603e-05
4242.688178832839,0.00011837579065573427
4243.508656144545,0.00012581464990609332
4244.329133456252,8.917398148526931e-05
4245.149610767958,7.592282627959749e-05
4245.9700880796645,8.456017605821841e-05
4246.79056539137,9.393656887592841e-05
4247.611042703076,0.00019959678733653515
4248.431520014783,0.00014872691582216367
4249.251997326489,7.715202763477287e-05
4250.072474638196,0.00017299322490620182
4250.8929519499015,3.754292317506422e-05
4251.713429261607,4.3330626188701125e-05
4252.533906573314,9.141754501449273e-05
4253.35438388502,0.00017032257482604393
4254.174861196726,0.00011036848222755953
4254.995338508433,9.808663936879469e-05
4255.815815820139,0.000244439881232332
4256.636293131845,0.00019503795659473638
4257.456770443551,5.300522480200068e-05
4258.277247755257,9.175816921088807e-06
4259.097725066964,7.394318763719467e-05
4259.91820237867,0.0001857527880094556
4260.738679690376,0.00021851279503428368
4261.559157002082,9.794094820353087e-05
4262.379634313788,1.1717621625322428e-05
4263.200111625495,9.184537112368246e-05
4264.020588937201,6.695395309573478e-05
4264.841066248907,6.483154212410192e-05
4265.661543560614,4.518857819497611e-05
4266.4820208723195,2.8575521281937e-05
4267.302498184025,4.770143825975268e-05
4268.122975495732,5.8942400133055405e-05
4268.943452807438,4.463907231766413e-05
4269.763930119145,5.528847657062358e-05
4270.584407430851,6.040135011418321e-05
4271.4048847425565,5.6548071010196246e-05
4272.225362054263,1.5419368532548258e-05
4273.045839365969,6.081943732175128e-05
4273.866316677675,0.00014243946020166766
4274.686793989382,0.00013084158436955888
4275.507271301088,0.00011617563214905972
4276.3277486127945,0.0001297544344197857
4277.1482259245,0.00015922880727530943
4277.968703236206,0.0001495052286520231
4278.789180547913,0.00012281984921815793
4279.609657859619,1.7482581924955525e-05
4280.430135171325,8.227963128635667e-05
4281.250612483032,4.807154941191727e-05
4282.071089794737,9.09398770326617e-05
4282.891567106444,7.316872184300501e-05
4283.71204441815,0.00011148935997323299
4284.532521729856,9.198915109177713e-05
4285.352999041563,6.785736153598012e-05
4286.173476353269,0.00013994375949476893
4286.9939536649745,0.00010065960523046123
4287.814430976681,5.57758494510706e-05
4288.634908288387,6.988564249568323e-05
4289.455385600094,8.313312713756423e-05
4290.2758629118,0.00010251988215027019
4291.096340223506,0.0001133056947504459
4291.916817535212,9.411352774436124e-05
4292.737294846918,0.00011827978834511092
4293.557772158625,2.379324666642671e-05
4294.378249470331,7.938972366813857e-05
4295.198726782037,0.00012665196242614467
4296.019204093744,0.00013041609775966932
4296.8396814054495,0.00013513702569836744
4297.660158717155,8.604986395988584e-05
4298.480636028862,1.8801666261092682e-05
4299.301113340568,0.0001113624325113713
4300.121590652275,0.00018582118151899156
4300.942067963981,9.630511102000876e-05
4301.7625452756865,4.8092980492613756e-05
4302.583022587393,6.841604144603372e-05
4303.403499899099,0.00013135679907043177
4304.223977210805,0.00014992946762403876
4305.044454522512,0.00020267882130657554
4305.864931834218,0.0002121394163145872
4306.6854091459245,0.00011225109465058066
4307.50588645763,3.7666841129505065e-05
4308.326363769336,7.28988276264615e-05
4309.146841081043,4.258058808954684e-05
4309.967318392749,0.00010484275196703425
4310.787795704455,9.577959561672468e-05
4311.608273016162,0.000166990406450069
4312.428750327867,0.000257719242358931
4313.249227639574,0.00016804052525161873
4314.06970495128,0.00011440516764042986
4314.890182262986,0.00016802757859085593
4315.710659574693,0.00013877264955291165
4316.531136886399,0.00014804442182375646
4317.3516141981045,0.00016973055672356042
4318.172091509811,0.00012524048692115518
4318.992568821517,4.072817025373156e-05
4319.813046133224,0.00011858593266963803
4320.63352344493,0.00016608528727987004
4321.454000756636,6.579319927519762e-05
4322.274478068342,6.854649187375739e-05
4323.094955380048,8.093284864729932e-05
4323.915432691754,3.223072197583358e-05
4324.735910003461,5.893195778078439e-05
4325.556387315167,4.248070679658913e-05
4326.376864626874,8.372279842383068e-05
4327.1973419385795,5.6745484617348095e-05
4328.017819250285,4.999709689318084e-05
4328.838296561992,6.58752941146881e-05
4329.658773873698,9.302995225952126e-05
4330.479251185404,8.586619753549897e-05
4331.299728497111,0.00010810472908485052
4332.1202058088165,0.00011971956041375499
4332.940683120523,7.368049903127744e-05
4333.761160432229,9.472508227175734e-05
4334.581637743935,0.00010999155786444992
4335.402115055642,9.871710101603543e-05
4336.222592367348,9.248650931982067e-05
4337.0430696790545,8.643673796663795e-05
4337.86354699076,0.0001247615664248365
4338.684024302466,8.723102342713978e-05
4339.504501614173,1.1079887121540083e-05
4340.324978925879,6.21221868311319e-05
4341.145456237585,8.480172039302069e-05
4341.965933549292,0.00020703487671926298
4342.786410860997,0.0002011869744744396
4343.606888172704,2.6322330753599175e-05
4344.42736548441,3.927328625986329e-05
4345.247842796116,0.0001829539362512675
4346.068320107823,0.00016806644239829028
4346.888797419529,0.00014971394766846038
4347.7092747312345,8.111439492997794e-05
4348.529752042941,0.00016864191565537729
4349.350229354647,0.00011666501143106586
4350.170706666354,6.557765707763183e-05
4350.99118397806,0.0001228536136904365
4351.811661289766,9.884136881894314e-05
4352.632138601472,4.2798412710766975e-05
4353.452615913178,3.363191239641355e-05
4354.273093224884,7.163856987601378e-05
4355.093570536591,4.6645710368423926e-05
4355.914047848297,0.0001757338733253077
4356.734525160004,0.00024420434488125884
4357.5550024717095,9.090764969958965e-05
4358.375479783415,0.00011937704112484525
4359.195957095122,0.0001954919719578216
4360.016434406828,0.0001595027502943758
4360.836911718534,8.625266809062315e-05
4361.657389030241,3.052704881801048e-05
4362.4778663419465,3.903284419795785e-05
4363.298343653653,8.253516099464139e-05
4364.118820965359,0.0001149476382270004
4364.939298277065,0.00011751972477980425
4365.759775588772,0.0001748401601496152
4366.580252900478,0.00025421501149017867
4367.400730212184,0.00020991424944886405
4368.22120752389,8.979742692055652e-05
4369.041684835596,3.142195489048166e-05
4369.862162147303,7.433487410864656e-05
4370.682639459009,0.00012588407752503968
4371.503116770715,8.93719028768393e-05
4372.323594082422,5.296442195013332e-06
4373.144071394127,4.3275283510281984e-05
4373.964548705833,3.348535358300267e-05
4374.78502601754,3.524100290687332e-05
4375.605503329246,0.00014637335109537455
4376.425980640953,8.377325280720175e-05
4377.246457952659,9.184568383415357e-05
4378.0669352643645,0.00011276897744330178
4378.887412576071,6.0940259785504126e-05
4379.707889887777,3.2472231103552124e-05
4380.528367199484,3.748428582490702e-05
4381.34884451119,9.072670467045766e-05
4382.169321822896,0.00011640300052376201
4382.989799134602,4.689112754028823e-05
4383.810276446308,5.794901306325214e-05
4384.630753758014,4.786338775991079e-05
4385.451231069721,9.824470079075454e-05
4386.271708381427,0.0001155005002101626
4387.092185693134,4.0963299744470896e-05
4387.9126630048395,5.742027536847119e-05
4388.733140316545,5.773639174334229e-05
4389.553617628252,8.04486018597041e-05
4390.374094939958,0.00010578058547938651
4391.194572251664,7.959388266322579e-05
4392.015049563371,6.165039806242224e-05
4392.8355268750765,3.335855763162781e-05
4393.656004186783,9.846738635903408e-05
4394.476481498489,0.00017359187648767436
4395.296958810195,0.0001297671664306522
4396.117436121902,9.538553512427997e-05
4396.937913433608,7.71181624841042e-05
4397.758390745314,0.00012460381442413904
4398.57886805702,6.9762794825518965e-06
4399.399345368726,0.00012408230287725577
4400.219822680433,0.00010340876609299916
4401.040299992139,5.0247268678959386e-05
4401.860777303845,0.00010163693638949445
4402.681254615552,0.00011399329253325851
4403.501731927257,6.311728233372199e-05
4404.322209238963,2.199488407908383e-05
4405.14268655067,6.0460221716641615e-05
4405.963163862376,0.00010045028839479747
4406.783641174083,0.00012224063681340043
4407.604118485789,0.0001557762651071903
4408.4245957974945,9.023461685526812e-05
4409.245073109201,9.193096185771333e-05
4410.065550420907,0.00011917810397510719
4410.886027732613,8.60619414710357e-05
4411.70650504432,6.0587901713223106e-05
4412.526982356026,0.00014500663916444607
4413.347459667732,0.00013260563301412207
4414.167936979438,0.0001306898010691706
4414.988414291144,0.00013259644486563163
4415.808891602851,0.00010883138213784313
4416.629368914557,3.555964700390433e-05
4417.449846226263,1.9436078502571615e-05
4418.2703235379695,4.3805746084643995e-05
4419.090800849675,0.00015947495670941446
4419.911278161382,0.0002018470744080244
4420.731755473088,0.00012254766279588684
4421.552232784794,0.00011230591485448671
4422.372710096501,4.2685071201654194e-05
4423.1931874082065,0.00014288211571234326
4424.013664719913,0.00013257514444848368
4424.834142031619,0.00012461112382489045
4425.654619343325,9.2620568871828e-05
4426.475096655032,5.745080966433801e-05
4427.295573966738,3.406217055423523e-05
4428.116051278444,9.324466837635885e-05
4428.93652859015,8.655364946179135e-05
4429.757005901856,6.138154640946782e-05
4430.577483213563,5.3291301248569515e-05
4431.397960525269,6.328325524449048e-05
4432.218437836975,0.00011611161153674301
4433.038915148682,0.00012898090815884262
4433.859392460387,9.181473407556666e-05
4434.679869772093,9.856873533149349e-05
4435.5003470838,4.739269420385218e-05
4436.320824395506,8.616915413057927e-05
4437.141301707213,7.219261941914822e-05
4437.961779018919,9.069581539431668e-05
4438.7822563306245,0.00012463904440613736
4439.602733642331,8.685990982917519e-05
4440.423210954037,2.561283214164617e-05
4441.243688265743,5.5931710085310976e-05
4442.06416557745,0.00010936348903492175
4442.884642889156,0.00012316967295731995
4443.705120200862,0.00016312547061089188
4444.525597512568,0.0001819496587554454
4445.346074824274,0.00013697111980308637
4446.166552135981,3.371311527129887e-05
4446.987029447687,0.0001670617935328258
4447.807506759393,9.798454449678546e-05
4448.6279840710995,3.005434315339689e-05
4449.448461382805,3.278048607974088e-05
4450.268938694512,7.708216974846671e-05
4451.089416006218,0.0001251456645811994
4451.909893317924,6.491686710974075e-05
4452.730370629631,5.455642011885996e-05
4453.5508479413365,6.527396286537953e-05
4454.371325253042,4.645109324002405e-05
4455.191802564749,5.488665842484621e-05
4456.012279876455,4.980225121769855e-05
4456.832757188162,8.186984743762813e-05
4457.653234499868,7.955846439350752e-05
4458.473711811574,5.900356631665208e-05
4459.29418912328,0.00010944550259994866
4460.114666434986,6.828135179428923e-05
4460.935143746692,9.556853374726639e-05
4461.755621058399,0.00018051315385642655
4462.576098370105,0.00012624074829214896
4463.396575681812,5.000755281920156e-05
4464.217052993517,6.755054421313917e-05
4465.037530305223,0.0002080584478650197
4465.85800761693,0.0001752879838840641
4466.678484928636,5.267093989765183e-05
4467.498962240343,9.899202412033785e-06
4468.319439552049,9.614537696817715e-05
4469.1399168637545,6.205067831175147e-05
4469.960394175461,4.856286023454902e-05
4470.780871487167,6.421716081413084e-05
4471.601348798873,0.00012095897482719976
4472.42182611058,5.9407208983526247e-05
4473.242303422286,5.8631385708012426e-05
4474.062780733992,0.00010962850735133059
4474.883258045698,8.70760534541832e-05
4475.703735357404,0.000205935523329029
4476.524212669111,0.00024786824441701386
4477.344689980817,0.00020788765509047554
4478.165167292523,0.00019062298788025364
4478.9856446042295,0.0001065426779620207
4479.806121915935,9.604767073840528e-05
4480.626599227642,0.00018359168261272824
4481.447076539348,0.0001891756737398081
4482.267553851054,8.864496393568831e-05
4483.088031162761,7.020866455269205e-05
4483.9085084744665,6.147926423692082e-05
4484.728985786172,0.00016469867295982278
4485.549463097879,0.00015487121502290863
4486.369940409585,1.532264161464753e-05
4487.190417721292,9.643467444402586e-05
4488.010895032998,0.00014018784758719276
4488.831372344704,0.00017587837415229945
4489.65184965641,0.00010847340761812078
4490.472326968116,6.406813706095157e-05
4491.292804279822,1.9381735086627534e-05
4492.113281591529,5.406281931932397e-05
4492.933758903235,9.716378711922611e-05
4493.754236214942,7.370518158845993e-05
4494.574713526647,0.0001054553828457856
4495.395190838353,0.00018002118697833423
4496.21566815006,0.00013901881335353486
4497.036145461766,5.024367920825138e-05
4497.856622773472,0.00011077114844388338
4498.677100085179,0.00015194414998735513
4499.4975773968845,0.00011877829309346254
4500.318054708591,5.247352155713899e-05
4501.138532020297,2.049201456212956e-05
4501.959009332003,4.240245453107995e-05
4502.77948664371,3.895494130436885e-05
4503.599963955416,8.027726705145023e-05
4504.4204412671215,0.00011069112406685091
4505.240918578828,1.1026355256236838e-05
4506.061395890534,6.130657582720434e-05
4506.881873202241,3.510336518946933e-05
4507.702350513947,0.00010639344697067817
4508.522827825653,0.00020720605667969412
4509.3433051373595,0.00014807540548199957
4510.163782449065,1.4991447745245097e-05
4510.984259760772,3.9950488984847e-05
4511.804737072478,9.701486214790173e-05
4512.625214384184,0.00014553943793482044
4513.445691695891,0.0001471673059454308
4514.266169007597,0.00014279692507953456
4515.086646319302,8.785186532986683e-05
4515.907123631009,0.0001317968159566738
4516.727600942715,8.782231757443985e-05
4517.548078254422,8.451184462545682e-05
4518.368555566128,1.858699029685905e-05
4519.189032877834,3.017362966599447e-05
4520.00951018954,7.519832710669612e-05
4520.829987501246,0.00021578202993641714
4521.650464812952,0.00022334281142841704
4522.470942124659,0.00015415550290133917
4523.291419436365,7.976650006941557e-05
4524.111896748072,0.00011461278846952621
4524.932374059777,0.0001195680863307016
4525.752851371483,7.816535165068929e-05
4526.57332868319,7.780046704403521e-05
4527.393805994896,0.00019327862923983812
4528.214283306602,4.8831954160671976e-05
4529.034760618309,0.00010986598087168226
4529.8552379300145,0.00010757514528491973
4530.675715241721,6.752448868727892e-05
4531.496192553427,9.023523427059677e-05
4532.316669865133,5.076223537239197e-05
4533.13714717684,0.00011844483155578826
4533.957624488546,0.00014575056250796414
4534.7781018002515,3.828848189360111e-05
4535.598579111958,9.376849162024362e-05
4536.419056423664,8.362228518580851e-05
4537.239533735371,0.000141681293841013
4538.060011047077,0.00010355028009198518
4538.880488358783,8.171561609967289e-05
4539.7009656704895,0.00012475094554772356
4540.521442982195,0.00014799556231921812
4541.341920293901,0.00013296848473349587
4542.162397605608,8.62384179480638e-05
4542.982874917314,9.285961723608551e-05
4543.803352229021,9.503113212223156e-05
4544.623829540727,0.00010979852530728624
4545.444306852432,0.00016100844863383996
4546.264784164139,2.8108485818995383e-05
4547.085261475845,0.00012342377032116927
4547.905738787551,7.028489348766941e-05
4548.726216099258,0.00012338855955665242
4549.546693410964,0.00013998004676858962
4550.36717072267,7.926653483212045e-05
4551.187648034376,7.139286923725381e-05
4552.008125346082,9.235746873874878e-05
4552.828602657789,9.371076622140656e-05
4553.649079969495,0.0001774594848938265
4554.469557281201,0.0002035761614946781
4555.290034592907,0.0001419305077364039
4556.110511904613,2.2864583470174973e-05
4556.93098921632,2.7981585995991618e-05
4557.751466528026,0.00011012503827796636
4558.571943839732,0.0001434243753545223
4559.392421151439,4.636335533715066e-05
4560.2128984631445,4.996584257332349e-05
4561.033375774851,6.284620361348797e-05
4561.853853086557,2.6970470933375322e-05
4562.674330398263,4.135226500616322e-05
4563.49480770997,2.7784067243282435e-05
4564.315285021676,5.629359839533387e-05
4565.1357623333815,6.381834976631208e-05
4565.956239645088,2.4668583322032365e-05
4566.776716956794,3.4722570056984985e-05
4567.597194268501,4.543440792903204e-05
4568.417671580207,0.00013183343595742544
4569.238148891913,0.00014924132434566644
4570.0586262036195,0.00010192194566784271
4570.879103515325,0.00013051429259660672
4571.699580827031,7.899410899086077e-05
4572.520058138738,6.341022086736693e-05
4573.340535450444,9.721619557404196e-05
4574.161012762151,8.382823652474374e-05
4574.981490073857,4.672248002729946e-05
4575.801967385562,0.00010220072641004963
4576.622444697269,0.0001662849715917608
4577.442922008975,0.0001735118689040524
4578.263399320681,0.0001291655370222179
4579.083876632388,8.631418723251794e-05
4579.904353944094,7.103556448939784e-05
4580.7248312558,4.244932389407703e-05
4581.545308567506,2.918718337144519e-05
4582.365785879212,0.0001550374147836236
4583.186263190919,0.00016187867695222104
4584.006740502625,0.0001657507653865267
4584.827217814331,0.00010590797367008502
4585.647695126037,7.896612969306864e-05
4586.468172437743,3.699872833290889e-05
4587.28864974945,4.100587533428976e-05
4588.109127061156,8.926865044827399e-05
4588.929604372862,6.377522442771181e-05
4589.750081684569,5.46451942270598e-05
4590.5705589962745,4.57053354736774e-05
4591.39103630798,0.0001021066644796288
4592.211513619687,0.0001744416556657258
4593.031990931393,9.770156821364767e-05
4593.8524682431,6.971618276478938e-05
4594.672945554806,8.639511187814865e-05
4595.4934228665115,0.00010640569929842759
4596.313900178218,0.00010078366821941512
4597.134377489924,3.462175646144422e-05
4597.95485480163,1.7997505340255204e-05
4598.775332113337,0.00012417430241969045
4599.595809425043,0.00010991243953779838
4600.4162867367495,5.4054056720999494e-05
4601.236764048455,7.019811152350162e-05
4602.057241360161,7.709404317789459e-05
4602.877718671868,8.333931898615216e-05
4603.698195983574,6.435227137607187e-05
4604.518673295281,0.00010624686152270441
4605.339150606987,8.576211015899099e-05
4606.159627918692,0.00010443875363054929
4606.980105230399,1.2171379167908177e-05
4607.800582542105,0.00012642510325872817
4608.621059853811,9.374755186076159e-05
4609.441537165518,0.0001132815642602988
4610.262014477224,0.00012118656338501862
4611.08249178893,0.00012710661083768811
4611.902969100636,0.00016563065168217453
4612.723446412342,7.42637121005527e-05
4613.543923724049,5.590029378547481e-05
4614.364401035755,2.828632783819371e-05
4615.184878347461,3.9799831761484784e-05
4616.005355659167,4.142209189172488e-05
4616.825832970873,9.054170205568843e-05
4617.64631028258,9.423913372412456e-05
4618.466787594286,2.507750237532909e-05
4619.287264905992,9.10090369970185e-05
4620.107742217699,9.561364164719108e-05
4620.9282195294045,6.062591321870656e-06
4621.74869684111,7.877758100644357e-05
4622.569174152817,0.0001549433578708338
4623.389651464523,0.00011500293972948628
4624.21012877623,5.303980117461944e-05
4625.030606087936,5.144159946305303e-05
4625.8510833996415,6.449765844697665e-05
4626.671560711348,0.00012387493749436334
4627.492038023054,5.5725124231285726e-05
4628.31251533476,9.423943812896933e-05
4629.132992646467,0.00015212321302961795
4629.953469958173,0.0001381917938996752
4630.7739472698795,0.00011364817631063854
4631.594424581585,0.00011271847383918432
4632.414901893291,0.00014258950426025528
4633.235379204998,0.00020649937153156988
4634.055856516704,0.00013435948241984324
4634.87633382841,2.0787823705634692e-05
4635.696811140117,0.00016652935715995559
4636.517288451822,0.0001824010014374079
4637.337765763529,0.00011480550301190337
4638.158243075235,0.00013681652466520684
4638.978720386941,0.00011062496406203686
4639.799197698648,5.562702103500325e-05
4640.619675010354,0.00013948085343092428
4641.4401523220595,8.526556067950637e-05
4642.260629633766,8.579851196986054e-05
4643.081106945472,0.00013217124329678673
4643.901584257179,0.000114801986146552
4644.722061568885,6.622833537444125e-05
4645.542538880591,5.875548866071819e-05
4646.363016192297,4.200401746625252e-05
4647.183493504003,8.987084435616857e-05
4648.00397081571,7.340192146535656e-05
4648.824448127416,0.00015612243789437527
4649.644925439122,0.00011116227925413856
4650.465402750829,0.0001048984965351013
4651.2858800625345,0.00011026184911493073
4652.10635737424,3.061255168361371e-05
4652.926834685947,4.216322820412187e-05
4653.747311997653,7.630170182457778e-05
4654.56778930936,7.885301265046966e-05
4655.388266621066,5.455311114876558e-05
4656.2087439327715,0.00015515384007195785
4657.029221244478,0.00016108728230768601
4657.849698556184,7.922283289201149e-05
4658.67017586789,5.590959233537121e-05
4659.490653179597,0.00010146000911027993
4660.311130491303,0.00019653485000462222
4661.1316078030095,0.0002647567538141855
4661.952085114715,0.00013339307690957773
4662.772562426421,6.813982738001057e-05
4663.593039738128,6.47109344531969e-05
4664.413517049834,5.962432487767589e-05
4665.23399436154,6.223752339673945e-05
4666.054471673247,5.71730409595613e-05
4666.874948984952,0.0001029039558199442
4667.695426296659,6.746194523777248e-05
4668.515903608365,5.188252948683295e-05
4669.336380920071,0.00010572788356199218
4670.156858231778,7.374172721073851e-05
4670.977335543484,8.95665585813779e-05
4671.7978128551895,0.00011134972340882756
4672.618290166896,0.00010073719910131795
4673.438767478602,0.0001674396402949236
4674.259244790309,0.0002169173057094294
4675.079722102015,0.0002169447263570629
4675.900199413721,0.00022813748164723075
4676.720676725427,0.00021800817902167666
4677.541154037133,0.00013604581809184573
4678.361631348839,8.582654733511239e-05
4679.182108660546,0.00011829586001269516
4680.002585972252,8.956789416115607e-05
4680.823063283959,2.9233638031500892e-05
4681.6435405956645,2.357714039621388e-05
4682.46401790737,0.0001015009418532626
4683.284495219077,0.00020247791227067714
4684.104972530783,0.00017888305327220367
4684.925449842489,0.00016698232780550497
4685.745927154196,0.00011866396710598287
4686.5664044659015,0.00015238085247262702
4687.386881777608,0.00015111149840351418
4688.207359089314,0.00013473852338951347
4689.02783640102,9.75427135624684e-05
4689.848313712727,0.0001361920259750965
4690.668791024433,0.00013220505470809844
4691.4892683361395,8.780152576161969e-05
4692.309745647845,7.876779641991469e-05
4693.130222959551,6.25911149011251e-05
4693.950700271258,2.5744005042284965e-05
4694.771177582964,2.4928466009758457e-05
4695.59165489467,7.203659896470823e-05
4696.412132206377,5.812267692899916e-05
4697.232609518082,1.7058742320775936e-05
4698.053086829789,9.039940757084907e-05
4698.873564141495,0.0001239528771589534
4699.694041453201,0.00022479586506275035
4700.514518764908,0.00020928807059186847
4701.334996076614,0.00016539649444385267
4702.1554733883195,7.361192099346324e-05
4702.975950700026,0.0002119703652246652
4703.796428011732,0.00013650865019072074
4704.616905323439,2.909725609660491e-05
4705.437382635145,5.093310829571905e-05
4706.257859946851,0.0001669770003540123
4707.078337258557,4.110835666159902e-05
4707.898814570263,7.263170477118194e-05
4708.719291881969,7.015869912610242e-05
4709.539769193676,8.786102180697332e-05
4710.360246505382,0.00019618573984672033
4711.180723817089,3.5660858341015107e-05
4712.0012011287945,8.83815912408095e-05
4712.8216784405,2.6083246744576107e-05
4713.642155752207,0.0001114342421459365
4714.462633063913,0.00013038538972699404
4715.283110375619,6.506506726651425e-05
4716.103587687326,6.896910311308973e-05
4716.9240649990315,5.07289886424582e-05
4717.744542310738,0.00010605234478895763
4718.565019622444,0.00010546920893412865
4719.38549693415,7.101024092453797e-05
4720.205974245857,7.03290684335871e-05
4721.026451557563,3.196484285837587e-05
4721.846928869269,0.00010928138266270862
4722.667406180975,6.856206714777735e-05
4723.487883492681,0.0001708902825411434
4724.308360804388,0.00024508563299751777
4725.128838116094,0.00020646255944927746
4725.9493154278,0.00012221791125080527
4726.769792739507,8.453185022705549e-05
4727.590270051212,0.00010761507413885228
4728.410747362918,0.0001423897059284201
4729.231224674625,9.629394034058426e-05
4730.051701986331,8.443528039065968e-05
4730.872179298038,0.00014301342924142525
4731.692656609744,0.00012370774207220238
4732.5131339214495,7.785592989491504e-05
4733.333611233156,2.3804182530176813e-05
4734.154088544862,6.003750598668136e-05
4734.974565856569,4.867166006345223e-05
4735.795043168275,3.187162872960496e-05
4736.615520479981,8.186556585746439e-05
4737.435997791687,9.733802987761358e-05
4738.256475103393,0.00015751038511022878
4739.076952415099,0.0001793498146490584
4739.897429726806,9.900337094750503e-05
4740.717907038512,0.0001434622556757327
4741.538384350219,0.0001349051235212154
4742.3588616619245,3.187883063760863e-05
4743.17933897363,7.729875720058257e-05
4743.999816285337,8.322394652718672e-05
4744.820293597043,0.00014769300413292692
4745.640770908749,0.00017217008267820467
4746.461248220456,0.00012098669355207026
4747.2817255321615,4.854148242823681e-05
4748.102202843868,5.763467120432868e-05
4748.922680155574,2.3091071731783348e-05
4749.74315746728,1.5914135342350144e-05
4750.563634778987,8.466264549230466e-05
4751.384112090693,2.773534437483194e-05
4752.204589402399,6.347698486687954e-05
4753.025066714105,0.00012028467008904064
4753.845544025811,0.00019132462528382362
4754.666021337518,0.00017753071143903452
4755.486498649224,0.00011602418183137718
4756.30697596093,5.521833227709973e-05
4757.127453272637,2.991558650437321e-05
4757.947930584342,2.501621756967138e-05
4758.768407896048,0.00015147087811380195
4759.588885207755,0.00023409285250696832
4760.409362519461,0.00020921845450589467
4761.229839831168,8.573760829289286e-05
4762.050317142874,3.355247657025413e-05
4762.8707944545795,0.00012116653378089214
4763.691271766286,8.173644896807954e-05
4764.511749077992,6.670338835950978e-05
4765.332226389698,4.7659027086365925e-05
4766.152703701405,2.3110086234176945e-05
4766.973181013111,5.719955389645312e-05
4767.793658324817,2.7734071158417753e-05
4768.614135636523,6.2864010653044e-05
4769.434612948229,2.1566484953004406e-05
4770.255090259936,3.611796004435173e-05
4771.075567571642,0.00012014169679214312
4771.896044883348,0.00016043012474800897
4772.7165221950545,0.00012460668653392192
4773.53699950676,0.00010075657730160524
4774.357476818467,5.922959250620156e-05
4775.177954130173,0.00013919679785436446
4775.998431441879,9.398069963010058e-05
4776.818908753586,4.8830616536104476e-05
4777.639386065292,5.647997391618452e-05
4778.459863376998,4.6468311588450547e-05
4779.280340688704,7.628147931225286e-05
4780.10081800041,1.1792796834280438e-05
4780.921295312117,0.00010187834492670255
4781.741772623823,0.00013848966578318677
4782.562249935529,9.478940450485382e-05
4783.382727247235,3.70557086611013e-05
4784.203204558941,5.2414620212639726e-05
4785.023681870648,3.670440189483282e-05
4785.844159182354,3.982181840324112e-05
4786.66463649406,0.00010931765394480043
4787.485113805767,8.105997539991348e-05
4788.305591117472,0.00012678646065811378
4789.126068429178,0.00015174873263058036
4789.946545740885,0.00012163276487525674
4790.767023052591,4.613959704141557e-05
4791.587500364298,6.64624972879414e-05
4792.407977676004,8.174779565205237e-05
4793.2284549877095,0.00010758305284176956
4794.048932299416,0.00017021032494953604
4794.869409611122,0.0001638203078472435
4795.689886922828,6.71727906238365e-05
4796.510364234535,5.915370642928568e-05
4797.330841546241,0.00010904453042488489
4798.151318857947,4.728950903280546e-05
4798.971796169653,1.4535730407366487e-05
4799.792273481359,1.800493421795012e-05
4800.612750793066,2.8574328789860858e-05
4801.433228104772,5.8578826254395666e-05
4802.253705416478,0.0001386048121697217
4803.0741827281845,0.0001853084802301087
4803.89466003989,0.00013980435939091345
4804.715137351597,0.00015192443148768733
4805.535614663303,0.00019816493045528695
4806.356091975009,0.00011788504087571385
4807.176569286716,3.850661976332783e-05
4807.997046598422,0.00017091978364006257
4808.817523910127,0.0001814745939627909
4809.638001221834,7.089174765878293e-05
4810.45847853354,6.122050588786563e-05
4811.278955845247,2.0307145691329593e-05
4812.099433156953,9.853082767615798e-05
4812.919910468659,0.0001787648180234593
4813.740387780365,0.0001401343222190387
4814.560865092071,4.380473691713669e-05
4815.381342403777,6.492550945634139e-05
4816.201819715484,0.00019073366284409567
4817.02229702719,0.00021318977396460965
4817.842774338897,9.335739139633585e-05
4818.663251650602,6.170164937011773e-05
4819.483728962308,4.2510503543420256e-05
4820.304206274015,2.147252092981461e-05
4821.124683585721,8.469028189113407e-05
4821.945160897428,0.00014584775784187186
4822.765638209134,0.0001328078074114745
4823.5861155208395,7.216470262433326e-05
4824.406592832546,9.858429287730356e-05
4825.227070144252,4.11357865912307e-05
4826.047547455958,5.761252614539948e-05
4826.868024767665,3.121899879238335e-05
4827.688502079371,0.00010585786742928235
4828.508979391077,0.000143377059992472
4829.329456702783,0.00015381679261766256
4830.149934014489,0.00015736913576742107
4830.970411326196,0.00012300215658506104
4831.790888637902,2.3483925885646885e-05
4832.611365949608,0.00010732568318436388
4833.4318432613145,0.00010920936486367438
4834.25232057302,8.736701955470655e-05
4835.072797884727,0.00011576416376826486
4835.893275196433,0.00016138687937597375
4836.713752508139,2.5358147455320388e-05
4837.534229819846,0.00012505350257798495
4838.354707131552,5.136967377210327e-05
4839.175184443257,9.250601855735042e-06
4839.995661754964,3.4187292330053776e-05
4840.81613906667,9.811312854802907e-05
4841.636616378377,0.00010233964716230744
4842.457093690083,9.57639708395712e-05
4843.277571001789,4.8517719907605666e-05
4844.098048313495,2.4284722607107245e-05
4844.918525625201,0.00013702441683107668
4845.739002936907,5.3255686955593976e-05
4846.559480248614,6.654004297759762e-05
4847.37995756032,1.6881921685711043e-05
4848.200434872027,0.00010122491247886759
4849.020912183732,0.00010233527886039768
4849.841389495438,0.00013373217719741013
4850.661866807145,0.00010440358327915788
4851.482344118851,9.683241542103661e-05
4852.302821430557,6.318891814615498e-05
4853.123298742264,4.462183155711592e-05
4853.9437760539695,0.00012295665993485947
4854.764253365676,0.00017325812547342286
4855.584730677382,0.00015829349643646572
4856.405207989088,0.0001633657572268916
4857.225685300795,6.286469369158971e-05
4858.046162612501,5.361290280120396e-05
4858.8666399242065,0.00010484579907046666
4859.687117235913,0.0001414715196133285
4860.507594547619,0.0001482775051367661
4861.328071859326,0.00019366308042685702
4862.148549171032,0.00014056419976851302
4862.969026482738,7.780129508855709e-05
4863.7895037944445,9.397989319838972e-05
4864.60998110615,4.5719565260888925e-05
4865.430458417857,2.8063526572733776e-05
4866.250935729563,6.196895260152003e-05
4867.071413041269,8.556986226785824e-05
4867.891890352976,9.012825085895298e-05
4868.712367664682,0.0001182235082220243
4869.532844976387,0.00013183739457669496
4870.353322288094,0.00017589690119500234
4871.1737995998,0.00014086058370612229
4871.994276911507,0.00011426203768955619
4872.814754223213,0.00018724800577046895
4873.635231534919,0.00022576317476634934
4874.455708846625,0.00014574048558116447
4875.276186158331,0.00011117046036314021
4876.096663470037,0.00019178521932018079
4876.917140781744,0.00014927232083800215
4877.73761809345,0.00011733497901536954
4878.558095405157,4.924001492581031e-05
4879.378572716862,5.4629513976744976e-05
4880.199050028568,7.587487797201456e-05
4881.019527340275,0.00011830421861799689
4881.840004651981,0.00010527860656431847
4882.660481963687,9.164074268308109e-05
4883.480959275394,0.00016129962827239424
4884.3014365870995,0.00010357267717883523
4885.121913898806,0.00014702340505686135
4885.942391210512,0.0001279687762958056
4886.762868522218,0.00011440966431650997
4887.583345833925,0.0001673691786072439
4888.403823145631,5.592702193261486e-05
4889.2243004573365,5.831645150017239e-05
4890.044777769043,4.195068801947144e-05
4890.865255080749,7.340494830065724e-05
4891.685732392456,0.00016889484557192986
4892.506209704162,0.00013636198661661742
4893.326687015868,9.04413724432189e-05
4894.1471643275745,7.553836273446462e-05
4894.96764163928,3.6486011928051194e-05
4895.788118950986,1.9910411547775982e-05
4896.608596262693,1.5881339640693587e-05
4897.429073574399,8.249697037348184e-05
4898.249550886106,7.693410364438587e-05
4899.070028197812,6.045006304735095e-05
4899.890505509517,0.00011193774609070836
4900.710982821224,9.216685924536195e-05
4901.53146013293,3.0555984414665237e-05
4902.351937444636,6.886969070884237e-05
4903.172414756343,0.00012122719581963972
4903.992892068049,0.00010467651078008786
4904.813369379755,5.389682363344096e-05
4905.633846691461,9.688192445424057e-05
4906.454324003167,0.00010261004482030198
4907.274801314874,5.6599770127823083e-05
4908.09527862658,8.066048558912089e-05
4908.915755938287,0.00018597441841982184
4909.736233249992,0.00015235175606880948
4910.556710561698,0.00019174046032601673
4911.377187873405,0.00018315665976316345
4912.197665185111,6.719991663690408e-05
4913.018142496817,0.000129200831859546
4913.838619808524,7.261310732104238e-05
4914.6590971202295,0.0001012378220937252
4915.479574431936,8.371551409145546e-05
4916.300051743642,0.00012594993954481492
4917.120529055348,0.00010040775210855298
4917.941006367055,6.538321466922899e-05
4918.761483678761,4.7169220297202235e-05
4919.5819609904665,0.00012376105260345562
4920.402438302173,7.009679607536669e-05
4921.222915613879,0.00011900133621457144
4922.043392925586,5.102265761067989e-05
4922.863870237292,0.00012454340457790155
4923.684347548998,0.00013984277588131576
4924.5048248607045,3.3429336306288815e-05
4925.32530217241,9.271002400487794e-05
4926.145779484116,4.295079649867137e-05
4926.966256795823,0.00013209150749289607
4927.786734107529,0.0001890490881634467
4928.607211419236,9.759998338860088e-05
4929.427688730942,5.658731199100377e-05
4930.248166042647,6.890756048180909e-05
4931.068643354354,2.4421673271066047e-05
4931.88912066606,6.426823101213767e-05
4932.709597977766,3.304910525098351e-05
4933.530075289473,2.383440463895912e-05
4934.350552601179,9.645313457167048e-05
4935.171029912885,0.00014163353125715259
4935.991507224591,5.0663580748015364e-05
4936.811984536297,5.1350696709124164e-05
4937.632461848004,6.024466032714335e-05
4938.45293915971,4.725142358980815e-05
4939.273416471416,2.3300992009014234e-05
4940.093893783122,6.953175274906796e-05
4940.914371094828,0.00010517992480353604
4941.734848406535,7.3607623199965e-05
4942.555325718241,9.224289544532104e-05
4943.375803029947,0.0001439416220645581
4944.196280341654,0.0001385783865268885
4945.0167576533595,0.00026179538157683485
4945.837234965065,0.00028265302627402956
4946.657712276772,0.00010221195908862323
4947.478189588478,2.2652681600100538e-05
4948.298666900185,3.706894521764307e-05
4949.119144211891,2.6949539773133358e-05
4949.9396215235965,3.496778381887283e-05
4950.760098835303,0.00013773766011567485
4951.580576147009,0.0001411263673516758
4952.401053458715,9.800604296088476e-05
4953.221530770422,6.079428613212541e-05
4954.042008082128,4.6467356660251084e-05
4954.8624853938345,8.255468352785374e-05
4955.68296270554,0.00015021810337044884
4956.503440017246,0.0001376319159866601
4957.323917328953,1.199491547263419e-05
4958.144394640659,4.936764449873483e-05
4958.964871952366,4.895576187681541e-05
4959.785349264072,4.8841897265524245e-05
4960.605826575777,0.00010104385184973307
4961.426303887484,0.00011354486292366137
4962.24678119919,7.999146945165443e-05
4963.067258510896,1.6786107197065933e-05
4963.887735822603,8.467391404999984e-05
4964.708213134309,8.49067528316806e-05
4965.528690446015,6.457259634633808e-05
4966.349167757721,0.00014368622434519717
4967.169645069427,0.0001318389649035409
4967.990122381134,4.917752015662584e-05
4968.81059969284,9.012306569338311e-05
4969.631077004546,0.000148760948326267
4970.451554316252,0.00016299008556880647
4971.272031627958,7.209874515957718e-05
4972.092508939665,8.113399257384927e-05
4972.912986251371,4.9117322512371136e-05
4973.733463563077,1.3499771859744785e-05
4974.553940874784,8.749345545799529e-05
4975.3744181864895,0.00012680990307524417
4976.194895498195,0.00013492025464632786
4977.015372809902,2.9965919119086973e-05
4977.835850121608,0.00014551949195334914
4978.656327433315,0.00013284514857722984
4979.476804745021,1.8010286811234873e-05
4980.2972820567265,0.0001121362102267248
4981.117759368433,0.00016567423880139146
4981.938236680139,0.0001410329313933445
4982.758713991845,0.0001271669158207578
4983.579191303552,0.0001599073210455634
4984.399668615258,3.335047965943927e-05
4985.2201459269645,0.0001594866376969425
4986.04062323867,0.00014902036807803296
4986.861100550376,0.00014860711140154875
4987.681577862083,5.670428632355317e-05
4988.502055173789,8.737565174433962e-05
4989.322532485495,4.985507032834916e-05
4990.143009797202,8.425789628303702e-05
4990.963487108907,1.3421989157125982e-05
4991.783964420614,5.064634245888955e-05
4992.60444173232,6.538843235407373e-05
4993.424919044026,5.1792847766596136e-05
4994.245396355733,0.00012422940894939256
4995.065873667439,4.086795886124733e-05
4995.8863509791445,0.00011036474322866247
4996.706828290851,5.026107500667016e-05
4997.527305602557,0.00010758146587005075
4998.347782914264,0.000139362115532662
4999.16826022597,8.843225585504011e-05
4999.988737537676,4.208966449447713e-05
5000.809214849382,8.487370192145259e-05
5001.629692161088,5.7685758228549975e-05
5002.450169472795,7.429338276990135e-05
5003.270646784501,0.00011853763364473206
5004.091124096207,0.0001171518157051097
5004.911601407914,0.00010924136214046146
5005.7320787196195,0.00019018697891832228
5006.552556031325,0.00015420036109887675
5007.373033343032,0.00012036800598867242
5008.193510654738,7.934835916550052e-05
5009.013987966445,0.00011376978351465073
5009.834465278151,0.00014528162992041401
5010.654942589857,9.123839178195727e-05
5011.475419901563,0.00010684136471839747
5012.295897213269,0.00011218431164061183
5013.116374524975,2.2969509060769707e-05
5013.936851836682,8.346728155651605e-05
5014.757329148388,9.22436575210334e-05
5015.5778064600945,0.000138641452841077
5016.3982837718,0.0001090300756357102
5017.218761083506,2.4791454357177936e-05
5018.039238395213,0.0001096973177506211
5018.859715706919,0.00017097846566436315
5019.680193018625,0.00017791275272569163
5020.500670330332,0.00015898767069543813
5021.321147642037,0.00019182514251544144
5022.141624953744,0.0002071409008926774
5022.96210226545,6.192771517146308e-05
5023.782579577156,9.93536451845514e-05
5024.603056888863,1.3217931280254914e-05
5025.423534200569,8.965681493739027e-05
5026.2440115122745,5.787466692204785e-05
5027.064488823981,6.988782091976906e-05
5027.884966135687,0.00017609756646386977
5028.705443447394,0.00029346948007182277
5029.5259207591,0.0002665715693552745
5030.346398070806,5.5108142380120946e-05
5031.166875382512,0.00014662147986458694
5031.987352694218,0.00011196447214247048
5032.807830005924,7.784755287592728e-06
5033.628307317631,8.752410881520114e-05
5034.448784629337,0.00018998726973338913
5035.269261941044,0.00016040987187884107
5036.0897392527495,2.8275947695592913e-05
5036.910216564455,0.00010562076443485118
5037.730693876162,0.00010775084013629647
5038.551171187868,0.00011997670781004445
5039.371648499574,4.139412954344169e-05
5040.192125811281,1.9364496588091773e-05
5041.012603122987,6.972810137390941e-05
5041.833080434693,6.44453887147125e-05
5042.653557746399,6.173396995245679e-05
5043.474035058105,0.00010069108316884479
5044.294512369812,7.500355703896328e-05
5045.114989681518,0.00010384936765835392
5045.9354669932245,0.00012010978003262309
5046.75594430493,0.00015792850273269466
5047.576421616636,0.0001107515332678898
5048.396898928343,5.865163827024189e-05
5049.217376240049,0.0001011625946931289
5050.037853551755,0.00011797523597870672
5050.858330863462,4.7016451581364864e-05
5051.678808175167,7.711566271449138e-05
5052.499285486874,2.2736483354732562e-05
5053.31976279858,0.0001227266316223631
5054.140240110286,0.00018080367436287256
5054.960717421993,0.00017579013862163692
5055.781194733699,0.00017543647543052097
5056.6016720454045,0.0001436956390002316
5057.422149357111,6.308630517577976e-05
5058.242626668817,4.1710356385066056e-05
5059.063103980524,6.840204472631327e-05
5059.88358129223,9.127410625739295e-05
5060.704058603936,0.00012541210855961717
5061.524535915642,6.076810651661333e-05
5062.345013227348,0.00013414985457545298
5063.165490539054,9.15550398493324e-05
5063.985967850761,1.5589415794149568e-05
5064.806445162467,0.000155260299850482
5065.626922474174,0.0002329390388718509
5066.4473997858795,0.00019704985899492543
5067.267877097585,8.30940959367922e-05
5068.088354409292,0.0001163361772654547
5068.908831720998,0.0001480050982929677
5069.729309032704,0.00015044148044886593
5070.549786344411,0.00012293675993336475
5071.370263656117,0.00013826043050511113
5072.190740967823,0.00014065109667251124
5073.011218279529,6.326716486513656e-05
5073.831695591235,4.845505997667947e-05
5074.652172902942,7.093371292282575e-05
5075.472650214648,2.3488863026881363e-05
5076.293127526354,1.5860392149755364e-05
5077.11360483806,5.700037022204035e-05
5077.934082149766,6.904801595263352e-05
5078.754559461473,5.943535166945786e-05
5079.575036773179,7.864319698650362e-05
5080.395514084885,4.585868714047718e-05
5081.215991396592,0.0001080966554424305
5082.036468708297,0.00018343631346420025
5082.856946020003,0.00018043088247517896
5083.67742333171,0.00013680295294729887
5084.497900643416,0.00010766719488654974
5085.318377955123,4.957913198310674e-05
5086.138855266829,8.239502293136036e-05
5086.9593325785345,6.193822691701441e-05
5087.779809890241,3.863145292288525e-05
5088.600287201947,7.875867222891618e-05
5089.420764513654,9.085535258518327e-05
5090.24124182536,4.115551958478937e-05
5091.061719137066,5.5025826914288856e-05
5091.882196448772,8.289005575104534e-05
5092.702673760478,0.00013320818205973301
5093.523151072184,0.00017614307485468015
5094.343628383891,6.696389293427131e-05
5095.164105695597,7.202872572369472e-05
5095.984583007304,0.00010462538557430531
5096.8050603190095,0.0001248045048791434
5097.625537630715,0.0001556963547239129
5098.446014942422,0.00010132719752795877
5099.266492254128,7.800149021237518e-05
5100.086969565834,8.216155163026642e-05
5100.907446877541,8.656245564031605e-05
5101.727924189247,0.0001171584011765022
5102.548401500953,0.00010780053607063572
5103.368878812659,8.998670348677566e-05
5104.189356124365,7.004082351432576e-05
5105.009833436072,3.21611080756802e-05
5105.830310747778,7.97232803652401e-05
5106.650788059484,5.119113133889447e-05
5107.47126537119,5.7510561480895425e-05
5108.291742682896,2.8235048388307026e-05
5109.112219994603,8.935110345442614e-05
5109.932697306309,5.299352212747963e-05
5110.753174618015,3.885499518075171e-05
5111.573651929722,5.431523609807271e-05
5112.394129241427,9.799809871967301e-05
5113.214606553133,0.00018727617782269881
5114.03508386484,0.0001042350477475011
5114.855561176546,0.00017000377974042352
5115.676038488253,0.0001652352305378883
5116.496515799959,0.00017199797547722006
5117.3169931116645,8.236339218557366e-05
5118.137470423371,1.255033918574085e-05
5118.957947735077,3.544733512868991e-05
5119.778425046783,3.9436717442080015e-05
5120.59890235849,7.997411544319705e-05
5121.419379670196,9.037206712064659e-05
5122.239856981902,7.77285416610496e-05
5123.060334293608,0.00016204604246874052
5123.880811605314,0.00012273448771948589
5124.701288917021,0.00011484048139616291
5125.521766228727,0.00015407678776889244
5126.342243540433,0.00012516410206366604
5127.1627208521395,7.322150609387889e-05
5127.983198163845,2.9466075591733318e-05
5128.803675475552,4.792155884167616e-05
5129.624152787258,8.175908803191078e-05
5130.444630098964,0.00014212588113770438
5131.265107410671,0.0001257855535225626
5132.085584722377,0.00016686770284837638
5132.906062034083,0.0002072062221354444
5133.726539345789,0.00015292458340120547
5134.547016657495,0.00014718281784323903
5135.367493969202,0.00011436564776347356
5136.187971280908,3.833536164630953e-05
5137.008448592614,3.247805534217834e-05
5137.82892590432,4.363448120465399e-05
5138.649403216026,6.481291027568621e-05
5139.469880527733,9.119755297451817e-05
5140.290357839439,0.00011783121871915187
5141.110835151145,0.00014328597924193878
5141.931312462852,0.00013594478497621338
5142.751789774557,5.491632000666586e-05
5143.572267086263,8.013648806867438e-05
5144.39274439797,0.0001048420281408109
5145.213221709676,0.00022891086818904808
5146.033699021383,0.00016619451689387586
5146.854176333089,8.394108787147434e-05
5147.6746536447945,0.00010115508041015518
5148.495130956501,0.00013636311361403313
5149.315608268207,0.00012032788803964777
5150.136085579913,8.636082938847388e-06
5150.95656289162,8.427725942879283e-05
5151.777040203326,7.445518793848038e-05
5152.597517515032,3.919200850339221e-05
5153.417994826738,0.0001079776519603408
5154.238472138444,0.00013475230674747334
5155.058949450151,0.00013570838522942823
5155.879426761857,0.00010066380970091959
5156.699904073563,0.00011512090824742074
5157.5203813852695,8.807737795633455e-05
5158.340858696975,5.097358233971794e-05
5159.161336008682,7.344005838873826e-05
5159.981813320388,6.025213306703562e-05
5160.802290632094,5.9683697356889456e-05
5161.622767943801,0.00012101392648095204
5162.443245255507,8.5964146079676e-05
5163.263722567212,2.474262371197935e-05
5164.084199878919,7.401859905429029e-05
5164.904677190625,2.2742002553634662e-05
5165.725154502332,0.00012235534016664574
5166.545631814038,9.316137176423078e-05
5167.366109125744,2.6674803045903652e-05
5168.18658643745,6.708819665527329e-05
5169.007063749156,0.00013896367225335108
5169.827541060862,0.0001692595780678092
5170.648018372569,8.621775159135086e-05
5171.468495684275,0.00011270919960512543
5172.288972995982,0.00013409531311390203
5173.109450307687,7.949247324546409e-05
5173.929927619393,0.00011969286817964698
5174.7504049311,0.00012245210549861185
5175.570882242806,0.0001087962360498134
5176.391359554513,8.91726892520612e-05
5177.211836866219,4.0898534180409494e-05
5178.0323141779245,0.0001339579324984647
5178.852791489631,0.00017362040954038135
5179.673268801337,0.0002101833914550428
5180.493746113043,0.00016641747012918754
5181.31422342475,0.00020977324477979237
5182.134700736456,0.00014271933770101036
5182.955178048162,3.414840207469948e-05
5183.775655359868,4.817351104362275e-05
5184.596132671574,0.0001003764779482377
5185.416609983281,0.00011457751175144867
5186.237087294987,0.00014949259193891725
5187.057564606693,0.00011174660626754265
5187.8780419183995,9.960646633845759e-05
5188.698519230105,6.857280112008168e-05
5189.518996541812,6.471384587967756e-05
5190.339473853518,9.089857178800011e-05
5191.159951165224,0.00010276139959569623
5191.980428476931,0.00019512424535219236
5192.800905788637,0.00014972855642279877
5193.621383100342,4.5104507794336474e-05
5194.441860412049,0.00011747291228234003
5195.262337723755,9.991729724182573e-05
5196.082815035462,0.00015751668347646218
5196.903292347168,0.00011329820473646895
5197.723769658874,6.534120284992785e-05
5198.54424697058,9.03381434922385e-05
5199.364724282286,2.8138607305157102e-05
5200.185201593992,0.00016313723459896473
5201.005678905699,0.00013784323687843927
5201.826156217405,1.9641945363456646e-05
5202.646633529112,7.802264569100184e-05
5203.467110840817,5.907937736657713e-05
5204.287588152523,6.730740205994795e-05
5205.10806546423,0.00010525257851838486
5205.928542775936,6.27983226960726e-05
5206.749020087642,0.00012254296793182503
5207.569497399349,3.7025227986989705e-05
5208.3899747110545,0.00010778027531005253
5209.210452022761,8.995930440194871e-05
5210.030929334467,7.093546837037287e-05
5210.851406646173,8.948904633666158e-05
5211.67188395788,4.138740762711345e-05
5212.492361269586,0.0001114408163462706
5213.3128385812915,0.00015082256122276715
5214.133315892998,0.00012632462355709493
5214.953793204704,0.0001221999329689596
5215.774270516411,4.17890396379103e-05
5216.594747828117,6.901131396581585e-05
5217.415225139823,8.754773446667164e-05
5218.2357024515295,0.00010504745373147322
5219.056179763235,0.00010989553006234362
5219.876657074942,6.597097372055107e-05
5220.697134386648,7.569141734996725e-05
5221.517611698354,9.64472476243575e-05
5222.338089010061,9.102010799003271e-05
5223.158566321767,4.437970994393307e-05
5223.979043633472,0.00021460469710434367
5224.799520945179,0.00013117396188328293
5225.619998256885,3.871719008836077e-05
5226.440475568592,0.0001082361294152843
5227.260952880298,0.00012135704845280662
5228.081430192004,0.0001453746938476232
5228.90190750371,0.00010917701367423399
5229.722384815416,3.489463929657253e-05
5230.542862127122,9.036315611271487e-05
5231.363339438829,3.5918145195372344e-05
5232.183816750535,4.6153975498048906e-05
5233.004294062242,2.550784986415669e-05
5233.824771373947,3.090158444380355e-05
5234.645248685653,6.204507446558057e-05
5235.46572599736,8.328290604060876e-05
5236.286203309066,6.589832911027572e-05
5237.106680620772,7.766665086664904e-05
5237.927157932479,8.358642586608659e-05
5238.7476352441845,6.17845589609464e-05
5239.568112555891,0.00016065901200404406
5240.388589867597,0.0001347462549984074
5241.209067179303,5.3662053559089966e-05
5242.02954449101,7.826000248431744e-05
5242.850021802716,0.00012704029641519477
5243.670499114422,6.924084362074815e-05
5244.490976426128,4.578192424747707e-05
5245.311453737834,4.918741635760503e-05
5246.131931049541,9.128444895063397e-05
5246.952408361247,6.811989259563616e-05
5247.772885672953,5.63251486797998e-05
5248.5933629846595,0.00013304128055417064
5249.413840296365,0.00022178556903233777
5250.234317608071,0.00014824098237489438
5251.054794919778,5.8233969723203764e-05
5251.875272231484,7.128521326518483e-05
5252.695749543191,0.00015409254854481644
5253.516226854897,0.00021020597862176022
5254.336704166602,7.395765355967766e-05
5255.157181478309,2.5783813134832257e-05
5255.977658790015,0.00011003854790251228
5256.798136101721,0.0001314766071380464
5257.618613413428,0.00012194369406679729
5258.439090725134,0.00015792000421362913
5259.25956803684,0.00015272183698579765
5260.080045348546,9.55752441609221e-05
5260.900522660252,8.062969503585479e-05
5261.720999971959,2.7483216503988986e-05
5262.541477283665,3.6723351285171254e-05
5263.361954595372,6.987306457190234e-05
5264.182431907077,9.104114415484014e-05
5265.002909218783,1.9984209976243695e-05
5265.82338653049,4.195984093597527e-05
5266.643863842196,3.0769422850692696e-05
5267.464341153902,6.605130138706573e-05
5268.284818465609,8.132049945095325e-05
5269.1052957773145,7.06704484590702e-05
5269.925773089021,8.714963858471376e-05
5270.746250400727,4.3246577272957476e-05
5271.566727712433,8.170755787124816e-05
5272.38720502414,0.00012562612276699396
5273.207682335846,0.00017147707115540162
5274.028159647552,0.00011852189284908496
5274.848636959258,0.00013826097688439862
5275.669114270964,0.00011810706211104249
5276.489591582671,0.00014234145653679677
5277.310068894377,0.0002077464726518965
5278.130546206083,0.00015674495868107455
5278.9510235177895,0.00015828590427628136
5279.771500829495,0.00015969589658376498
5280.591978141201,5.1741613866589896e-05
5281.412455452908,6.19110063265939e-05
5282.232932764614,0.0001278013141695865
5283.053410076321,0.00019173971905730015
5283.873887388027,0.00016569452543132616
5284.694364699732,0.00010768391678998614
5285.514842011439,1.453655974942872e-05
5286.335319323145,8.922019988394917e-05
5287.155796634851,0.00011571074279794695
5287.976273946558,0.0001352132875649034
5288.796751258264,0.0001294596941734619
5289.61722856997,0.00014682023994543993
5290.437705881676,0.00010239416430805332
5291.258183193382,0.00014146147008199092
5292.078660505089,0.0001806605401191131
5292.899137816795,0.00021295009532323149
5293.719615128501,9.653875376133407e-05
5294.540092440207,0.00011423951196262274
5295.360569751913,0.0001715731122745895
5296.18104706362,0.00018247942683507755
5297.001524375326,0.00011176944537857878
5297.822001687032,3.427774908303725e-05
5298.642478998739,3.6024241184077083e-05
5299.4629563104445,7.969184478962869e-05
5300.28343362215,0.00013267000452172616
5301.103910933857,8.278604442699118e-05
5301.924388245563,4.173859727657052e-05
5302.74486555727,7.344160606710891e-05
5303.565342868976,5.5838338529303605e-05
5304.385820180682,6.128616053402312e-05
5305.206297492388,7.171210697618447e-05
5306.026774804094,5.9225741991400806e-05
5306.847252115801,7.920165052627285e-05
5307.667729427507,9.208224067021243e-05
5308.488206739213,0.0001388482552358041
5309.3086840509195,0.00016259149631254208
5310.129161362625,0.00012299145507414227
5310.949638674331,5.055934730717986e-05
5311.770115986038,6.166452742287799e-05
5312.590593297744,0.00011813212161361803
5313.411070609451,0.00014041251277485396
5314.231547921157,7.283927703077916e-05
5315.052025232862,7.514498084346699e-05
5315.872502544569,0.00013177087079710008
5316.692979856275,0.00016781342600721093
5317.513457167981,4.0815908509227844e-05
5318.333934479688,2.4363410815158944e-05
5319.154411791394,7.327609541883327e-05
5319.9748891031,7.109875365511651e-05
5320.795366414806,7.099851351148685e-05
5321.615843726512,5.242407523694941e-05
5322.436321038219,5.2166443252177125e-05
5323.256798349925,1.1205114316864669e-05
5324.077275661631,3.3330004197532256e-05
5324.897752973337,0.0001508537941957942
5325.718230285043,0.00010775990344311231
5326.53870759675,0.00011962928153284538
5327.359184908456,0.00014462267871666638
5328.179662220162,0.00014413653078345425
5329.000139531869,4.4767325257524385e-05
5329.8206168435745,2.9228459534369747e-05
5330.64109415528,8.754526155925816e-05
5331.461571466987,0.00011526821555756183
5332.282048778693,8.67641059568952e-05
5333.1025260904,9.588646912638765e-05
5333.923003402106,6.820860379460025e-05
5334.743480713812,0.0001522330975944364
5335.563958025518,0.0001422687302030362
5336.384435337224,6.10808383388239e-05
5337.20491264893,3.484312476591771e-05
5338.025389960637,3.424864578019661e-05
5338.845867272343,4.446093918001078e-05
5339.6663445840495,6.551629529432542e-05
5340.486821895755,4.745770181332896e-05
5341.307299207461,1.417423342658287e-05
5342.127776519168,4.3816355702643645e-05
5342.948253830874,0.00011916676304736892
5343.76873114258,0.00010030911515776904
5344.589208454287,7.838533379163416e-05
5345.409685765992,0.00018372254608745476
5346.230163077699,0.00011345264318550872
5347.050640389405,4.890299299716344e-05
5347.871117701111,8.58240555354357e-05
5348.691595012818,0.00013505470054976776
5349.512072324524,0.00018725925181410364
5350.3325496362295,7.801164990827595e-05
5351.153026947936,9.616801528672886e-05
5351.973504259642,0.0001206551261998036
5352.793981571349,0.0001438393478039441
5353.614458883055,7.470055017791031e-05
5354.434936194761,5.8072767737325674e-05
5355.255413506467,6.187712119069525e-05
5356.075890818173,2.016553519442679e-05
5356.89636812988,3.113447393538343e-05
5357.716845441586,6.164638638916238e-05
5358.537322753292,0.00010448891009919325
5359.357800064999,2.125211851714885e-05
5360.1782773767045,4.6338305636214236e-05
5360.99875468841,0.00012574647839112794
5361.819232000117,0.00015909187460214194
5362.639709311823,0.0001442349459213697
5363.46018662353,7.652950600902546e-05
5364.280663935236,5.5572495487618216e-05
5365.101141246942,8.704184067106378e-05
5365.921618558648,7.514640396080714e-05
5366.742095870354,4.7937817021143305e-05
5367.56257318206,0.0001271858604918754
5368.383050493767,0.0001613696296654093
5369.203527805473,1.8413638576201078e-05
5370.0240051171795,6.681115472439596e-05
5370.844482428885,6.352052717636361e-05
5371.664959740591,7.474156881242168e-05
5372.485437052298,8.735091621414844e-05
5373.305914364004,8.977626926817838e-05
5374.12639167571,7.665551613396652e-05
5374.946868987417,7.70118061175771e-05
5375.767346299122,1.1403446850573586e-05
5376.587823610829,0.0001260953844167496
5377.408300922535,0.00012360329337140523
5378.228778234241,6.803162608636766e-05
5379.049255545948,0.00015194760351751045
5379.869732857654,4.0586437305036374e-05
5380.6902101693595,0.00010504211349476307
5381.510687481066,6.339096233735916e-05
5382.331164792772,0.00012335271357729954
5383.151642104479,0.0001703178800212203
5383.972119416185,0.00014946579275677528
5384.792596727891,0.00012746399158245115
5385.613074039597,5.474839437711159e-05
5386.433551351303,0.00011739783439874366
5387.254028663009,0.00027406777172061164
5388.074505974716,0.00022701557283223
5388.894983286422,0.0001288821143533566
5389.715460598129,0.00011272726280487468
5390.5359379098345,4.51234789043578e-05
5391.35641522154,0.00012780891933035707
5392.176892533247,0.00010340814391268483
5392.997369844953,6.081256958448678e-05
5393.817847156659,0.0001355873597323848
5394.638324468366,0.00010165665422532266
5395.458801780072,5.6434942581101836e-05
5396.279279091778,0.00011435663927991258
5397.099756403484,0.00010312770937842389
5397.92023371519,7.615356745741468e-05
5398.740711026897,0.00010259909684821609
5399.561188338603,0.00016129766446089272
5400.3816656503095,5.616211708873579e-05
5401.202142962015,6.647794776631025e-05
5402.022620273721,3.327001700528174e-05
5402.843097585428,1.9957816579602275e-05
5403.663574897134,8.681123427218396e-05
5404.48405220884,6.680806190557286e-05
5405.304529520547,7.501562482601867e-05
5406.125006832252,0.00012730159337246436
5406.945484143959,9.291998130999398e-05
5407.765961455665,3.1423935152949354e-05
5408.586438767371,0.00012932155906964077
5409.406916079078,0.0001418183236020042
5410.227393390784,0.00010162773626295803
5411.0478707024895,8.099674393805518e-05
5411.868348014196,4.167364523941815e-05
5412.688825325902,3.793496166598678e-05
5413.509302637609,3.0230851425899446e-05
5414.329779949315,5.595608648950361e-05
5415.150257261021,0.0001173577230998332
5415.970734572727,5.338413579751916e-05
5416.791211884433,0.00011179366728005434
5417.611689196139,0.000144413513010933
5418.432166507846,0.00020615604235478142
5419.252643819552,0.00018919598182050795
5420.073121131259,0.00010418800456040723
5420.8935984429645,0.00017973190920931477
5421.71407575467,0.0002635856705059206
5422.534553066377,0.00015064175100078545
5423.355030378083,6.711515474686996e-05
5424.175507689789,0.00015642795992258535
5424.995985001496,0.0001268362737857281
5425.816462313202,3.6348984537689844e-05
5426.636939624908,0.00012588740287334255
5427.457416936614,0.00016322069730135365
5428.27789424832,0.0001479058956619134
5429.098371560027,0.00012027189078591016
5429.918848871733,0.00012834389757566353
5430.739326183439,0.00016856435945345334
5431.559803495145,4.780979283319443e-05
5432.380280806851,0.000141870099099603
5433.200758118558,0.00019362239238768084
5434.021235430264,0.00019446171959152688
5434.84171274197,0.00015404296252575855
5435.662190053677,2.413250409104804e-05
5436.482667365382,0.00013102163502740739
5437.303144677088,0.0001464252365649401
5438.123621988795,0.00011818519841846564
5438.944099300501,5.492528390438723e-05
5439.764576612208,5.679655845561362e-05
5440.585053923914,1.3278298878203164e-05
5441.4055312356195,2.108006549621834e-05
5442.226008547326,3.746242517877598e-05
5443.046485859032,0.00016404795115123496
5443.866963170739,0.00023505209089516845
5444.687440482445,0.0001168338103001187
5445.507917794151,2.9766759274377765e-05
5446.328395105857,0.00013965761465799828
5447.148872417563,0.0002593193595571645
5447.969349729269,0.00019648431193999784
5448.789827040976,9.137209146968227e-05
5449.610304352682,0.00010436562753684395
5450.430781664389,0.00010357807470800362
5451.2512589760945,5.051804754022815e-05
5452.0717362878,7.101705333294989e-05
5452.892213599507,9.245337106356619e-05
5453.712690911213,0.000114108439092454
5454.533168222919,0.00014550814019155886
5455.353645534626,0.00018326870413485973
5456.174122846332,7.642945749624477e-05
5456.994600158038,6.002185958643595e-05
5457.815077469744,8.271083490849286e-05
5458.63555478145,0.0001721329218016111
5459.456032093157,0.0002457763372085126
5460.276509404863,0.00016240539903517647
5461.096986716569,3.6308240513722984e-05
5461.917464028275,0.00019619375486931362
5462.737941339981,0.00020469777709732084
5463.558418651688,0.00015093107510862452
5464.378895963394,0.00015527658346582682
5465.1993732751,0.00011174937848591386
5466.019850586807,0.00013340663726589202
5466.840327898512,7.486444834495466e-05
5467.660805210218,0.00011662422007079544
5468.481282521925,0.00021031291164354772
5469.301759833631,0.00010520933023822182
5470.122237145338,0.0001071478633000546
5470.942714457044,2.4004619753601733e-05
5471.7631917687495,5.888483844080925e-05
5472.583669080456,9.09464711968799e-05
5473.404146392162,0.00013213196634788508
5474.224623703868,3.562854276163156e-05
5475.045101015575,6.982788784722238e-05
5475.865578327281,8.774457589872058e-05
5476.686055638987,7.388425331858486e-05
5477.506532950693,0.00016773203636240798
5478.327010262399,0.00015015198478084254
5479.147487574106,5.3841877154225964e-05
5479.967964885812,5.075680569994611e-05
5480.788442197518,7.584850671808519e-05
5481.6089195092245,6.52379732174595e-05
5482.42939682093,5.527293499582367e-05
5483.249874132637,9.459236988167327e-05
5484.070351444343,0.00010179671141760787
5484.890828756049,4.054187697644737e-05
5485.711306067756,9.465835580525742e-05
5486.531783379462,0.00020280153190340819
5487.352260691168,0.00020331077593355748
5488.172738002874,0.00013192928942581988
5488.99321531458,7.936562194152452e-05
5489.813692626287,6.528159345516226e-05
5490.634169937993,5.5186609210998525e-05
5491.454647249699,7.151480798832976e-05
5492.275124561405,5.486906407019283e-06
5493.095601873111,0.00012501155444199526
5493.916079184818,8.37044400944166e-05
5494.736556496524,3.3574659047936397e-05
5495.55703380823,8.586967764166612e-05
5496.377511119937,0.00012650405249595522
5497.197988431642,9.618585343830477e-05
5498.018465743348,0.00014907028573681738
5498.838943055055,0.00012043503153826459
5499.659420366761,5.3131817320336326e-05
5500.479897678468,5.537596546485209e-05
5501.300374990174,8.661351208291842e-05
5502.1208523018795,8.559332596997508e-05
5502.941329613586,7.656085033237667e-05
5503.761806925292,6.19556690583989e-05
5504.582284236998,5.560775855961119e-05
5505.402761548705,5.801273745259789e-05
5506.223238860411,0.00010019511869808676
5507.0437161721175,5.602809945606947e-05
5507.864193483823,7.09756124761063e-05
5508.684670795529,0.00012062073037719447
5509.505148107236,0.00010387687493099089
5510.325625418942,0.00011280821225672464
5511.146102730648,9.228838690207191e-05
5511.9665800423545,0.00016243735428261556
5512.78705735406,0.00012003592615335195
5513.607534665767,3.506932372295377e-05
5514.428011977473,6.351879036102275e-05
5515.248489289179,2.5626705317234378e-05
5516.068966600886,2.6018325216732122e-05
5516.889443912592,3.5915749259424385e-05
5517.709921224297,0.000123964548690291
5518.530398536004,0.00013374046230574995
5519.35087584771,7.881721721812335e-05
5520.171353159417,9.378092703151848e-05
5520.991830471123,8.218261308132473e-05
5521.812307782829,0.00015845825131491733
5522.632785094535,0.0001780761161105903
5523.453262406241,9.087889796376567e-05
5524.273739717947,2.6561242595575564e-05
5525.094217029654,0.00010619447597347898
5525.91469434136,5.869222464499676e-05
5526.735171653067,0.00014701815365879858
5527.555648964772,0.0001515632130582484
5528.376126276478,6.252077778822025e-05
5529.196603588185,2.8822716781216158e-05
5530.017080899891,6.801652732162133e-05
5530.837558211598,3.8423305325398293e-05
5531.658035523304,1.3083030710381517e-05
5532.4785128350095,6.971595292601841e-05
5533.298990146716,0.00011905554930935127
5534.119467458422,7.809416712233001e-05
5534.939944770128,1.0443040726132683e-05
5535.760422081835,7.778553084489945e-05
5536.580899393541,0.0001571098534071157
5537.4013767052475,8.211050290197921e-05
5538.221854016953,0.00014058127897936316
5539.042331328659,0.00022646413599939575
5539.862808640366,0.00016693897369398597
5540.683285952072,3.535240265718289e-05
5541.503763263778,7.651325893406824e-05
5542.3242405754845,0.0001251666333103045
5543.14471788719,2.702813237779764e-05
5543.965195198897,9.035635575150749e-05
5544.785672510603,0.00017333537326201623
5545.606149822309,0.0002477044833930154
5546.426627134016,0.00019548749060997682
5547.247104445722,0.00016405625644393913
5548.067581757427,0.00014701044778769605
5548.888059069134,9.601810997147844e-05
5549.70853638084,7.153804292004295e-05
5550.529013692547,5.3793260132513774e-05
5551.349491004253,8.462279534728198e-05
5552.169968315959,9.54189036832559e-05
5552.990445627665,0.0001000094727780241
5553.810922939371,6.489721756148047e-05
5554.631400251077,5.184452886527544e-05
5555.451877562784,3.14379365762445e-05
5556.27235487449,7.403814069388659e-05
5557.092832186197,3.150098489255131e-05
5557.913309497902,7.984380754963494e-05
5558.733786809608,5.362494695230807e-05
5559.554264121315,4.264985538034305e-05
5560.374741433021,3.6936795147114635e-05
5561.195218744727,0.00013445756922801606
5562.015696056434,5.314535364371187e-05
5562.8361733681395,0.00014390809085495986
5563.656650679846,0.00018575603112650423
5564.477127991552,0.000148742558989701
5565.297605303258,0.00011651921903524784
5566.118082614965,2.0796589620583476e-05
5566.938559926671,0.0001532037182223142
5567.759037238377,0.00018959398798009913
5568.579514550083,0.00010113155401811809
5569.399991861789,6.288257620962766e-05
5570.220469173496,0.00013233084599795344
5571.040946485202,0.00011830799150550203
5571.861423796908,5.377736072037332e-05
5572.6819011086145,8.649073234560985e-05
5573.50237842032,7.911908293096414e-05
5574.322855732027,2.3909955396388163e-05
5575.143333043733,6.472082682382805e-05
5575.963810355439,0.0001494728986552471
5576.784287667146,6.894834477927309e-05
5577.604764978852,0.00011335940941945795
5578.425242290557,4.227271589694701e-05
5579.245719602264,0.00012222826379269369
5580.06619691397,0.00012717602638451708
5580.886674225677,3.764994755165846e-05
5581.707151537383,0.0001217593739823466
5582.527628849089,0.00015736680644164888
5583.348106160795,0.00016425335051585736
5584.168583472501,1.1963126205486002e-05
5584.989060784207,3.723172264797959e-05
5585.809538095914,3.634470063056596e-05
5586.63001540762,6.581833257040332e-05
5587.450492719327,0.00013760337635557282
5588.270970031032,0.00012235112103001227
5589.091447342738,8.926615679002635e-05
5589.911924654445,3.995467174196448e-05
5590.732401966151,0.00010931446986277724
5591.552879277857,0.00015943186988261134
5592.373356589564,0.00012185930086521604
5593.1938339012695,6.651575285953976e-05
5594.014311212976,3.144126877174014e-05
5594.834788524682,5.02338127128909e-05
5595.655265836388,4.978152029185831e-05
5596.475743148095,0.0001471173316048955
5597.296220459801,0.0001514686930827469
5598.116697771507,0.00010623034680493193
5598.937175083213,6.597997984334764e-05
5599.757652394919,4.418293687238888e-05
5600.578129706626,2.7444294753537333e-05
5601.398607018332,0.00012710233122396924
5602.219084330038,0.00020896649059128916
5603.0395616417445,6.544258239075167e-05
5603.86003895345,6.36099370748795e-05
5604.680516265156,8.098788181639084e-05
5605.500993576863,0.00017663007177514976
5606.321470888569,0.00024090962536245687
5607.141948200276,0.00022885271290584933
5607.962425511982,0.000244221393398746
5608.782902823687,0.00012981789547455126
5609.603380135394,0.00012154868091316176
5610.4238574471,1.6953871223037346e-05
5611.244334758806,8.975211144295693e-05
5612.064812070513,5.365457309901969e-05
5612.885289382219,0.00010645184081190665
5613.705766693925,0.00010425560028865658
5614.526244005631,9.168496552371293e-05
5615.346721317337,8.627189341736398e-05
5616.167198629044,0.000189310771648847
5616.98767594075,0.00015344874671798352
5617.808153252457,0.00010782343073155607
5618.628630564162,0.0001797416692118662
5619.449107875868,0.00020521313417619006
5620.269585187575,0.0001148828354665593
5621.090062499281,0.0001080162343506441
5621.910539810987,9.05169388985919e-05
5622.731017122694,8.303881108098649e-05
5623.5514944343995,0.00015082788943873834
5624.371971746106,0.0001661773747705488
5625.192449057812,4.238921372762953e-05
5626.012926369518,6.778109452454247e-05
5626.833403681225,7.566770943078005e-05
5627.653880992931,8.90524199312088e-05
5628.474358304637,0.00014848569873249104
5629.294835616343,0.00019830957593081487
5630.115312928049,0.00020415816012726504
5630.935790239756,0.00016007445619101168
5631.756267551462,8.744532972751772e-05
5632.576744863168,7.779082969003946e-05
5633.3972221748745,9.460611007459085e-05
5634.21769948658,3.853963042706495e-05
5635.038176798286,0.00012201614922562938
5635.858654109993,9.932119357714397e-05
5636.679131421699,6.016560733720031e-05
5637.499608733406,5.542740556158949e-05
5638.320086045112,0.00010869441171071451
5639.140563356817,0.00021636926983772066
5639.961040668524,0.00011232174059575255
5640.78151798023,0.00013141934424404708
5641.601995291936,0.00020081857141199993
5642.422472603643,8.187075566793357e-05
5643.242949915349,8.704033928772544e-05
5644.063427227055,0.00011231794951296649
5644.883904538761,0.0001710444826268202
5645.704381850467,0.0002115155834333517
5646.524859162174,3.591783253423916e-05
5647.34533647388,3.4622757378909055e-05
5648.165813785586,0.00010350550435537285
5648.986291097292,0.00014485068733869106
5649.806768408998,2.098956727510296e-05
5650.627245720705,0.00015678736608301137
5651.447723032411,8.389896684026552e-05
5652.268200344117,9.350668935834456e-05
5653.088677655824,0.00012468883414599392
5653.9091549675295,0.00015594310740641736
5654.729632279235,0.00011959769734376148
5655.550109590942,6.84291588274775e-05
5656.370586902648,0.00010722092180290677
5657.191064214355,6.958153911447723e-05
5658.011541526061,0.00013120907064807116
5658.832018837767,0.00011316394365290617
5659.652496149473,5.5475604878746e-05
5660.472973461179,2.550261765328691e-05
5661.293450772886,6.580704252017681e-05
5662.113928084592,8.918478279623258e-05
5662.934405396298,6.690151068900863e-05
5663.7548827080045,3.00673047651837e-05
5664.57536001971,2.9072455137733348e-05
5665.395837331416,8.079554822375882e-05
5666.216314643123,8.079658621240882e-05
5667.036791954829,9.118155127083777e-05
5667.857269266536,0.00011882836866126911
5668.677746578242,6.7806409661229e-05
5669.498223889947,5.546289917454921e-05
5670.318701201654,2.96808295070311e-05
5671.13917851336,0.00011541715953723037
5671.959655825066,8.403232083950687e-05
5672.780133136773,4.953131249665426e-05
5673.600610448479,8.582100087810263e-05
5674.421087760185,0.00010735784340259343
5675.241565071891,0.00015184700855172697
5676.062042383597,0.00013469936440609523
5676.882519695304,6.018418037795663e-05
5677.70299700701,0.00015346051560934394
5678.523474318716,0.00017049562533826186
5679.343951630422,7.360773064143894e-05
5680.164428942128,0.0001713049497610181
5680.984906253835,0.0001204606102953805
5681.805383565541,0.00011965257013593877
5682.625860877247,0.00010248852735965288
5683.446338188954,3.104187270038475e-05
5684.2668155006595,0.00012522059211681285
5685.087292812365,0.0001001599130581371
5685.907770124072,8.546854525271424e-05
5686.728247435778,0.0002081362944823607
5687.548724747485,0.00022549688044360154
5688.369202059191,0.0001681673587277556
5689.189679370897,0.0001437174463056299
5690.010156682603,0.0001052189877648002
5690.830633994309,7.524584364879228e-05
5691.651111306015,2.1207532487114256e-05
5692.471588617722,0.00010215456260148471
5693.292065929428,7.96550587474431e-05
5694.1125432411345,3.450743283129751e-05
5694.93302055284,6.21236683602414e-05
5695.753497864546,8.617582872581794e-05
5696.573975176253,4.2660629233721797e-05
5697.394452487959,3.999039637968739e-05
5698.214929799665,9.377642229965372e-05
5699.035407111372,8.477466636979687e-05
5699.855884423077,2.8201782942126526e-05
5700.676361734784,0.00010790511074299215
5701.49683904649,0.00016758105427549998
5702.317316358196,4.640939485135693e-05
5703.137793669903,0.00014298486897429394
5703.958270981609,0.00016152921579916385
5704.778748293315,0.00011666410618591873
5705.599225605021,0.00011218703563615226
5706.419702916727,4.3293827658098e-05
5707.240180228434,2.63947624619268e-05
5708.06065754014,6.456708172067928e-05
5708.881134851846,0.00013316232362208931
5709.701612163552,8.928832519097932e-05
5710.522089475258,8.785635569832184e-05
5711.342566786965,6.43095593292001e-05
5712.163044098671,7.334377130774888e-05
5712.983521410377,0.00011188238621624167
5713.803998722084,7.570301159837515e-05
5714.6244760337895,9.164068878470626e-05
5715.444953345495,9.469759194908215e-05
5716.265430657202,0.00010687000593407368
5717.085907968908,0.00014743159025133395
5717.906385280615,7.225181263037026e-05
5718.726862592321,3.0839871551578324e-05
5719.547339904027,5.068573796389346e-05
5720.367817215733,6.0261523646604605e-05
5721.188294527439,6.503651876727597e-05
5722.008771839145,5.062653937469486e-05
5722.829249150852,5.175277591232512e-06
5723.649726462558,0.00015250083423709102
5724.4702037742645,6.16860778676857e-05
5725.29068108597,3.5014891850560444e-05
5726.111158397676,7.574681163777099e-05
5726.931635709383,1.1241735469190013e-05
5727.752113021089,2.9163776537426485e-05
5728.572590332795,8.255875157486287e-05
5729.393067644502,0.0001535658102273969
5730.213544956207,0.00014611786137075792
5731.034022267914,9.576060704082503e-05
5731.85449957962,9.776724207465538e-05
5732.674976891326,0.00012887052261217335
5733.495454203033,0.00018900935470070714
5734.315931514739,0.0002782764151451457
5735.1364088264445,0.0002273463242668867
5735.956886138151,0.00014275443465246445
5736.777363449857,0.0001495259406596634
5737.597840761564,0.00016245185873557563
5738.41831807327,0.00016472695964489525
5739.238795384976,0.0001357754116889451
5740.0592726966825,4.305691972796224e-05
5740.879750008388,8.553038648707108e-05
5741.700227320094,8.834963007528111e-05
5742.520704631801,8.220432984446565e-05
5743.341181943507,9.702716144173528e-05
5744.161659255214,0.00012078168592826693
5744.9821365669195,0.00011373271181873128
5745.802613878625,0.00013228268026294496
5746.623091190332,0.00017126494815539433
5747.443568502038,9.090588014114162e-05
5748.264045813744,9.9937367590656e-06
5749.084523125451,8.040186684609148e-05
5749.905000437157,9.002922931235719e-05
5750.725477748863,0.00013167754370039023
5751.545955060569,5.165456709485091e-05
5752.366432372275,0.00010449196847617075
5753.186909683982,4.201235905742619e-05
5754.007386995688,0.00010387090527027932
5754.8278643073945,0.00012381242193867554
5755.6483416191,0.0001336908958923113
5756.468818930806,0.0001455587100096418
5757.289296242513,7.077295259864576e-05
5758.109773554219,5.111078116948921e-05
5758.930250865925,9.051316326548474e-05
5759.750728177632,7.427282318940867e-05
5760.571205489337,0.00010977747026973063
5761.391682801044,9.494571871944837e-05
5762.21216011275,9.148813089459718e-05
5763.032637424456,0.00019221152257774192
5763.853114736163,0.00010973296147374312
5764.673592047869,7.19107518440136e-05
5765.4940693595745,0.00010651280040667468
5766.314546671281,0.00014152803750122113
5767.135023982987,0.0001430051229465204
5767.955501294694,9.78988993861563e-05
5768.7759786064,5.7160438269813224e-05
5769.596455918106,0.00014725470140885462
5770.4169332298125,0.00010696942728635568
5771.237410541518,0.00010166534447412099
5772.057887853224,0.00010757939045111355
5772.878365164931,8.084285976985249e-05
5773.698842476637,0.00011130957075548368
5774.519319788344,0.00013244959518099718
5775.3397971000495,4.8535543028481565e-05
5776.160274411755,5.566890228355946e-05
5776.980751723462,4.496061290179567e-05
5777.801229035168,7.336970142023789e-05
5778.621706346874,0.0001377635286331056
5779.442183658581,0.0001352741176323751
5780.262660970287,9.661725658796871e-05
5781.083138281993,0.00011762362606119968
5781.903615593699,7.610797685594192e-05
5782.724092905405,9.22640306802257e-05
5783.544570217112,8.219787025709699e-05
5784.365047528818,4.0489130978354076e-05
5785.185524840524,6.439761600751034e-05
5786.00600215223,6.292541481173818e-05
5786.826479463936,0.0001404063614534935
5787.646956775643,0.0001492623070506237
5788.467434087349,9.572181651243633e-05
5789.287911399055,0.00013340229671288326
5790.108388710762,0.00015770342666818622
5790.928866022467,0.0001968979571733594
5791.749343334173,5.224682627860608e-05
5792.56982064588,2.5350338109119176e-05
5793.390297957586,0.00010043644524591738
5794.210775269293,0.00012014980826220512
5795.031252580999,7.062589276389922e-05
5795.8517298927045,8.163436764059452e-05
5796.672207204411,0.0001469472917365327
5797.492684516117,0.00010896787709249639
5798.313161827824,5.0407481044040966e-05
5799.13363913953,6.674491431186133e-05
5799.954116451236,7.726395790811456e-05
5800.7745937629425,5.223172079144511e-05
5801.595071074648,6.730076168276171e-05
5802.415548386354,8.004038629059214e-05
5803.236025698061,0.0001196990948434969
5804.056503009767,0.000137984077205601
5804.876980321474,0.00010561881512125323
5805.6974576331795,0.00014010157607769044
5806.517934944885,0.00010436501984359645
5807.338412256592,6.976485171676884e-05
5808.158889568298,0.00012004030310526175
5808.979366880004,0.00012939669271586893
5809.799844191711,0.00014100276717250395
5810.620321503417,0.00017292553405377857
5811.440798815123,0.00017889357361774747
5812.261276126829,9.486314033527617e-05
5813.081753438535,0.00012266841525539868
5813.902230750242,0.00015413623225684015
5814.722708061948,0.0001860806601631134
5815.543185373654,0.00012236369115123225
5816.36366268536,7.171659587200635e-05
5817.184139997066,0.00015001835953769343
5818.004617308773,0.00011844595699208625
5818.825094620479,9.624842765627024e-05
5819.645571932185,2.1254046347869204e-05
5820.466049243892,4.543213542417541e-05
5821.286526555597,6.547673347871175e-05
5822.107003867303,4.748349468624321e-05
5822.92748117901,5.518761729865529e-05
5823.747958490716,0.00011943477197720011
5824.568435802423,0.00013421504164874175
5825.388913114129,9.003099879114813e-05
5826.2093904258345,0.00012027949740045854
5827.029867737541,0.0001277988177329559
5827.850345049247,0.00013013413713749693
5828.670822360953,0.00011058079437587753
5829.49129967266,5.23249457353713e-05
5830.311776984366,5.394653231952321e-05
5831.1322542960725,8.307869259572287e-05
5831.952731607778,1.1062127580504858e-05
5832.773208919484,5.808582963402614e-05
5833.593686231191,3.458078908285111e-05
5834.414163542897,5.8937530828664006e-05
5835.234640854603,4.370817729006581e-05
5836.0551181663095,2.4925145818309243e-05
5836.875595478015,2.877546675575687e-05
5837.696072789722,9.245994714446154e-05
5838.516550101428,0.00019341873314572276
5839.337027413134,0.00015731120785292843
5840.157504724841,4.0726801629613685e-05
5840.977982036547,0.00011902338953541864
5841.798459348253,0.00014042656386862145
5842.618936659959,0.0001179685317820803
5843.439413971665,0.00014835459056583615
5844.259891283372,9.923061117669635e-05
5845.080368595078,5.3411510228585125e-05
5845.900845906784,4.5205193601081826e-05
5846.72132321849,6.191664141779227e-05
5847.541800530196,5.18463920826942e-05
5848.362277841903,0.00016674993227984986
5849.182755153609,0.00016818310441726924
5850.003232465315,9.579000312247212e-05
5850.823709777022,6.071665249373665e-05
5851.644187088727,0.00012058701436513433
5852.464664400433,8.212807664574906e-05
5853.28514171214,0.00013848130167750682
5854.105619023846,0.00015269537237127352
5854.926096335553,0.00012360396427168855
5855.746573647259,8.070060918935908e-05
5856.5670509589645,0.00012142552222754902
5857.387528270671,0.00018290602703962942
5858.208005582377,9.822787691970605e-05
5859.028482894083,8.85262078085544e-05
5859.84896020579,0.00012022556607959814
5860.669437517496,7.456128400714948e-05
5861.4899148292025,9.247547096390202e-05
5862.310392140908,5.969492645458162e-05
5863.130869452614,7.370591340569879e-05
5863.951346764321,8.098762317529494e-05
5864.771824076027,5.4512533142550225e-05
5865.592301387733,9.694932323604456e-05
5866.4127786994395,0.00014071673345780015
5867.233256011145,0.0001333064829931165
5868.053733322852,5.494756679221208e-05
5868.874210634558,9.678558027604902e-05
5869.694687946264,8.652459377683312e-05
5870.515165257971,0.0001518960697941157
5871.335642569677,0.00011352485857929123
5872.156119881382,3.200771133495601e-05
5872.976597193089,9.740889429742374e-05
5873.797074504795,6.188951114085721e-05
5874.617551816502,8.374492910979747e-05
5875.438029128208,4.637333652417456e-05
5876.258506439914,9.660004804063716e-05
5877.07898375162,0.00020672258366884143
5877.899461063326,0.00018411464850707872
5878.719938375032,8.766256750988783e-05
5879.540415686739,7.308802411854421e-05
5880.360892998445,0.0001724530389618758
5881.181370310152,0.00011811979696594945
5882.001847621857,8.206989293354646e-05
5882.822324933563,5.137331302384581e-05
5883.64280224527,9.20097296490056e-05
5884.463279556976,0.00011968136696863045
5885.283756868683,3.6140090894608954e-05
5886.104234180389,7.878054951381378e-05
5886.9247114920945,9.719849473341865e-05
5887.745188803801,0.00018042888698110754
5888.565666115507,0.0001146036812913409
5889.386143427213,5.858732132598716e-05
5890.20662073892,1.1793764173734396e-05
5891.027098050626,3.741446592964697e-05
5891.8475753623325,6.608944921248738e-05
5892.668052674038,7.548159355561685e-05
5893.488529985744,6.164271853443244e-05
5894.309007297451,8.219949576815784e-05
5895.129484609157,0.00019758422222643666
5895.949961920863,0.00014356864631548538
5896.7704392325695,0.0001423882173582389
5897.590916544275,0.00013294409709455906
5898.411393855982,0.00010330159166112224
5899.231871167688,9.194249781948103e-05
5900.052348479394,0.00020726286707037424
5900.872825791101,0.000152724932195881
5901.693303102807,6.090808779931384e-05
5902.513780414512,9.11196946023789e-05
5903.334257726219,0.00014989896216622718
5904.154735037925,5.572920995294985e-05
5904.975212349632,0.00013853734568401884
5905.795689661338,0.0002052673338620896
5906.616166973044,0.00015039983641668345
5907.43664428475,2.3210903460291917e-05
5908.257121596456,7.165360947132227e-05
5909.077598908162,0.00010342811472970341
5909.898076219869,0.0001491197116274789
5910.718553531575,9.305650584038112e-05
5911.539030843282,4.418523642610476e-05
5912.359508154987,0.00013246369649782112
5913.179985466693,0.00011560683686550009
5914.0004627784,8.925938128691755e-05
5914.820940090106,0.00012305116372080037
5915.641417401812,3.674590555244881e-05
5916.461894713519,5.2448822217187784e-05
5917.2823720252245,0.000155520765672465
5918.102849336931,0.00013683829770424385
5918.923326648637,0.00011445289370381288
5919.743803960343,0.0001353358931603655
5920.56428127205,0.0001398079424926127
5921.384758583756,0.00011892257581471417
5922.205235895462,8.05385418721967e-05
5923.025713207168,0.0001682142334404581
5923.846190518874,0.0002370570499084248
5924.666667830581,0.00017229048435694712
5925.487145142287,0.00010036721011426912
5926.307622453993,6.49745728739577e-05
5927.1280997656995,0.0001047115551830069
5927.948577077405,9.471117379043457e-05
5928.769054389112,5.088207004678164e-05
5929.589531700818,0.0001005860037982481
5930.410009012524,5.059219980513386e-05
5931.230486324231,2.9349347665768082e-05
5932.050963635937,5.611082075320607e-05
5932.871440947642,0.00014224954913279674
5933.691918259349,5.4616969777115545e-05
5934.512395571055,0.00023334098554889037
5935.332872882762,0.00015497100653376404
5936.153350194468,4.145220380013815e-05
5936.973827506174,4.111031527912561e-05
5937.79430481788,7.927684725338476e-05
5938.614782129586,9.304900444943047e-05
5939.435259441292,7.806406710280358e-05
5940.255736752999,8.731209380220593e-05
5941.076214064705,3.7182243637891285e-05
5941.896691376412,5.498158777273459e-05
5942.717168688117,0.00010123329251728309
5943.537645999823,5.9914658044144676e-05
5944.35812331153,5.3539261280989496e-05
5945.178600623236,3.40314140369089e-05
5945.999077934942,0.0001036533103793364
5946.819555246649,0.00020863049047786035
5947.6400325583545,0.0001926254719474673
5948.460509870061,5.1681013011940757e-05
5949.280987181767,3.3970178806682604e-05
5950.101464493473,6.729449793125517e-05
5950.92194180518,0.00013054941018291206
5951.742419116886,0.00024157932349180402
5952.562896428592,0.0001660260069709145
5953.383373740298,5.499227405437613e-05
5954.203851052004,0.0001275548158459655
5955.024328363711,0.00014840192546096488
5955.844805675417,8.751192829199795e-05
5956.665282987123,5.003813610358639e-05
5957.4857602988295,3.447247552264412e-05
5958.306237610535,7.929535357235875e-05
5959.126714922241,8.028314304658248e-05
5959.947192233948,0.00011110563672289385
5960.767669545654,5.430460362080531e-05
5961.588146857361,7.472500696668885e-05
5962.408624169067,0.00014448121866328866
5963.229101480772,0.00019580300264012925
5964.049578792479,0.00015404055089709515
5964.870056104185,7.75373978888974e-05
5965.690533415891,5.310041364443192e-05
5966.511010727598,8.457881241349598e-05
5967.331488039304,0.0001056811497472338
5968.15196535101,0.0001354968043690115
5968.972442662716,0.00010443625039874123
5969.792919974422,5.958144702465462e-05
5970.613397286129,0.00010035031689494106
5971.433874597835,0.00011314376582537146
5972.254351909542,3.068720787893796e-05
5973.0748292212475,5.734363963681488e-05
5973.895306532953,0.00010773323077476791
5974.71578384466,6.537456151960001e-05
5975.536261156366,6.508443638302631e-05
5976.356738468072,0.00014801194318173178
5977.177215779779,0.00019964509243871085
5977.9976930914845,0.00015458595317704714
5978.818170403191,0.00012646545066528878
5979.638647714897,7.652263755004556e-05
5980.459125026603,0.00011587020151443719
5981.27960233831,0.00011377518875336893
5982.100079650016,0.0001542633388677552
5982.920556961722,5.6452344079004405e-05
5983.741034273428,3.1931692303398416e-05
5984.561511585134,0.00010914854105729133
5985.381988896841,0.00011034745901497332
5986.202466208547,3.631521530946761e-05
5987.022943520253,7.818614551778611e-05
5987.8434208319595,3.9365893939131086e-05
5988.663898143665,0.00012791183494132504
5989.484375455371,9.172034859361823e-05
5990.304852767078,0.00010653506814153055
5991.125330078784,5.6412142189197334e-05
5991.945807390491,0.00010612670854931303
5992.766284702197,6.84669539861608e-05
5993.586762013902,9.625657507310075e-05
5994.407239325609,0.00011268502763086977
5995.227716637315,3.372359675052598e-05
5996.048193949021,3.7961218045448347e-05
5996.868671260728,2.327870084262669e-05
5997.689148572434,0.00017252267213830534
5998.50962588414,0.0001607855937517275
5999.330103195846,4.5304031840335177e-05
6000.150580507552,7.471928762786205e-05
6000.971057819259,6.2829475998956e-05
6001.791535130965,2.549644358990142e-05
6002.612012442671,9.883818366909926e-05
6003.4324897543775,0.00011020750961045913
6004.252967066083,3.5270153109789075e-05
6005.07344437779,0.00013892689345079565
6005.893921689496,0.00010022069985455685
6006.714399001202,2.5431216481127797e-05
6007.534876312909,6.157936894710234e-05
6008.3553536246145,0.00012079315417019784
6009.17583093632,0.0001253127336064963
6009.996308248027,0.00011408026882958265
6010.816785559733,8.273077608754716e-05
6011.63726287144,9.669003640304769e-05
6012.457740183146,5.252400095825378e-05
6013.278217494852,9.312560173399445e-05
6014.098694806558,6.208139395591126e-05
6014.919172118264,0.00012664549865078756
6015.739649429971,0.000150419249396296
6016.560126741677,0.00012373895765343122
6017.380604053383,9.537707204759953e-05
6018.2010813650895,7.489092824732813e-05
6019.021558676795,8.367761805288191e-05
6019.842035988501,7.051213436436491e-05
6020.662513300208,7.168260954501164e-05
6021.482990611914,0.00018590628483481942
6022.303467923621,0.00013505354769436439
6023.123945235327,7.446478710350578e-05
6023.944422547032,7.791528704078918e-05
6024.764899858739,0.00012469347168013353
6025.585377170445,9.071458025070211e-05
6026.405854482151,7.962818564521614e-05
6027.226331793858,0.00011971276033586178
6028.046809105564,0.0001073068524552326
6028.86728641727,1.0091018998409065e-05
6029.687763728976,3.449668088474309e-05
6030.508241040682,8.496014322768073e-05
6031.328718352389,0.00012376944423601513
6032.149195664095,0.00015018359388576237
6032.969672975801,7.025510350203436e-05
6033.7901502875075,3.235000881542521e-05
6034.610627599213,1.989489606800295e-05
6035.43110491092,5.6052274649298094e-05
6036.251582222626,0.00011659618012786859
6037.072059534332,0.0001811072632153395
6037.892536846039,0.00018725605412693
6038.7130141577445,0.00025066713932203177
6039.53349146945,0.00026388006435759816
6040.353968781157,8.194405203609314e-05
6041.174446092863,4.410315586915116e-05
6041.99492340457,5.7350630862038456e-05
6042.815400716276,6.712531566514167e-05
6043.635878027982,4.9278448959162075e-05
6044.456355339688,8.608779398259825e-05
6045.276832651394,0.0001342740433709931
6046.0973099631,0.00011243992821307426
6046.917787274807,5.468311063345593e-05
6047.738264586513,0.00012022711524373385
6048.5587418982195,7.722245720398008e-05
6049.379219209925,3.797041614088012e-05
6050.199696521631,4.435877887841979e-05
6051.020173833338,6.919326421174401e-05
6051.840651145044,3.9197976106926337e-05
6052.66112845675,7.015912638015092e-05
6053.481605768457,0.00012107719779617663
6054.302083080162,0.00021891643005534213
6055.122560391869,0.00014330169951370532
6055.943037703575,2.994879425903132e-05
6056.763515015281,2.5449425086844166e-05
6057.583992326988,6.988187545213856e-05
6058.404469638694,2.054850966067779e-05
6059.2249469504,5.859746462409807e-05
6060.045424262106,5.159676756099795e-05
6060.865901573812,9.459405138876622e-05
6061.686378885519,0.00011909851798607778
6062.506856197225,0.00011477280567942268
6063.327333508931,7.504205392186359e-05
6064.1478108206375,4.164657198575229e-05
6064.968288132343,5.432214017020493e-05
6065.78876544405,0.0001419976441931238
6066.609242755756,0.00021869121250625833
6067.429720067462,0.00016408141249235234
6068.250197379169,9.178066440518333e-05
6069.0706746908745,6.441735831262813e-05
6069.89115200258,9.899042381833995e-05
6070.711629314287,0.00013647579856553555
6071.532106625993,0.0002176501479825169
6072.3525839377,0.0002206013820330883
6073.173061249406,5.6836905353432905e-05
6073.993538561112,9.263284068757852e-05
6074.814015872818,0.00011304300647755991
6075.634493184524,7.77412168869477e-05
6076.45497049623,1.908240670545866e-05
6077.275447807937,7.719954149975133e-05
6078.095925119643,6.632942665614502e-05
6078.9164024313495,7.5158234878862e-05
6079.736879743055,0.00010515554370327464
6080.557357054761,0.00016543766137058747
6081.377834366468,0.00021303644471872078
6082.198311678174,0.00013047033097236477
6083.01878898988,0.00017092257995152558
6083.839266301587,0.00011614466222141707
6084.659743613292,9.99836715290116e-05
6085.480220924999,0.0001051781597584697
6086.300698236705,9.691360907464281e-05
6087.121175548411,0.00015581213274808606
6087.941652860118,0.0001206789824489629
6088.762130171824,0.00014318749622098143
6089.5826074835295,0.0001691802106566536
6090.403084795236,0.0001219959473813803
6091.223562106942,9.267453683135332e-05
6092.044039418649,0.00017466087030898591
6092.864516730355,8.83780518560907e-05
6093.684994042061,0.00019131935061429228
6094.5054713537675,0.00029963513143313974
6095.325948665473,0.00013356334017832538
6096.146425977179,3.745764980460647e-05
6096.966903288886,8.257205017819827e-05
6097.787380600592,0.0001330650621181291
6098.607857912299,0.00014431667330779598
6099.4283352240045,4.701665193022985e-05
6100.24881253571,3.6613416743307815e-05
6101.069289847417,6.20005090047829e-05
6101.889767159123,0.00015775909460633873
6102.71024447083,0.00012258155160169878
6103.530721782536,4.513497076157628e-05
6104.351199094242,1.6268768070918154e-05
6105.171676405948,6.930628209629224e-05
6105.992153717654,8.533422332736441e-05
6106.81263102936,4.66046663399974e-05
6107.633108341067,7.784262937512316e-05
6108.453585652773,9.711595607403736e-05
6109.2740629644795,8.540572552323131e-05
6110.094540276185,0.0002054893421970163
6110.915017587891,0.00023793021677020058
6111.735494899598,0.00012035455637338827
6112.555972211304,0.0001409775029685551
6113.37644952301,0.00017955237403077402
6114.196926834717,6.226843139012682e-05
6115.017404146422,8.158872907972307e-05
6115.837881458129,0.00012979332707377834
6116.658358769835,0.00010682529949191102
6117.478836081541,8.080257487160837e-05
6118.299313393248,0.00011548791655749317
6119.119790704954,7.544469874590374e-05
6119.9402680166595,1.2152724794964243e-05
6120.760745328366,4.40127808192695e-05
6121.581222640072,6.155886133268879e-05
6122.401699951779,3.008590289880401e-05
6123.222177263485,0.00011026877588481486
6124.042654575191,0.00010801808313603173
6124.8631318868975,8.359970039540629e-05
6125.683609198603,3.58916084919069e-05
6126.504086510309,2.5367720387531664e-05
6127.324563822016,9.353055412522899e-05
6128.145041133722,3.587465966300876e-05
6128.965518445429,0.00013987137666645092
6129.7859957571345,0.0001479481606097809
6130.60647306884,3.249861221683892e-06
6131.426950380547,0.0001181435018365796
6132.247427692253,0.00011495132478271914
6133.067905003959,4.210408667595978e-05
6133.888382315666,6.060131556855036e-05
6134.708859627372,6.837545155579587e-05
6135.529336939078,7.810133187537568e-05
6136.349814250784,0.00021416805716095475
6137.17029156249,0.000163324668566827
6137.990768874197,7.631598828775985e-05
6138.811246185903,3.4462245631169663e-05
6139.631723497609,8.609258880570183e-05
6140.452200809315,9.606408901039788e-05
6141.272678121021,9.092918419523611e-05
6142.093155432728,3.752155011440958e-05
6142.913632744434,0.00010345231176052886
6143.73411005614,0.0001132999107640608
6144.554587367847,0.0001318579711494489
6145.375064679552,6.292481805857754e-05
6146.195541991258,3.1778519877406566e-05
6147.016019302965,0.00011828129818236918
6147.836496614671,9.061800044684091e-05
6148.656973926378,6.49268586385473e-05
6149.477451238084,8.865952044943823e-05
6150.2979285497895,9.380119279572957e-05
6151.118405861496,1.8617847692325207e-05
6151.938883173202,6.741194855248434e-05
6152.759360484909,0.00013044369182029435
6153.579837796615,0.00013146454829574876
6154.400315108321,8.096512168898705e-05
6155.2207924200275,0.0001033815603345101
6156.041269731733,0.00018615852145733628
6156.861747043439,0.00022154410194629017
6157.682224355146,0.0001531484786567203
6158.502701666852,8.230380704847025e-05
6159.323178978559,7.572171217447578e-05
6160.1436562902645,0.00012045603106469553
6160.96413360197,0.00014056196288732704
6161.784610913677,0.00015656147634883347
6162.605088225383,6.970499358773723e-05
6163.425565537089,4.798107477451888e-05
6164.246042848796,0.00012908582685652723
6165.066520160502,0.00012369537701041196
6165.886997472208,9.595597984255442e-05
6166.707474783914,0.0002369272624474622
6167.52795209562,0.00027639680377864145
6168.348429407327,0.00010377165512502887
6169.168906719033,8.044466337980174e-05
6169.989384030739,6.177493077378846e-05
6170.809861342445,0.00012370611886991395
6171.630338654151,7.421195409453139e-05
6172.450815965858,4.5452417007785526e-05
6173.271293277564,0.00014170005644247897
6174.09177058927,0.00011382594953686078
6174.912247900977,8.193294231400222e-05
6175.732725212682,2.7233705848403694e-05
6176.553202524388,6.891121690980341e-05
6177.373679836095,0.00011492040425949356
6178.194157147801,0.000107176763032117
6179.014634459508,0.0001522942015335131
6179.835111771214,0.00014122430360216355
6180.6555890829195,9.826661447891837e-05
6181.476066394626,9.96112827947322e-05
6182.296543706332,6.96615528276906e-05
6183.117021018038,8.027141405347666e-05
6183.937498329745,7.564679783811903e-05
6184.757975641451,0.00010367012494176009
6185.5784529531575,7.32892564981896e-05
6186.398930264863,0.00015002793269217765
6187.219407576569,0.00015065675867337723
6188.039884888276,0.00013522883314097262
6188.860362199982,0.00010316623362146823
6189.680839511688,0.00011347067774789021
6190.5013168233945,9.619824513968236e-05
6191.3217941351,3.725388716107243e-05
6192.142271446807,0.00019488620937214328
6192.962748758513,0.00018192460188461423
6193.783226070219,0.00014992299699592208
6194.603703381926,0.00017003556941986824
6195.424180693632,9.842826062571734e-05
6196.244658005338,0.0001300077489530137
6197.065135317044,7.594188343288316e-05
6197.88561262875,6.957579423162316e-05
6198.706089940457,0.0001230940280103609
6199.526567252163,9.998660820956064e-05
6200.347044563869,8.448472389815512e-05
6201.167521875575,9.847402768622748e-05
6201.987999187281,4.971242690807638e-05
6202.808476498988,9.071432146234407e-05
6203.628953810694,0.0001671433435545229
6204.4494311224,0.00012646771615769064
6205.269908434107,4.410102095301964e-05
6206.0903857458125,0.00017626686330619477
6206.910863057518,0.00018581929119254912
6207.731340369225,0.00010284335955104853
6208.551817680931,8.198976872278096e-05
6209.372294992638,0.00012526735325261038
6210.192772304344,0.00017521497725997117
6211.0132496160495,0.00013736770226651607
6211.833726927756,6.725629903579132e-05
6212.654204239462,0.00016890880853889206
6213.474681551168,0.00011904156909582738
6214.295158862875,9.820175603700446e-05
6215.115636174581,9.724205887743726e-05
6215.9361134862875,7.784537307178565e-05
6216.756590797993,8.548871163359125e-05
6217.577068109699,0.00011541924783502544
6218.397545421406,0.00011118370704761625
6219.218022733112,5.080077229745674e-05
6220.038500044818,0.00011061711603548698
6220.8589773565245,0.00013428524678135156
6221.67945466823,6.685306191635047e-05
6222.499931979937,3.9784351116803144e-05
6223.320409291643,4.616529423863028e-05
6224.140886603349,6.412743939405238e-05
6224.961363915056,0.00017072650261018628
6225.781841226762,0.00013400196732787478
6226.602318538467,5.309355208711666e-06
6227.422795850174,0.00010139998557291181
6228.24327316188,0.00015085992332802148
6229.063750473587,4.3261069611247415e-05
6229.884227785293,6.497629669632312e-05
6230.704705096999,7.155521265183593e-05
6231.525182408705,0.00014423681160820345
6232.345659720411,0.00012337487237218823
6233.166137032117,4.409881992078311e-06
6233.986614343824,6.808278426430182e-05
6234.80709165553,7.18560489782892e-05
6235.627568967237,7.042794506419603e-05
6236.4480462789425,7.52307350499088e-05
6237.268523590648,0.00010537773165285429
6238.089000902355,0.00010633741146147665
6238.909478214061,7.16695013731267e-05
6239.729955525768,9.629527364263164e-05
6240.550432837474,7.732854135073665e-05
6241.3709101491795,7.261548051208831e-05
6242.191387460886,5.8415471672268485e-05
6243.011864772592,7.394080657056025e-05
6243.832342084298,0.00011041882338386506
6244.652819396005,0.00013234376870063005
6245.473296707711,7.384712383550893e-05
6246.2937740194175,0.00011420468445100963
6247.114251331123,7.115422710129623e-05
6247.934728642829,7.419926101095536e-05
6248.755205954536,0.00011950500144712317
6249.575683266242,0.00010658975523348453
6250.396160577948,8.225847792379059e-05
6251.2166378896545,0.00011234194275023695
6252.03711520136,0.00010217167264428532
6252.857592513067,9.502362573410243e-05
6253.678069824773,0.0001613725407891012
6254.498547136479,0.0001435504965886713
6255.319024448186,1.720478848258849e-05
6256.139501759892,6.48268091414605e-05
6256.959979071597,1.3293236352515421e-05
6257.780456383304,7.010473585768377e-05
6258.60093369501,3.780568607458228e-05
6259.421411006717,9.357731858793846e-05
6260.241888318423,0.00017115115504915396
6261.062365630129,0.00012450180526374575
6261.882842941835,7.176438764823431e-05
6262.703320253541,4.4190164163578804e-05
6263.523797565247,0.00017155502007745393
6264.344274876954,0.00016256755082859155
6265.16475218866,1.9842391816673152e-05
6265.985229500367,5.120720574888228e-05
6266.8057068120725,4.9308286926704966e-05
6267.626184123778,7.494889161092625e-05
6268.446661435485,0.00010664835879654621
6269.267138747191,8.53878003678515e-05
6270.087616058897,0.00023034301307885106
6270.908093370604,0.00025866194975764816
6271.7285706823095,0.00016780582389568926
6272.549047994016,2.806515765077843e-05
6273.369525305722,5.3841397044339066e-05
6274.190002617428,0.00010924562434373947
6275.010479929135,0.00016228148009432894
6275.830957240841,0.00012830089592987554
6276.651434552547,5.7407975202341895e-05
6277.471911864253,4.4043467482057776e-05
6278.292389175959,5.0111826166407085e-05
6279.112866487666,8.838270090453054e-05
6279.933343799372,4.24821157749489e-05
6280.753821111078,0.00012523450176759926
6281.5742984227845,0.00012057061285753793
6282.39477573449,2.866662501138312e-05
6283.215253046197,8.68536189952292e-05
6284.035730357903,0.0001989643188477841
6284.856207669609,0.0001679307340594866
6285.676684981316,0.0001247830394104766
6286.497162293022,6.205426849005487e-05
6287.317639604727,7.40697126082874e-05
6288.138116916434,8.017539675061462e-05
6288.95859422814,8.64887628705026e-05
6289.779071539847,0.00014625554001549126
6290.599548851553,0.00011656387784491188
6291.420026163259,8.304974598425202e-05
6292.240503474965,5.414508587544159e-05
6293.060980786671,2.364601760129682e-05
6293.881458098377,2.2397300973765065e-05
6294.701935410084,8.200892274826883e-05
6295.52241272179,8.470002978142965e-05
6296.342890033497,5.762260148253992e-05
6297.1633673452025,0.00015716824862115864
6297.983844656908,0.00024914284577228564
6298.804321968615,0.00015495576416462364
6299.624799280321,0.00011859393804381294
6300.445276592027,0.00013408537085709329
6301.265753903734,3.396382152864586e-05
6302.0862312154395,0.00017748606903018188
6302.906708527146,0.00025351866282391115
6303.727185838852,0.00017299627675353873
6304.547663150558,7.385080804712191e-05
6305.368140462265,9.000282510424634e-05
6306.188617773971,0.00016825136530509727
6307.009095085677,0.00024694994504732446
6307.829572397383,0.00012378524647153172
6308.650049709089,9.729037051911573e-05
6309.470527020796,0.00014420832655075445
6310.291004332502,0.00010751262957258802
6311.111481644208,4.3855881323479575e-05
6311.9319589559145,6.297457978141912e-05
6312.75243626762,9.263959211533089e-05
6313.572913579326,0.00010696007167717851
6314.393390891033,9.435013221446106e-05
6315.213868202739,9.529330466942606e-05
6316.034345514446,9.663855157738857e-05
6316.854822826152,0.00012077040694567691
6317.675300137857,4.316900880881651e-05
6318.495777449564,0.00012218327878093195
6319.31625476127,7.754179709690094e-05
6320.136732072976,5.159003172430176e-05
6320.957209384683,7.32294457241968e-05
6321.777686696389,0.00013327324312069623
6322.598164008095,0.00010319880296256166
6323.418641319801,0.00013448545563959346
6324.239118631507,0.0001657708513290541
6325.059595943214,9.223752778530617e-05
6325.88007325492,0.00015113198615467397
6326.700550566627,0.00016126228887010662
6327.5210278783325,0.0001552604650635906
6328.341505190038,0.00011679974116854546
6329.161982501745,0.00010333678421765819
6329.982459813451,7.737724456500734e-05
6330.802937125157,6.789319045012599e-05
6331.623414436864,0.0001933182014168021
6332.4438917485695,0.00016101193447237092
6333.264369060276,0.0001332689851361088
6334.084846371982,0.0001344008960120782
6334.905323683688,7.827027435674074e-05
6335.725800995395,1.0944526447291028e-05
6336.546278307101,5.115862477747106e-05
6337.366755618807,1.6458682024697915e-05
6338.187232930513,3.821609229615999e-05
6339.007710242219,8.309254783411023e-05
6339.828187553926,0.00010304974494574
6340.648664865632,6.169951699733578e-05
6341.469142177338,9.834384700128583e-05
6342.2896194890445,0.0001453771525315413
6343.11009680075,0.00021324827491110636
6343.930574112456,0.0002554855534569537
6344.751051424163,0.00017018944597235972
6345.571528735869,8.10140742596876e-05
6346.392006047576,5.8749429921103725e-05
6347.212483359282,0.00011189197348369257
6348.032960670987,0.00014899328442405312
6348.853437982694,0.00010810840606943975
6349.6739152944,0.00010956471559353141
6350.494392606106,0.00016983029404693073
6351.314869917813,0.00018055225118487396
6352.135347229519,0.00015675322349635373
6352.955824541225,0.00018108884952982391
6353.776301852931,0.00034122038488134987
6354.596779164637,0.00024378031980098756
6355.417256476344,0.00012593252707146624
6356.23773378805,0.00013175405863816365
6357.058211099756,0.0001076371899936806
6357.8786884114625,0.00010740868739692837
6358.699165723168,0.000139620061984026
6359.519643034875,0.00012354040838416486
6360.340120346581,0.00019401315971440984
6361.160597658287,0.0002258173947333907
6361.981074969994,0.000124584507485294
6362.8015522816995,9.465226469696315e-05
6363.622029593405,0.0001368078162360818
6364.442506905112,0.00010866596197841684
6365.262984216818,0.00017955414778535086
6366.083461528525,5.387463897192458e-05
6366.903938840231,7.082269983035528e-05
6367.724416151937,2.408733474552666e-05
6368.544893463643,0.00015276018376329678
6369.365370775349,0.00014579362673106824
6370.185848087056,2.0684159538968632e-05
6371.006325398762,8.63122923863123e-05
6371.826802710468,0.00011444438024868641
6372.6472800221745,0.00010329066156747323
6373.46775733388,3.0037856698517967e-05
6374.288234645586,6.132595033164023e-05
6375.108711957293,0.0001236023562538743
6375.929189268999,6.950104500523132e-05
6376.749666580706,0.00018389252378348835
6377.570143892412,9.751885667941045e-05
6378.390621204117,6.507412351158131e-05
6379.211098515824,0.00019824685130769658
6380.03157582753,0.000296659699133476
6380.852053139236,0.00014660131751345425
6381.672530450943,0.00012584914884296197
6382.493007762649,0.00017438641685625346
6383.313485074355,7.988863484171566e-05
6384.133962386061,0.0001012855858217871
6384.954439697767,0.0001080561687994867
6385.774917009474,0.00011700886581665785
6386.59539432118,9.827608012755354e-05
6387.415871632886,0.00011796429549111734
6388.2363489445925,4.638276363691768e-05
6389.056826256298,5.232881412410533e-05
6389.877303568005,9.928709221197624e-05
6390.697780879711,0.00011542313771790691
6391.518258191417,0.00015010520314581174
6392.338735503124,0.00014864914501822266
6393.1592128148295,0.00021077854363664339
6393.979690126535,0.00012808782017929523
6394.800167438242,0.00011671626262012378
6395.620644749948,4.855560259418971e-05
6396.441122061655,2.419203887434654e-05
6397.261599373361,6.869491881245139e-05
6398.082076685067,0.0001477232266428458
6398.902553996773,0.00019443392967394095
6399.723031308479,8.064684501951987e-05
6400.543508620185,5.461682134252713e-05
6401.363985931892,0.00014176944471528796
6402.184463243598,9.63152005585019e-05
6403.0049405553045,4.938030627468565e-05
6403.82541786701,7.420415679205054e-05
6404.645895178716,0.0001343651109120696
6405.466372490423,5.410076774564651e-05
6406.286849802129,0.0001557781169177995
6407.107327113835,0.00016401660685980268
6407.927804425542,0.0001410344484427841
6408.748281737247,0.00013403886434178365
6409.568759048954,8.946713851746803e-05
6410.38923636066,0.00010463043235186619
6411.209713672366,5.5727067389107495e-05
6412.030190984073,2.108090273399951e-05
6412.850668295779,6.839687235070375e-05
6413.671145607485,0.00010663146296302212
6414.491622919191,0.00011032407677061777
6415.312100230897,0.00019280945743883462
6416.132577542604,0.00010628924970524114
6416.95305485431,7.464512753304954e-05
6417.773532166016,0.00012224980983863084
6418.5940094777225,8.855210856627158e-05
6419.414486789428,0.0001215380170301872
6420.234964101135,0.00011693496094556711
6421.055441412841,7.557076863232316e-06
6421.875918724547,0.00012124419763650446
6422.696396036254,0.0001664890025143544
6423.5168733479595,9.587452965249844e-05
6424.337350659665,4.478217859757039e-05
6425.157827971372,0.00010287750652591522
6425.978305283078,0.00015867761282979784
6426.798782594785,0.00015583108291925926
6427.619259906491,2.6199948840891526e-05
6428.439737218197,6.103875329623644e-05
6429.260214529903,5.148871160788323e-05
6430.080691841609,0.0001257967444129018
6430.901169153315,0.00012957837448691908
6431.721646465022,7.748197370786678e-05
6432.542123776728,0.00010641090953379663
6433.3626010884345,8.895049410820003e-05
6434.18307840014,8.931097028644881e-05
6435.003555711846,9.552661777073487e-05
6435.824033023553,7.519038343913411e-05
6436.644510335259,6.560210542583398e-05
6437.464987646965,4.1018372946678896e-05
6438.285464958672,7.63530473492806e-05
6439.105942270377,4.952255150856319e-05
6439.926419582084,1.2228627296267008e-05
6440.74689689379,0.00012531663131946122
6441.567374205496,0.00020175518226809915
6442.387851517203,0.00013241502900787416
6443.208328828909,0.00010602490362121313
6444.0288061406145,0.00012269566180677578
6444.849283452321,0.0001416846873132467
6445.669760764027,0.00015804346658632702
6446.490238075734,1.6509594373827816e-05
6447.31071538744,4.9290924095972016e-05
6448.131192699146,9.532199160999574e-05
6448.9516700108525,0.00010986698381576179
6449.772147322558,0.00015382123466986015
6450.592624634264,6.882305778634331e-05
6451.413101945971,9.512526425111145e-05
6452.233579257677,0.0001197549243047754
6453.054056569384,8.4251004048699e-05
6453.8745338810895,3.618424082609816e-05
6454.695011192795,6.095386399223648e-05
6455.515488504502,2.9253002576661052e-05
6456.335965816208,0.00012431818906453543
6457.156443127915,0.00012972371641583146
6457.976920439621,4.875271965445349e-05
6458.797397751327,5.784884901628793e-06
6459.617875063033,8.266826649948318e-05
6460.438352374739,0.00012111471232107831
6461.258829686445,0.00010596289638127048
6462.079306998152,4.21289667744865e-05
6462.899784309858,0.0001222545651734348
6463.7202616215645,9.649371054168917e-05
6464.54073893327,3.5652676049752865e-05
6465.361216244976,3.275474234591183e-05
6466.181693556683,9.631001828859695e-05
6467.002170868389,7.256793411668061e-05
6467.822648180095,6.299898023282734e-05
6468.643125491802,0.00016658823326347712
6469.4636028035075,0.00015368560454227562
6470.284080115214,5.681709308841816e-05
6471.10455742692,2.6802554311740956e-05
6471.925034738626,9.157772391463473e-05
6472.745512050333,0.00017560416397120082
6473.565989362039,0.00025022523741080144
6474.3864666737445,0.00013634139800645852
6475.206943985451,8.722098373002796e-05
6476.027421297157,0.00010681161534672926
6476.847898608864,0.00013999205194854228
6477.66837592057,0.00013949406441656148
6478.488853232276,6.442779682286223e-05
6479.3093305439825,4.131824590340605e-05
6480.129807855688,9.545365126132203e-05
6480.950285167394,0.00017039887484799547
6481.770762479101,0.0001364834556705762
6482.591239790807,0.00017578188712633573
6483.411717102514,6.6232863355696e-05
6484.2321944142195,8.69978808820191e-05
6485.052671725925,5.4187655969344207e-05
6485.873149037632,2.818486469792222e-05
6486.693626349338,9.773985408113537e-05
6487.514103661044,9.565633937315144e-05
6488.334580972751,7.128959247738444e-05
6489.155058284457,5.685046471066792e-05
6489.975535596163,5.336907970108952e-05
6490.796012907869,8.074563622294389e-05
6491.616490219575,0.00014433719072527157
6492.436967531282,0.0001455269528380089
6493.257444842988,0.00011293556879810939
6494.077922154694,9.50114982453976e-05
6494.8983994664,0.00016393195475437072
6495.718876778106,0.0001850312220767472
6496.539354089813,9.732154301524839e-05
6497.359831401519,7.624736277234593e-05
6498.180308713225,0.00012746666086976212
6499.000786024932,0.00016286072219256253
6499.8212633366375,0.00010648401720286541
6500.641740648344,0.00011251504842376443
6501.46221796005,9.724853053570538e-05
6502.282695271756,4.872400026744693e-05
6503.103172583463,0.00014326766943749427
6503.923649895169,0.00017976414518225834
6504.7441272068745,0.0001281025953201099
6505.564604518581,4.2431971965652976e-05
6506.385081830287,0.00011867904276990049
6507.205559141994,9.99731219623768e-05
6508.0260364537,4.920907409196384e-05
6508.846513765406,0.00011437764678825743
6509.6669910771125,0.00013674853487219234
6510.487468388818,0.00016392833494289133
6511.307945700524,0.00015097412332143906
6512.128423012231,0.000166027554735887
6512.948900323937,0.00014653776746351968
6513.769377635644,0.00011895407951630111
6514.5898549473495,8.37066245815935e-05
6515.410332259055,7.740120734048068e-05
6516.230809570762,0.00011022499065537664
6517.051286882468,2.680269352970224e-05
6517.871764194174,9.284394460283641e-05
6518.692241505881,8.804209989454501e-05
6519.512718817587,3.618793305485137e-05
6520.333196129293,8.404517382621002e-05
6521.153673440999,0.00013926890012507014
6521.974150752705,7.435937736958203e-05
6522.794628064412,0.0001628616307289314
6523.615105376118,0.00014862565708996203
6524.435582687824,0.00013093155757960644
6525.25605999953,0.00013143538754394125
6526.076537311236,0.00013667078996412428
6526.897014622943,9.141819499793768e-05
6527.717491934649,1.651113516113938e-05
6528.537969246355,2.322111529270964e-05
6529.358446558062,0.00011999101065726257
6530.1789238697675,0.0001634535224466381
6530.999401181473,0.00010698090615605309
6531.81987849318,0.00010809828281245029
6532.640355804886,8.29288669319136e-05
6533.460833116593,5.116204042801598e-05
6534.281310428299,4.594453975165606e-05
6535.1017877400045,6.161510844200173e-05
6535.922265051711,5.826138989492123e-05
6536.742742363417,0.00011322966615552089
6537.563219675123,8.906406439430959e-05
6538.38369698683,2.0055729281498286e-05
6539.204174298536,7.244996259506388e-05
6540.0246516102425,6.39467003175631e-05
6540.845128921948,3.157516316805596e-05
6541.665606233654,3.0106082347551425e-05
6542.486083545361,8.610998754381232e-05
6543.306560857067,0.00011392468158224189
6544.127038168773,0.00015731966188242333
6544.9475154804795,0.00013016127619066466
6545.767992792185,7.171300286090645e-05
6546.588470103892,0.0001234658825276185
6547.408947415598,0.00014531241466633798
6548.229424727304,0.0001025792845796314
6549.049902039011,0.00014753026479812718
6549.870379350717,7.367212629397702e-05
6550.690856662423,6.962134723469121e-05
6551.511333974129,9.659923565745121e-05
6552.331811285835,0.00015912755711371395
6553.152288597542,0.00015674219038277657
6553.972765909248,5.2997755573712105e-05
6554.793243220954,7.1761979594189e-05
6555.61372053266,3.712253304720176e-05
6556.434197844366,2.1550349809332883e-05
6557.254675156073,7.855619122956613e-05
6558.075152467779,7.372748790983524e-05
6558.895629779485,1.7701938823664512e-05
6559.716107091192,9.826742620069293e-05
6560.5365844028975,0.00015026100940402482
6561.357061714603,0.00012548188873606072
6562.17753902631,1.331026293292734e-05
6562.998016338016,7.855769740231724e-05
6563.818493649723,2.2710048047298193e-05
6564.638970961429,4.850082741844102e-05
6565.4594482731345,8.74357731649279e-05
6566.279925584841,0.00011755596122325089
6567.100402896547,0.00010100902765678994
6567.920880208253,6.160734284080892e-05
6568.74135751996,8.255697098779454e-05
6569.561834831666,2.270439962202274e-05
6570.3823121433725,5.266700459957484e-05
6571.202789455078,7.313159411022243e-05
6572.023266766784,5.559050404784197e-05
6572.843744078491,0.00012642481262858162
6573.664221390197,3.813201593592513e-05
6574.484698701903,0.00011876789635491088
6575.3051760136095,0.0001689674805133334
6576.125653325315,7.183159428209311e-05
6576.946130637022,3.7685206494187264e-05
6577.766607948728,7.092290897488517e-05
6578.587085260434,0.00012560455139392526
6579.407562572141,9.809530056496752e-05
6580.228039883847,5.800277804639252e-05
6581.048517195552,8.911670381035398e-05
6581.868994507259,8.201612021711485e-05
6582.689471818965,0.00012187757779935221
6583.509949130672,0.00010143839048396667
6584.330426442378,0.00020457493454750021
6585.150903754084,8.93968806470188e-05
6585.97138106579,7.813032588945428e-05
6586.791858377496,5.5724340298143116e-05
6587.612335689202,6.486773265927663e-05
6588.432813000909,4.412300371129981e-05
6589.253290312615,0.00019560536784025292
6590.073767624322,0.00024292656703070508
6590.8942449360275,0.00010622851850617154
6591.714722247733,5.846050895637812e-05
6592.53519955944,9.610664327952643e-05
6593.355676871146,0.00010272294961521685
6594.176154182853,6.133653583580061e-05
6594.996631494559,0.00012312390874349673
6595.8171088062645,0.00010634282725838841
6596.637586117971,0.0003086718156601073
6597.458063429677,0.00012262873032571451
6598.278540741383,0.00013409391622458498
6599.09901805309,0.00013910170277064748
6599.919495364796,0.00011046559896868796
6600.7399726765025,8.507218033320007e-05
6601.560449988208,4.0962306055554935e-05
6602.380927299914,0.00011504096297743043
6603.201404611621,7.589348237822329e-05
6604.021881923327,2.797951655690536e-05
6604.842359235033,0.00012583192398556975
6605.6628365467395,0.00012071312295553534
6606.483313858445,0.00010023846207608436
6607.303791170152,5.746117729532398e-05
6608.124268481858,3.4932546908373105e-05
6608.944745793564,0.00011759562053223378
6609.765223105271,0.00010081246702439845
6610.585700416977,2.8269713524959017e-05
6611.406177728682,0.00011868562550525251
6612.226655040389,0.00015981005682152522
6613.047132352095,0.00012593804913336337
6613.867609663802,0.00024409812223294476
6614.688086975508,0.00019514578228438061
6615.508564287214,7.186165404364115e-05
6616.32904159892,9.230459667575346e-05
6617.149518910626,0.00013527817218798107
6617.969996222332,8.415608255183787e-05
6618.790473534039,4.4025347760330094e-05
6619.610950845745,2.1570920689719463e-05
6620.431428157452,3.558433059318211e-05
6621.2519054691575,0.0001483262737077544
6622.072382780863,0.00020220618915303963
6622.89286009257,0.0001259468207563887
6623.713337404276,0.0001378296690138261
6624.533814715982,0.00015028183214557095
6625.354292027689,0.00012116877122145179
6626.1747693393945,0.00021084206346458213
6626.995246651101,0.00018570139098795344
6627.815723962807,0.00013532274074463434
6628.636201274513,0.00020167952877735737
6629.45667858622,0.00013451988108861411
6630.277155897926,4.324388964155831e-05
6631.097633209632,0.00013056527930033071
6631.918110521338,0.0001795919682139104
6632.738587833044,0.0002454851371220085
6633.559065144751,0.00016204327365585786
6634.379542456457,9.1775587590917e-05
6635.200019768163,0.0001536748281026963
6636.0204970798695,0.00015383178440505255
6636.840974391575,0.00011603992076291953
6637.661451703282,5.961633432478639e-05
6638.481929014988,4.296147054171655e-05
6639.302406326694,5.447827004391352e-05
6640.122883638401,5.580056551293821e-05
6640.943360950107,3.7283301882644474e-05
6641.763838261812,5.6453615466341645e-05
6642.584315573519,2.2666285548386964e-05
6643.404792885225,6.05601895107055e-05
6644.225270196932,0.00010569319318781112
6645.045747508638,0.0002470073876308233
6645.866224820344,0.00020624782326202
6646.68670213205,3.843571018667296e-05
6647.507179443756,9.821578980087727e-05
6648.327656755462,8.507687709424699e-05
6649.148134067169,9.016131819148934e-05
6649.968611378875,6.311356829719636e-05
6650.789088690582,7.002714182624611e-05
6651.6095660022875,3.5982277321698444e-05
6652.430043313993,5.763784469408318e-05
6653.2505206257,0.00012574738218675964
6654.070997937406,0.00010838008095566564
6654.891475249112,0.0001007041384054028
6655.711952560819,0.00016368148659263567
6656.5324298725245,0.00010846069567059391
6657.352907184231,3.293632894605861e-05
6658.173384495937,7.460146200876199e-05
6658.993861807643,0.00012487121539006034
6659.81433911935,0.00018458176957959345
6660.634816431056,0.00010578192434390756
6661.455293742762,8.857260066236363e-05
6662.275771054468,7.76885078944385e-05
6663.096248366174,0.00015114306619852934
6663.916725677881,0.00019998226042432815
6664.737202989587,0.00018522569346682657
6665.557680301293,9.075671138847655e-05
6666.3781576129995,2.5928549077274767e-05
6667.198634924705,3.131530244785174e-05
6668.019112236411,6.512265724539136e-05
6668.839589548118,7.72017482147046e-05
6669.660066859824,9.193792804127962e-05
6670.480544171531,4.175642274480357e-05
6671.301021483237,0.00012188806388213783
6672.121498794942,8.161275011345263e-05
6672.941976106649,8.089927340201552e-05
6673.762453418355,6.257992228284264e-05
6674.582930730061,7.680256142056457e-05
6675.403408041768,8.119852387426804e-05
6676.223885353474,0.00011907543934712134
6677.04436266518,0.0001552291531968736
6677.864839976886,8.426696430346504e-05
6678.685317288592,0.00012836361739114997
6679.505794600299,3.756192285530929e-05
6680.326271912005,0.00010031588376219532
6681.146749223712,4.335379084845371e-05
6681.9672265354175,8.936817350729262e-05
6682.787703847123,6.141808811657433e-05
6683.60818115883,8.631429722743596e-05
6684.428658470536,3.606256785254437e-05
6685.249135782242,0.0001115842022676047
6686.069613093949,9.604573782800642e-05
6686.8900904056545,1.3895157080317937e-05
6687.710567717361,0.0001316704487602067
6688.531045029067,0.00016057809480375177
6689.351522340773,0.00011432721177568909
6690.17199965248,0.00010370304858051638
6690.992476964186,0.00015068719837488457
6691.812954275892,8.156661355857076e-05
6692.633431587598,2.638050650133015e-05
6693.453908899304,6.083887074704584e-05
6694.274386211011,0.00015770645501085484
6695.094863522717,0.0001723631348824861
6695.915340834423,0.00012204545996338689
6696.7358181461295,9.406513423954074e-05
6697.556295457835,5.15004819692131e-05
6698.376772769541,0.00010371277439093137
6699.197250081248,9.100931331747323e-05
6700.017727392954,9.099023803487684e-05
6700.838204704661,0.00014832143308271032
6701.658682016367,0.00020940183651475139
6702.4791593280725,0.00017308909843839204
6703.299636639779,4.600835206087637e-05
6704.120113951485,1.564779040423902e-05
6704.940591263191,3.17533417595086e-05
6705.761068574898,5.430352850665662e-05
6706.581545886604,0.000150448023620227
6707.40202319831,0.0001158453643148207
6708.222500510016,8.54086825427011e-05
6709.042977821722,0.0001414724602050042
6709.863455133429,0.00011819711012774405
6710.683932445135,5.9846397608162645e-05
6711.504409756841,4.342976369429352e-05
6712.3248870685475,6.53119309863172e-05
6713.145364380253,0.0001538342921409479
6713.96584169196,0.00016893443745217182
6714.786319003666,0.00012245798962550662
6715.606796315372,3.7826121407457275e-05
6716.427273627079,0.00013157267555131188
6717.2477509387845,7.759750498654857e-05
6718.06822825049,0.00010408995974099494
6718.888705562197,0.00012455154523988428
6719.709182873903,8.807459707251184e-05
6720.52966018561,0.00014542734746753662
6721.350137497316,0.00016162424678249705
6722.170614809022,7.774953961463794e-05
6722.991092120728,3.307886747522588e-05
6723.811569432434,8.10681885160709e-05
6724.632046744141,5.77348552836342e-05
6725.452524055847,0.00013485751615846588
6726.273001367553,0.00010186455988392308
6727.0934786792595,9.840675039446313e-05
6727.913955990965,0.00013300401392750568
6728.734433302671,8.322089069029446e-05
6729.554910614378,5.05614048723706e-05
6730.375387926084,7.561879347123656e-05
6731.195865237791,7.215534672508825e-05
6732.016342549497,8.50187889696122e-05
6732.8368198612025,0.00014086268290135938
6733.657297172909,0.00012368270524626594
6734.477774484615,4.6783729069643784e-05
6735.298251796321,0.00012395576450525714
6736.118729108028,9.494325824723961e-05
6736.939206419734,3.123324728937595e-05
6737.75968373144,0.00010528813443627113
6738.580161043146,0.00018960999188071266
6739.400638354852,0.00019314423615164622
6740.221115666559,9.879590092797735e-05
6741.041592978265,3.5540325659060986e-05
6741.862070289971,0.00014404489602993
6742.6825476016775,9.869459193133831e-05
6743.503024913383,0.0001378469887460659
6744.32350222509,0.00015271647038358002
6745.143979536796,0.00013980428067038178
6745.964456848502,0.00016803278305709145
6746.784934160209,0.00012804870369325988
6747.6054114719145,3.382035140362963e-05
6748.42588878362,6.650374950951649e-05
6749.246366095327,4.4973329989371363e-05
6750.066843407033,4.7280978874936344e-05
6750.88732071874,4.766470092631725e-05
6751.707798030446,8.114757726536901e-05
6752.528275342152,5.448301117818478e-05
6753.348752653858,6.849137725125796e-05
6754.169229965564,6.761789533959478e-05
6754.98970727727,7.656671936281465e-05
6755.810184588977,0.00012358064262740244
6756.630661900683,0.0001561718154411203
6757.4511392123895,5.565978568037253e-05
6758.271616524095,3.080923973025656e-05
6759.092093835801,0.00010249835954270407
6759.912571147508,0.00018946805873814413
6760.733048459214,0.00015974562210796316
6761.55352577092,2.550837412882398e-05
6762.374003082627,0.0002095756410869146
6763.1944803943325,0.00021409852872929957
6764.014957706039,6.763117735123445e-05
6764.835435017745,0.00011825552511188384
6765.655912329451,0.00010441396578829029
6766.476389641158,7.66199629383622e-05
6767.296866952864,8.528166334841854e-05
6768.11734426457,0.00013311203396007196
6768.937821576276,0.00019401001902977853
6769.758298887982,7.2696975554182e-05
6770.578776199689,9.202617070245864e-05
6771.399253511395,0.00011978673672496529
6772.219730823101,4.490764629473832e-05
6773.0402081348075,5.844131725451925e-05
6773.860685446513,6.659622758221909e-05
6774.68116275822,7.408588645594865e-05
6775.501640069926,4.227154768450031e-05
6776.322117381632,3.914775501254642e-05
6777.142594693339,3.647500132621915e-05
6777.9630720050445,0.00020278863946043696
6778.78354931675,0.00017273026663988477
6779.604026628457,4.186408251565819e-05
6780.424503940163,8.923858579133525e-05
6781.24498125187,6.642029757767626e-05
6782.065458563576,4.5862504068744456e-05
6782.885935875282,0.00011318476215802863
6783.706413186988,0.0001414462991863533
6784.526890498694,0.00010135714938901894
6785.3473678104,9.321906301426055e-05
6786.167845122107,8.90260929078254e-05
6786.988322433813,0.00014331159165314016
6787.8087997455195,0.00015090361439763504
6788.629277057225,5.821193467176949e-05
6789.449754368931,4.935659539348587e-05
6790.270231680638,0.00015664910209426557
6791.090708992344,0.00012010100789134557
6791.91118630405,2.8768700661738714e-05
6792.731663615757,7.446466920354848e-05
6793.5521409274625,7.952388430177225e-05
6794.372618239169,3.461546423027127e-05
6795.193095550875,5.433275556334356e-05
6796.013572862581,0.00015151043342574814
6796.834050174288,0.00016607679468544912
6797.654527485994,0.0001584832115750234
6798.4750047976995,0.00014417188879340724
6799.295482109406,0.00010857983431907805
6800.115959421112,4.602644506122549e-05
6800.936436732819,0.0001440095104681244
6801.756914044525,0.00012416563927266836
6802.577391356231,7.434102114305277e-05
6803.3978686679375,5.244291028418233e-05
6804.218345979643,4.0900266370545255e-05
6805.038823291349,0.00017005937408656331
6805.859300603056,0.00020029047584192247
6806.679777914762,0.00013058159128582174
6807.500255226469,6.31490649405643e-05
6808.3207325381745,8.51490446645218e-05
6809.14120984988,0.0002533449078091228
6809.961687161587,0.00020021657521167508
6810.782164473293,0.00014243028096333095
6811.602641785,0.0001730926321496865
6812.423119096706,0.00016882248724084034
6813.243596408412,6.173334751797384e-05
6814.064073720118,7.111762409987203e-05
6814.884551031824,8.766003864112034e-05
6815.70502834353,0.0002039800489343027
6816.525505655237,0.00022390946728371433
6817.345982966943,0.00014197075795112325
6818.1664602786495,9.35208292446169e-05
6818.986937590355,0.00011014418507602313
6819.807414902061,9.004783534737606e-05
6820.627892213768,6.482714545989858e-05
6821.448369525474,5.086188538184599e-06
6822.26884683718,1.0404704977364926e-05
6823.089324148887,8.442264712086166e-05
6823.9098014605925,0.00016032298562752224
6824.730278772299,0.0001591191985541625
6825.550756084005,0.00011049306520314354
6826.371233395711,4.057452429841194e-05
6827.191710707418,8.497800185625256e-05
6828.012188019124,0.00014066815988154525
6828.8326653308295,0.00014725292883832568
6829.653142642536,7.210197066866282e-05
6830.473619954242,7.809639613523049e-05
6831.294097265949,0.00017445316559812278
6832.114574577655,9.314621807116458e-05
6832.935051889361,3.874650495069979e-05
6833.7555292010675,6.404383655046347e-05
6834.576006512773,4.014018182711614e-05
6835.396483824479,1.5111555876267906e-05
6836.216961136186,0.00011120649918741228
6837.037438447892,0.0001669901664083426
6837.857915759599,5.221990936522542e-05
6838.6783930713045,8.048572053547142e-05
6839.49887038301,8.346481938666247e-05
6840.319347694717,8.149599106719243e-05
6841.139825006423,0.0002214044304047272
6841.960302318129,0.00016711445141639984
6842.780779629836,5.798534860615911e-05
6843.601256941542,1.5151401288971756e-05
6844.421734253248,0.0001435223090624596
6845.242211564954,0.00024408533932971044
6846.06268887666,0.00018636615396253829
6846.883166188367,0.00013635495952601972
6847.703643500073,0.00017691388466846894
6848.524120811779,0.00016400864850959901
6849.344598123485,5.218781389249782e-05
6850.165075435191,0.0001998844185597704
6850.985552746898,0.0001501241418407087
6851.806030058604,0.0001057352856481152
6852.62650737031,3.6514470452439866e-05
6853.446984682017,4.329923334999986e-05
6854.2674619937225,6.205682844267705e-05
6855.087939305429,0.00011633853255660683
6855.908416617135,0.00014201880384878628
6856.728893928841,0.00015048936743863495
6857.549371240548,0.00020618922507890597
6858.369848552254,0.00011312985892732855
6859.1903258639595,5.3376031249434333e-05
6860.010803175666,0.00015410721137311094
6860.831280487372,0.00014443125063999716
6861.651757799079,6.935171739532329e-05
6862.472235110785,2.358846334412798e-05
6863.292712422491,6.936129190089457e-05
6864.1131897341975,0.00014540272550612562
6864.933667045903,0.00013060886286333427
6865.754144357609,0.00014606830574532436
6866.574621669316,0.0001595623493587028
6867.395098981022,9.330118283562778e-05
6868.215576292729,7.910527369380733e-05
6869.0360536044345,3.763725486435356e-05
6869.85653091614,0.0001912744519951956
6870.677008227847,0.0001802320100970472
6871.497485539553,9.121208820787873e-05
6872.317962851259,0.000147995869170116
6873.138440162966,0.0002006142909299766
6873.958917474672,5.9812247210665596e-05
6874.779394786378,0.00011077372984024078
6875.599872098084,0.00018820671047566805
6876.42034940979,0.00023246692693686542
6877.240826721497,0.00016240590223837937
6878.061304033203,2.7720047234943782e-05
6878.881781344909,0.00011976044063964252
6879.702258656615,8.475376924245395e-05
6880.522735968321,5.9158607838768385e-05
6881.343213280028,6.535583458477529e-05
6882.163690591734,0.0001249071932267953
6882.98416790344,0.00011845369320233424
6883.804645215147,0.00018528299446576738
6884.6251225268525,0.00024304318913874844
6885.445599838558,8.536630748088661e-05
6886.266077150265,0.00011487566414578574
6887.086554461971,0.00014288670435511308
6887.907031773678,0.00010219608253389073
6888.727509085384,0.0001263426833307825
6889.5479863970895,0.0002152965593864214
6890.368463708796,0.0001993776685354318
6891.188941020502,0.00013296651018105218
6892.009418332208,4.710173529150172e-05
6892.829895643915,6.637757300653619e-05
6893.650372955621,3.5129107276372635e-05
6894.4708502673275,8.4674855093578e-05
6895.291327579033,3.5720528487053846e-05
6896.111804890739,4.767260352914109e-05
6896.932282202446,8.834302681766075e-05
6897.752759514152,0.00015043649234037617
6898.573236825859,0.00017813558440259026
6899.3937141375645,0.0002435775085415041
6900.21419144927,0.00026748278441328545
6901.034668760977,0.000250262567160696
6901.855146072683,0.0001834520654941062
6902.675623384389,0.00013150331722918272
6903.496100696096,1.8521011878838368e-05
6904.316578007802,2.7237356004656957e-05
6905.137055319508,0.00012048631377478352
6905.957532631214,0.00024674005116700283
6906.77800994292,0.0001696319629341725
6907.598487254627,8.806880360514258e-05
6908.418964566333,8.001805930433575e-05
6909.239441878039,7.140421350017603e-05
6910.059919189745,6.112580020501853e-05
6910.880396501451,5.926860210416822e-06
6911.700873813158,8.424660847777055e-05
6912.521351124864,0.00011396683844956501
6913.34182843657,0.00012606953747469195
6914.162305748277,0.00011105193753664876
6914.9827830599825,0.00013414227440735019
6915.803260371688,0.00013866514200228515
6916.623737683395,4.685481009926664e-05
6917.444214995101,8.563147877798962e-05
6918.264692306808,9.045218722534916e-05
6919.085169618514,8.02268006948942e-05
6919.9056469302195,2.7126300512985228e-05
6920.726124241926,3.408046424181895e-05
6921.546601553632,9.830270583684424e-05
6922.367078865338,0.0001154296624616764
6923.187556177045,2.2767395422329538e-05
6924.008033488751,7.910337548434062e-05
6924.8285108004575,0.00018352276880420287
6925.648988112163,0.00015302603833399338
6926.469465423869,5.440914316407416e-05
6927.289942735576,0.000212039560570641
6928.110420047282,0.00015624981818859976
6928.930897358988,6.525819524135531e-05
6929.7513746706945,6.34463738081161e-05
6930.5718519824,0.00013384053121907462
6931.392329294107,0.0001284037989407528
6932.212806605813,7.218537959735175e-05
6933.033283917519,3.4551304500914855e-05
6933.853761229226,5.721914728454498e-05
6934.674238540932,4.7668682777166353e-05
6935.4947158526375,5.92771005234242e-05
6936.315193164344,6.17296939981944e-05
6937.13567047605,7.492051704094431e-05
6937.956147787757,6.950541235438891e-05
6938.776625099463,5.8152689977041154e-05
6939.597102411169,3.57606267062713e-05
6940.417579722875,9.924621179013384e-05
6941.238057034581,0.00018638746416590397
6942.058534346287,0.00015162321392028191
6942.879011657994,4.4206510621875644e-05
6943.6994889697,0.00011110798485454214
6944.519966281407,2.8741446583148426e-05
6945.3404435931125,9.984609720210641e-05
6946.160920904818,0.0001121221427969956
6946.981398216525,9.594577137250079e-05
6947.801875528231,0.00013756154483145783
6948.622352839938,0.00016062929239419007
6949.442830151644,0.00012014372779355137
6950.2633074633495,0.00010311185367639884
6951.083784775056,0.00014727489560846272
6951.904262086762,7.194929587586748e-05
6952.724739398468,2.1576495852648324e-05
6953.545216710175,0.00011459234056581461
6954.365694021881,0.0001445645663004948
6955.1861713335875,5.053670556829716e-05
6956.006648645293,7.366122789419718e-05
6956.827125956999,0.00012287597300855049
6957.647603268706,0.00017208016928127034
6958.468080580412,0.00019924925738810614
6959.288557892118,0.00021542669806291932
6960.1090352038245,0.0001322891660075822
6960.92951251553,5.034591828180416e-05
6961.749989827237,0.00020899981195368232
6962.570467138943,0.00019923569684944888
6963.390944450649,2.1126041722171908e-05
6964.211421762356,4.577745472865011e-05
6965.031899074062,0.0001091785434599115
6965.8523763857675,0.00014161757265978255
6966.672853697474,3.005978207694189e-06
6967.49333100918,0.00012391675162167967
6968.313808320887,8.876954272285493e-05
6969.134285632593,4.6332017029469126e-05
6969.954762944299,0.0001531128456818397
6970.775240256005,0.00011380241901254395
6971.595717567711,0.00019345908096311153
6972.416194879417,0.00024164855297432474
6973.236672191124,0.00010148896026357113
6974.05714950283,8.487810937155463e-05
6974.877626814537,6.945684607087058e-05
6975.6981041262425,8.881906514330222e-05
6976.518581437948,0.00017732093278024713
6977.339058749655,0.0002306415319359902
6978.159536061361,0.00026250257370213085
6978.980013373067,0.00019117779948537694
6979.800490684774,8.318812821582945e-05
6980.6209679964795,0.00013162576732156419
6981.441445308186,0.0001794079604543302
6982.261922619892,4.0911889260670493e-05
6983.082399931598,8.673692204700028e-05
6983.902877243305,1.789601416933442e-05
6984.723354555011,0.00011191416077264716
6985.543831866717,0.00018495822609776108
6986.364309178423,7.540299075490084e-05
6987.184786490129,2.7036935026850522e-05
6988.005263801836,5.916475301820571e-05
6988.825741113542,6.558954285123155e-05
6989.646218425248,5.957746545041948e-05
6990.4666957369545,8.140515770794048e-05
6991.28717304866,9.405694830095147e-05
6992.107650360367,5.563195684069118e-05
6992.928127672073,6.0598417081770486e-05
6993.748604983779,7.357772556028712e-05
6994.569082295486,0.00011644960998623163
6995.389559607192,0.00012967797640408882
6996.2100369188975,0.00011444891127900164
6997.030514230604,5.164662564957595e-05
6997.85099154231,2.0856466337929557e-05
6998.671468854017,2.9822468260070394e-05
6999.491946165723,4.613044003566789e-05
7000.312423477429,3.968256213404879e-05
7001.132900789135,8.227136516873898e-05
7001.953378100841,8.635603593220012e-05
7002.773855412547,6.734441979449354e-05
7003.594332724254,0.0001479261988905032
7004.41481003596,0.0001649899302291932
7005.235287347667,0.00018860258861683912
7006.0557646593725,0.0001649486149342467
7006.876241971078,0.00012247990883578098
7007.696719282785,3.439347032648929e-05
7008.517196594491,5.137049825819753e-05
7009.337673906197,0.00012117454489251666
7010.158151217904,0.00017225480370411232
7010.9786285296095,0.00010236154978895387
7011.799105841316,5.14097968370553e-05
7012.619583153022,2.736314595124559e-05
7013.440060464728,4.1906171655496886e-05
7014.260537776435,0.00014563330557825307
7015.081015088141,0.000129713126642485
7015.901492399847,3.911039878107576e-05
7016.721969711553,7.026965896943754e-05
7017.542447023259,8.334033724418855e-05
7018.362924334966,6.708689275488781e-05
7019.183401646672,4.561422153174515e-05
7020.003878958378,4.4250063325517056e-05
7020.8243562700845,6.8373214633176e-05
7021.64483358179,0.00012006171627053648
7022.465310893496,7.881443876666404e-05
7023.285788205203,0.00013659822140616845
7024.106265516909,0.00011851032225512311
7024.926742828616,9.420446302695393e-05
7025.747220140322,6.168898442506833e-05
7026.5676974520275,8.906587941470622e-05
7027.388174763734,7.297332146905231e-05
7028.20865207544,8.426236608813328e-05
7029.029129387146,5.341650683045118e-05
7029.849606698853,3.337855006589811e-05
7030.670084010559,0.0001239034032356842
7031.490561322265,0.00016980315529829237
7032.311038633971,0.00011518010140664704
7033.131515945677,7.185039888696449e-05
7033.951993257384,9.923247962319535e-05
7034.77247056909,6.91670544289002e-05
7035.592947880797,8.422326403651907e-05
7036.4134251925025,8.434307673339084e-05
7037.233902504208,9.935850082979621e-05
7038.054379815915,0.00014142041789166098
7038.874857127621,0.00013492340033635216
7039.695334439327,9.738984747142936e-05
7040.515811751034,8.695020726608285e-05
7041.3362890627395,0.00010273400268703806
7042.156766374446,6.767025710827301e-05
7042.977243686152,0.00014023813846367878
7043.797720997858,0.00016275456609117075
7044.618198309565,0.00011731918648654685
7045.438675621271,5.65606667517238e-05
7046.259152932977,6.295556213190474e-05
7047.079630244683,5.2036240838319144e-05
7047.900107556389,0.00020420583001717522
7048.720584868096,0.00012127560678910999
7049.541062179802,9.215158392544167e-05
7050.361539491508,8.455850670619413e-05
7051.1820168032145,0.000133838223848115
7052.00249411492,0.0002113271279841613
7052.822971426626,0.0001428382613185317
7053.643448738333,9.307581855329977e-05
7054.463926050039,0.00011396834303149724
7055.284403361746,0.0001563204875450942
7056.104880673452,0.00020959432148618447
7056.9253579851575,0.00023763381944105403
7057.745835296864,0.00019690752733594148
7058.56631260857,0.00011530656576677896
7059.386789920276,0.00013614178141442185
7060.207267231983,0.00023596660510051326
7061.027744543689,0.0001969257432642441
7061.848221855395,0.0001205153917810054
7062.668699167101,1.8921079007781167e-05
7063.489176478807,0.00016098839924696002
7064.309653790514,0.00018119897366061967
7065.13013110222,0.00013445102014959787
7065.950608413926,0.00011191680200061733
7066.7710857256325,0.00012876609527354092
7067.591563037338,0.00016785427194460976
7068.412040349045,8.930981483716823e-05
7069.232517660751,0.00012556152607809634
7070.052994972457,0.00014515905802660114
7070.873472284164,4.799265115883186e-05
7071.6939495958695,5.28401274866073e-05
7072.514426907575,9.222594920838245e-05
7073.334904219282,0.00010187143344870488
7074.155381530988,0.00011046316262626795
7074.975858842695,0.00013807921416648304
7075.796336154401,5.546771241424432e-05
7076.616813466107,4.908318143182973e-05
7077.437290777813,9.472486990594449e-05
7078.257768089519,0.00023486717749457537
7079.078245401226,0.00025616827035584137
7079.898722712932,8.15693572041915e-05
7080.719200024638,0.0002039689401473488
7081.5396773363445,0.00015720810233815769
7082.36015464805,8.413209054686281e-05
7083.180631959756,0.00011223731781068658
7084.001109271463,3.071515968303648e-05
7084.821586583169,9.496549787920298e-05
7085.642063894876,9.907265902904889e-05
7086.462541206582,0.00013361649300881978
7087.2830185182875,0.0002122103475894187
7088.103495829994,0.00011593354752817374
7088.9239731417,0.00010408914082592195
7089.744450453406,5.6600695231165715e-05
7090.564927765113,5.07571183249213e-05
7091.385405076819,0.0001807588388330281
7092.205882388525,0.00025672455079276036
7093.026359700231,0.00012979412035808615
7093.846837011937,8.266856579094556e-05
7094.667314323644,0.00010999496501694694
7095.48779163535,4.0989556557779095e-05
7096.308268947056,3.292058769416597e-05
7097.1287462587625,1.3417876396039008e-05
7097.949223570468,6.281639262036122e-05
7098.769700882175,7.917350106897228e-05
7099.590178193881,3.8556487343632377e-05
7100.410655505587,2.299852875205679e-05
7101.231132817294,4.066090993337422e-05
7102.0516101289995,7.858941405088607e-05
7102.872087440705,0.00010819379175560846
7103.692564752412,3.560507920583915e-05
7104.513042064118,9.148712514753035e-05
7105.333519375825,8.169750563142182e-05
7106.153996687531,7.446483854850582e-05
7106.974473999237,0.00011532050579286956
7107.794951310943,0.0001036440851996509
7108.615428622649,2.9592421249589993e-05
7109.435905934355,4.5285979983033556e-05
7110.256383246062,8.415980039428173e-05
7111.076860557768,8.769866830062071e-05
7111.8973378694745,9.670872803339107e-05
7112.71781518118,7.31820802341221e-05
7113.538292492886,0.0001269609361277947
7114.358769804593,0.00012541921872816718
7115.179247116299,0.00010040063016900209
7115.999724428005,0.00011793987024059773
7116.820201739712,0.00010557118462403918
7117.6406790514175,5.409279769760686e-05
7118.461156363124,0.0002540845183100038
7119.28163367483,0.00032844372866817017
7120.102110986536,0.00012844925715716567
7120.922588298243,3.057412582426477e-05
7121.743065609949,6.199546209804369e-05
7122.563542921655,5.303560551738756e-05
7123.384020233361,0.00014190621149902047
7124.204497545067,7.420626763867034e-05
7125.024974856774,2.2171743958373088e-05
7125.84545216848,1.8457969774943078e-05
7126.665929480186,0.0001190235625253022
7127.4864067918925,0.0001808386303391718
7128.306884103598,9.496477671820575e-05
7129.127361415305,0.00015765313084567571
7129.947838727011,0.00011891430288715686
7130.768316038717,6.973678449470379e-05
7131.588793350424,0.00019827679692549475
7132.4092706621295,9.833614978419384e-05
7133.229747973835,6.684155074515187e-05
7134.050225285542,0.00014894587526835228
7134.870702597248,0.00018532629591431457
7135.691179908955,4.943467443146259e-05
7136.511657220661,0.00010447470816083159
7137.332134532367,9.546242863739424e-05
7138.152611844073,0.00025588890685463805
7138.973089155779,0.0001681369322163864
7139.793566467485,9.047362827294399e-05
7140.614043779192,0.00011236458313059581
7141.434521090898,0.00013316234996036847
7142.2549984026045,0.00015881687444958622
7143.07547571431,0.00014607024065904701
7143.895953026016,8.472371163402506e-05
7144.716430337723,3.412086359456289e-05
7145.536907649429,6.802818386046839e-05
7146.357384961135,6.165828728899924e-05
7147.177862272842,4.121371243755976e-05
7147.9983395845475,4.0692671414466514e-05
7148.818816896254,0.00015187484976972657
7149.63929420796,0.00018600948754427286
7150.459771519666,0.00021297372337048098
7151.280248831373,8.755182705169277e-05
7152.100726143079,0.00014122253219942527
7152.9212034547845,0.0001585825096250019
7153.741680766491,4.400719261003477e-05
7154.562158078197,5.384723419576059e-05
7155.382635389904,5.497246720374341e-05
7156.20311270161,4.585343727387332e-05
7157.023590013316,8.640317681959136e-05
7157.8440673250225,3.9325624880746885e-05
7158.664544636728,0.00010729607516362471
7159.485021948434,0.00010306622499451307
7160.305499260141,4.565213743520275e-05
7161.125976571847,4.0021648858783355e-05
7161.946453883554,9.859453176663885e-05
7162.7669311952595,0.00010728258305427281
7163.587408506965,0.0001241125375862169
7164.407885818672,0.00018999217070483126
7165.228363130378,0.00024056318627833383
7166.048840442085,0.0001044348368684471
7166.869317753791,6.19255349191819e-05
7167.689795065497,0.0001791181907931811
7168.510272377203,0.00020045470475074846
7169.330749688909,0.00017802216120783385
7170.151227000615,0.00012078322761750728
7170.971704312322,3.5480213585730515e-05
7171.792181624028,0.00011302858844628564
7172.6126589357345,0.0001258470524983696
7173.43313624744,0.00012078139878083054
7174.253613559146,9.121251842742681e-05
7175.074090870853,2.3612643076040657e-05
7175.894568182559,6.772974585639184e-05
7176.715045494265,5.638761397413216e-05
7177.535522805972,0.00019384333431308383
7178.3560001176775,0.00020353536200109882
7179.176477429384,3.2712237366788424e-05
7179.99695474109,9.553643774400047e-05
7180.817432052796,9.335826189508556e-05
7181.637909364503,0.000149345753521931
7182.458386676209,0.00011702211125976904
7183.2788639879145,8.572418281278217e-05
7184.099341299621,0.0001445599516294231
7184.919818611327,0.00014073499850245558
7185.740295923034,8.704100823588747e-05
7186.56077323474,6.708833299579589e-05
7187.381250546446,4.307826431986308e-05
7188.2017278581525,0.00012513749924447954
7189.022205169858,0.00014172837479896607
7189.842682481564,0.0002460104414426068
7190.663159793271,0.00017301551514115466
7191.483637104977,0.00015498466014288412
7192.304114416684,7.537084822362203e-05
7193.1245917283895,4.2662146808657407e-05
7193.945069040095,9.676051065459787e-05
7194.765546351802,0.00011156755906149366
7195.586023663508,5.731268705332126e-05
7196.406500975214,0.00018506080281144733
7197.226978286921,9.543861722161631e-05
7198.047455598627,3.6515625472258187e-05
7198.867932910333,3.0385268324779013e-05
7199.688410222039,0.00014008993670458348
7200.508887533745,0.00014579646145290202
7201.329364845452,0.00010200356597172453
7202.149842157158,6.393988734653051e-05
7202.970319468864,0.00020779765880230393
7203.79079678057,0.0002356259193663517
7204.611274092276,8.428661912110975e-05
7205.431751403983,9.041074224350618e-05
7206.252228715689,9.48085219161958e-05
7207.072706027395,0.00010867669617369972
7207.893183339102,7.834082318348511e-05
7208.7136606508075,9.022331452753674e-05
7209.534137962514,9.178202024563954e-05
7210.35461527422,4.045631354714323e-05
7211.175092585926,4.785062112096407e-05
7211.995569897633,5.410688115456544e-05
7212.816047209339,0.0001130643458813855
7213.6365245210445,9.787071772248811e-05
7214.457001832751,4.9550013005800455e-05
7215.277479144457,8.268643077746155e-05
7216.097956456164,0.00011340631003236772
7216.91843376787,5.8300823995340724e-05
7217.738911079576,2.8086542752432074e-05
7218.5593883912825,0.00011637298022007147
7219.379865702988,0.0001478115626347808
7220.200343014694,0.00011123406597544127
7221.020820326401,0.00012263170551358077
7221.841297638107,1.243475131972355e-05
7222.661774949814,5.903917510691225e-05
7223.4822522615195,2.2122121837483905e-05
7224.302729573225,0.00011752455478074297
7225.123206884932,0.00018963899257633574
7225.943684196638,0.0001597465664218518
7226.764161508344,6.306591042898424e-05
7227.584638820051,3.5924954947114186e-05
7228.405116131757,8.770887719212512e-05
7229.225593443463,8.31454532787724e-05
7230.046070755169,3.22198676066739e-05
7230.866548066875,0.00010162846299674513
7231.687025378582,8.450209201643623e-05
7232.507502690288,0.00011540695593167464
7233.327980001994,7.623339074952193e-05
7234.1484573137,6.592341358964438e-05
7234.968934625406,0.00013373885078422126
7235.789411937113,0.00011992820855113501
7236.609889248819,0.00016232285868817664
7237.430366560525,0.0001563971103787056
7238.250843872232,9.889698184436099e-05
7239.0713211839375,0.00017421433838694676
7239.891798495643,0.00011633467820259582
7240.71227580735,0.00017612985511476022
7241.532753119056,0.00026248293732471955
7242.353230430763,0.00021905350578204857
7243.173707742469,0.00013419060514722529
7243.9941850541745,1.659513387522714e-05
7244.814662365881,0.0001187405352272214
7245.635139677587,0.00015371383105219138
7246.455616989293,0.00010745959316513321
7247.276094301,0.00012631915910097332
7248.096571612706,0.00010911827481341057
7248.9170489244125,2.9385292200785883e-05
7249.737526236118,9.216617032816859e-05
7250.558003547824,7.727832768365373e-05
7251.378480859531,5.034518811585997e-05
7252.198958171237,6.475655442038265e-05
7253.019435482944,2.4166826500774174e-05
7253.8399127946495,7.195723971946016e-05
7254.660390106355,0.00019561856736423336
7255.480867418062,0.00015265635031738294
7256.301344729768,2.1371243690095842e-05
7257.121822041474,7.374819633028154e-05
7257.942299353181,9.455788983290899e-05
7258.762776664887,0.00015332514849248738
7259.583253976593,5.823216337502846e-05
7260.403731288299,5.3354599328622454e-05
7261.224208600005,8.844198648803078e-05
7262.044685911712,9.236838599486444e-05
7262.865163223418,0.00012164473559929476
7263.685640535124,0.0001542428888814796
7264.50611784683,0.00021529278702311358
7265.326595158536,0.0002219490032762163
7266.147072470243,0.0001764232924012725
7266.967549781949,0.00010266674720659899
7267.788027093655,8.222958695522427e-05
7268.608504405362,6.277094013441128e-05
7269.4289817170675,0.00012281231922912353
7270.249459028773,0.00016497900080695573
7271.06993634048,3.5770945951064724e-05
7271.890413652186,0.00015294342913508652
7272.710890963893,0.00014987515873886572
7273.531368275599,0.00013409349167608882
7274.3518455873045,6.498823729560661e-05
7275.172322899011,9.305424176645963e-05
7275.992800210717,0.00017403300845964442
7276.813277522423,9.217718109284827e-05
7277.63375483413,5.7540289192313056e-05
7278.454232145836,0.0001087425220519558
7279.2747094575425,0.00014739997277640358
7280.095186769248,0.00011706434367444344
7280.915664080954,0.00011196718556606599
7281.736141392661,3.238996728166929e-05
7282.556618704367,6.766355937527717e-05
7283.377096016073,0.00011985376997723995
7284.1975733277795,8.594044549244939e-05
7285.018050639485,4.791527392587927e-05
7285.838527951192,0.00017811764064156103
7286.659005262898,0.0001741726700059341
7287.479482574604,5.2438624265467155e-05
7288.299959886311,0.00012106073762645271
7289.120437198017,0.00012585517755918225
7289.9409145097225,4.126439912033057e-05
7290.761391821429,6.612657531982196e-05
7291.581869133135,0.00010395011721166803
7292.402346444842,0.00012866148150500809
7293.222823756548,7.80030977203743e-05
7294.043301068254,4.793718190052812e-05
7294.86377837996,7.361083110283921e-05
7295.684255691666,2.309764601412069e-05
7296.504733003373,0.00010055308716107645
7297.325210315079,8.846639431219554e-05
7298.145687626785,6.267970969345667e-05
7298.966164938492,0.00010630448552878206
7299.7866422501975,0.0001418114553565574
7300.607119561903,0.00010155413268966341
7301.42759687361,0.00012280091338111613
7302.248074185316,0.00018878891300956585
7303.068551497023,0.00021841017920605794
7303.889028808729,0.0001951730275326021
7304.7095061204345,0.00019433092864982833
7305.529983432141,0.00022941899873937774
7306.350460743847,0.000275573736995829
7307.170938055553,0.0002451797927916867
7307.99141536726,0.000201048697632019
7308.811892678966,0.00010545181257394921
7309.6323699906725,4.623168943917841e-05
7310.452847302378,4.1300430174271185e-05
7311.273324614084,3.740449967003849e-05
7312.093801925791,4.181836616975313e-05
7312.914279237497,5.833481680135701e-05
7313.734756549203,0.00013374450381429802
7314.5552338609095,6.623519770155764e-05
7315.375711172615,2.0925409460886143e-05
7316.196188484322,7.754276602509852e-05
7317.016665796028,0.00015050665225170505
7317.837143107734,8.414095964925584e-05
7318.657620419441,5.0558355690215657e-05
7319.478097731147,3.6337197718265244e-05
7320.2985750428525,2.525089244397375e-05
7321.119052354559,8.695197033200093e-05
7321.939529666265,5.203965987340209e-05
7322.760006977972,7.104090656338726e-05
7323.580484289678,0.000109394096497808
7324.400961601384,0.00011281252867478536
7325.22143891309,0.0001602325024357398
7326.041916224796,9.689301875297012e-05
7326.862393536502,3.9461734724446316e-05
7327.682870848209,0.00015063638171360766
7328.503348159915,0.0002500160565118865
7329.323825471622,0.0002164279631746806
7330.1443027833275,0.00013398202462048872
7330.964780095033,0.0001839200136796846
7331.78525740674,0.00024049996145113128
7332.605734718446,0.0002022330571969582
7333.426212030152,0.00015986862400657137
7334.246689341859,0.00023766174912363635
7335.0671666535645,0.0001580128412953929
7335.887643965271,0.0001294591164115286
7336.708121276977,0.0001546611751685828
7337.528598588683,0.00011189560343309059
7338.34907590039,8.493857823723852e-05
7339.169553212096,7.478287235494227e-05
7339.990030523802,9.177495315341742e-05
7340.810507835508,9.082377710817751e-05
7341.630985147214,8.969004073008265e-05
7342.451462458921,9.97389998193857e-05
7343.271939770627,0.00013894526645500955
7344.092417082333,7.703888407681394e-05
7344.9128943940395,0.00010873860445504731
7345.733371705745,0.00018254241655252826
7346.553849017452,7.225227613343362e-05
7347.374326329158,4.1431906082531857e-05
7348.194803640864,1.0712400362879017e-05
7349.015280952571,5.4141922278653454e-05
7349.835758264277,7.329966419459793e-05
7350.6562355759825,9.386809201577825e-05
7351.476712887689,4.310881155693892e-05
7352.297190199395,0.00013638223023004713
7353.117667511102,0.00010917524063645137
7353.938144822808,8.395020149452622e-05
7354.758622134514,7.905512184742684e-05
7355.57909944622,4.257586891345914e-05
7356.399576757926,2.2087063733893272e-05
7357.220054069632,5.895600599657112e-05
7358.040531381339,5.550231185445566e-05
7358.861008693045,0.00010778439334514562
7359.681486004752,0.00016706530039381682
7360.5019633164575,3.0268753577633755e-05
7361.322440628163,0.00010733131267733874
7362.14291793987,5.445745552116385e-05
7362.963395251576,0.00013127499185244918
7363.783872563282,0.0002099801156602735
7364.604349874989,0.00011370221012229991
7365.4248271866945,7.171522367537048e-05
7366.245304498401,0.00012964272518644615
7367.065781810107,9.41460453993134e-05
7367.886259121813,3.2901658182792504e-05
7368.70673643352,6.668409997888478e-05
7369.527213745226,7.845062316116205e-05
7370.347691056932,3.2164735697504306e-05
7371.168168368638,0.00013707536729101744
7371.988645680344,0.00020788140892942104
7372.809122992051,0.00015852218428930997
7373.629600303757,7.764689983792137e-05
7374.450077615463,8.46040998237514e-05
7375.2705549271695,6.463145266326687e-05
7376.091032238875,0.00015359160972655976
7376.911509550581,0.00015301945612994987
7377.731986862288,3.1270052848936426e-05
7378.552464173994,3.5276826751072075e-05
7379.372941485701,3.2798384601122685e-05
7380.193418797407,0.0001277628030360384
7381.0138961091125,0.00020501788841642766
7381.834373420819,0.00012596922486058886
7382.654850732525,0.00010261748010084025
7383.475328044231,8.671227824605894e-05
7384.295805355938,0.0001051285987063673
7385.116282667644,0.00020345484664984663
7385.93675997935,0.00013017829343249437
7386.757237291056,9.876394945166334e-05
7387.577714602762,7.50305387721598e-05
7388.398191914469,6.597103242367118e-05
7389.218669226175,3.191477328455589e-05
7390.039146537882,0.0001031232922131381
7390.8596238495875,0.00016747788978186933
7391.680101161293,0.00012545159825512052
7392.500578473,8.920932910887187e-05
7393.321055784706,0.00010792382025129732
7394.141533096412,8.844723746095098e-05
7394.962010408119,0.00023743149081334247
7395.7824877198245,0.00021769104485679054
7396.602965031531,0.00010582247960694883
7397.423442343237,9.709373619431395e-05
7398.243919654943,6.720169103661885e-05
7399.06439696665,0.00013844536218031716
7399.884874278356,0.00017818060622214034
7400.705351590062,7.969123567424815e-05
7401.525828901768,7.625460084978009e-05
7402.346306213474,4.555329702218028e-05
7403.166783525181,5.959718443448434e-05
7403.987260836887,0.0001280108195660248
7404.807738148593,0.00019966197350729578
7405.6282154602995,8.239091244135109e-05
7406.448692772005,0.0002037609084577494
7407.269170083711,0.00013567351745837278
7408.089647395418,8.364568093785587e-05
7408.910124707124,0.00013875633419995902
7409.730602018831,7.063030792527293e-05
7410.551079330537,8.052423952770692e-05
7411.3715566422425,0.00011889506396144305
7412.192033953949,0.00016640474236429093
7413.012511265655,0.00017823067448026684
7413.832988577361,6.818606334844442e-05
7414.653465889068,0.00012380743104376037
7415.473943200774,7.090066012616956e-05
7416.29442051248,4.288915428115722e-05
7417.114897824186,5.358816778954408e-05
7417.935375135892,0.0001258647121078533
7418.755852447599,0.00022363166172123774
7419.576329759305,0.00016120645460285428
7420.396807071011,6.081845046865707e-05
7421.2172843827175,5.541714244153949e-05
7422.037761694423,8.10864917578167e-05
7422.85823900613,6.45354437817421e-05
7423.678716317836,4.522493155039694e-05
7424.499193629542,7.28740464361619e-05
7425.319670941249,4.738339873597246e-05
7426.1401482529545,4.9442955132244656e-05
7426.96062556466,0.00010235560112331358
7427.781102876367,8.589216034954527e-05
7428.601580188073,0.00013549845993366273
7429.42205749978,0.00012701594615595286
7430.242534811486,0.00013313128191141864
7431.063012123192,2.6284712876642673e-05
7431.883489434898,0.00012283409873606804
7432.703966746604,0.0001765529746878371
7433.524444058311,7.478047708210438e-05
7434.344921370017,0.0001055104808814441
7435.165398681723,6.79553007916485e-05
7435.9858759934295,7.186034516723866e-05
7436.806353305135,0.00014188770787872451
7437.626830616841,0.00010096201264269729
7438.447307928548,3.174760071800434e-05
7439.267785240254,0.00011836640936016855
7440.088262551961,0.00011231561583289089
7440.908739863667,5.7048191457787795e-05
7441.7292171753725,9.193808132876847e-05
7442.549694487079,8.057108309902366e-05
7443.370171798785,3.431041087138093e-05
7444.190649110491,0.00013927726145361073
7445.011126422198,0.00022661966059782512
7445.831603733904,0.0002619381951706404
7446.65208104561,0.00021989216097504383
7447.472558357316,0.00027709681928168417
7448.293035669022,0.00014349006036792713
7449.113512980729,0.00012281803464986633
7449.933990292435,1.6629172102495222e-05
7450.754467604141,7.738888924522899e-05
7451.5749449158475,0.00015789060862473313
7452.395422227553,0.0002254503147881491
7453.21589953926,0.00013733618037204865
7454.036376850966,3.3030206289516374e-05
7454.856854162672,8.312612087997795e-05
7455.677331474379,0.0001429869421214485
7456.4978087860845,0.00010068843594070611
7457.31828609779,0.0001563729368069722
7458.138763409497,0.00010664035132235056
7458.959240721203,7.75639424956368e-05
7459.77971803291,9.267003048342009e-05
7460.600195344616,7.064886569420316e-05
7461.420672656322,2.1491901135907168e-05
7462.241149968028,7.226052576156095e-05
7463.061627279734,3.0109607697142573e-05
7463.88210459144,0.0001805612439624392
7464.702581903147,0.0002534665533512377
7465.523059214853,0.00022663733609827868
7466.34353652656,7.129314198328061e-05
7467.164013838265,6.813871541411257e-05
7467.984491149971,5.5570270431442056e-05
7468.804968461678,0.00013556531420444513
7469.625445773384,4.219459912404417e-05
7470.44592308509,5.564750884903367e-05
7471.266400396797,3.182141415538006e-05
7472.0868777085025,6.427646385760142e-05
7472.907355020209,0.00010634071196412027
7473.727832331915,3.4448723933739553e-05
7474.548309643621,0.00018987311887299564
7475.368786955328,0.00013619631599731409
7476.189264267034,6.0454311801464165e-05
7477.00974157874,6.47446565406868e-05
7477.830218890446,8.578673360473831e-05
7478.650696202152,0.0002704019991478468
7479.471173513859,0.0002216290224797908
7480.291650825565,6.48398506452052e-05
7481.112128137271,0.00011844086831380483
7481.9326054489775,0.0001279568573848142
7482.753082760683,9.080596583612497e-05
7483.57356007239,0.00015721686164424877
7484.394037384096,0.00014509373816191
7485.214514695802,0.00012514230914110634
7486.034992007509,0.00018261652484272123
7486.8554693192145,0.00017264204968555095
7487.67594663092,0.00013085473353423194
7488.496423942627,0.0001344444624753112
7489.316901254333,0.0001579148489728739
7490.13737856604,0.00012129288755802862
7490.957855877746,2.8911798015999606e-05
7491.778333189452,1.5036238808438732e-05
7492.598810501158,0.00013738578011244937
7493.419287812864,0.00013325327044998975
7494.23976512457,8.151307981840094e-05
7495.060242436277,0.00012687664997174496
7495.880719747983,0.0001460454676000463
7496.70119705969,6.859942261583386e-05
7497.521674371395,0.0001474641387253955
7498.342151683101,6.922201018177515e-05
7499.162628994808,0.00011788919895419483
7499.983106306514,0.00017643359416817485
7500.80358361822,0.00013303362138298664
7501.624060929927,0.00021671389396139324
7502.4445382416325,0.0001695718245303854
7503.265015553339,0.00022638191536258768
7504.085492865045,0.00010885837050446041
7504.905970176751,6.818686375564494e-05
7505.726447488458,1.178203981872939e-05
7506.546924800164,0.00012422337206060126
7507.3674021118695,6.679236880389435e-05
7508.187879423576,0.00012778205174714295
7509.008356735282,0.00020657919826821096
7509.828834046989,0.0001313622434151187
7510.649311358695,0.00015022655733154622
7511.469788670401,0.00012973447868234
7512.2902659821075,5.1499693497071593e-05
7513.110743293813,8.449713733204354e-05
7513.931220605519,0.00013718831066102257
7514.751697917226,4.800162930841384e-05
7515.572175228932,0.00010049333705246858
7516.392652540639,0.00014282760137946374
7517.2131298523445,0.00018693336669880977
7518.03360716405,9.18250853185792e-05
7518.854084475757,5.741339828714115e-05
7519.674561787463,0.00013249778456200334
7520.49503909917,0.0001558273072284006
7521.315516410876,1.1851792820095589e-05
7522.135993722582,0.00014629701820048424
7522.956471034288,0.00026323502669402645
7523.776948345994,0.00017145560255499808
7524.5974256577,3.048388915049742e-05
7525.417902969407,6.955301514564638e-05
7526.238380281113,2.1726503018713656e-05
7527.05885759282,7.675727800112372e-05
7527.879334904525,3.486945351233185e-05
7528.699812216231,7.86863363511712e-05
7529.520289527938,0.00010348915349309878
7530.340766839644,8.874213859745007e-05
7531.16124415135,4.3485250928837036e-05
7531.981721463057,0.00015624008497608398
7532.8021987747625,0.00015467648964999744
7533.622676086469,7.14441388713017e-05
7534.443153398175,0.00014517889947082571
7535.263630709881,0.00014331782028548736
7536.084108021588,0.000142512186880268
7536.904585333294,0.0001356383820715787
7537.7250626449995,0.0001618033329540001
7538.545539956706,0.0001739694256865434
7539.366017268412,0.00010310541641834656
7540.186494580119,3.1344304977046536e-05
7541.006971891825,1.7018187147788313e-05
7541.827449203531,5.156331859142547e-05
7542.6479265152375,0.00013715397223065687
7543.468403826943,0.00014512758364339413
7544.288881138649,5.9044439653733754e-05
7545.109358450356,8.371892826515346e-05
7545.929835762062,6.353857983941417e-05
7546.750313073769,0.000196788549870535
7547.5707903854745,0.0001718219193481847
7548.39126769718,0.00010441478010271502
7549.211745008887,5.401889053707596e-05
7550.032222320593,1.4577248473893373e-05
7550.852699632299,5.120514450370122e-05
7551.673176944006,6.747692954286616e-05
7552.493654255712,0.000188547254040661
7553.314131567418,0.00013676794376924834
7554.134608879124,7.341656710886432e-05
7554.95508619083,0.00011005420909980222
7555.775563502537,0.00013501702438114838
7556.596040814243,7.474798160357592e-05
7557.416518125949,7.916664039190283e-05
7558.236995437655,7.265548473789505e-05
7559.057472749361,0.00011691734129267769
7559.877950061068,0.00011761990150610623
7560.698427372774,4.789403990771944e-05
7561.51890468448,6.391582294105895e-05
7562.339381996187,0.00010890872732635907
7563.1598593078925,2.1743400928800845e-05
7563.980336619599,9.141626633193256e-05
7564.800813931305,0.0001363339893697799
7565.621291243011,8.907789009836661e-05
7566.441768554718,3.0157558588419974e-05
7567.262245866424,6.858390945023976e-05
7568.0827231781295,0.00011093918587266119
7568.903200489836,1.0817464086947818e-05
7569.723677801542,9.330313917192676e-05
7570.544155113249,9.670406082613243e-05
7571.364632424955,7.063745958877271e-05
7572.185109736661,6.646468436773946e-05
7573.0055870483675,2.2831421041741242e-05
7573.826064360073,7.024555113015283e-05
7574.646541671779,0.00015553357583208678
7575.467018983486,7.49465485482247e-05
7576.287496295192,3.056923140064828e-05
7577.107973606899,9.878043047908719e-05
7577.9284509186045,7.556806483043615e-05
7578.74892823031,5.137156603248955e-05
7579.569405542017,8.643734853113628e-05
7580.389882853723,0.0001242287708835982
7581.210360165429,5.129787593100045e-05
7582.030837477136,0.0001146104493307237
7582.851314788842,0.00013656374980018933
7583.671792100548,4.777417418940627e-05
7584.492269412254,7.200769584394364e-05
7585.31274672396,2.681436147090992e-05
7586.133224035667,7.461574535020016e-05
7586.953701347373,5.548900217766061e-05
7587.774178659079,0.00011743909946316176
7588.594655970785,0.00011882251613064267
7589.415133282491,0.00011146895287091939
7590.235610594198,3.612606536773145e-05
7591.056087905904,0.00014258581175578873
7591.87656521761,0.00016095889763598697
7592.697042529317,6.61585147429902e-05
7593.5175198410225,2.1917740198389243e-05
7594.337997152728,1.6862565047040545e-05
7595.158474464435,5.3887251991005733e-05
7595.978951776141,0.0001416899661486133
7596.799429087848,0.0001699408386906289
7597.619906399554,0.00010094577306223755
7598.4403837112595,0.00017989298863597066
7599.260861022966,0.00012615914464447837
7600.081338334672,4.4450263499364583e-05
7600.901815646378,6.44640305777509e-05
7601.722292958085,6.180801360921604e-05
7602.542770269791,0.00016382089679859292
7603.3632475814975,0.00014996484185007198
7604.183724893203,0.0001395016726035931
7605.004202204909,0.00019622996548822859
7605.824679516616,0.00012330112349340626
7606.645156828322,0.00010989268069273435
7607.465634140029,0.000154490700376717
7608.2861114517345,0.00010222404202070642
7609.10658876344,0.00011707882158803965
7609.927066075147,3.2659066715987024e-05
7610.747543386853,7.51793716981201e-05
7611.568020698559,0.00011727236529995264
7612.388498010266,0.0001371477668944919
7613.208975321972,0.00014828692268166192
7614.029452633678,0.00019093782763260334
7614.849929945384,0.00014961166132289422
7615.67040725709,0.00019292867367272623
7616.490884568797,0.00020571102642333018
7617.311361880503,9.402249341912548e-05
7618.131839192209,0.00011133350908860006
7618.952316503915,0.00014416104481573504
7619.772793815621,9.222651738623442e-05
7620.593271127328,3.230015070383266e-05
7621.413748439034,7.991942667860055e-05
7622.23422575074,0.00021004796096357975
7623.054703062447,0.0002511594661777702
7623.8751803741525,0.000205670905105607
7624.695657685858,0.00013614793610449612
7625.516134997565,0.00012385454352882602
7626.336612309271,8.664352465310233e-05
7627.157089620978,1.8271729477218162e-05
7627.977566932684,0.00011162421631134942
7628.7980442443895,0.00018056288234745784
7629.618521556096,0.0001383934717604058
7630.438998867802,9.988672706671608e-05
7631.259476179508,0.00010436030299447838
7632.079953491215,9.873052714009077e-05
7632.900430802921,0.00016744568669975214
7633.7209081146275,0.0001561757637594833
7634.541385426333,6.18126482103489e-05
7635.361862738039,0.00012286280202742942
7636.182340049746,0.0001503781242899465
7637.002817361452,0.00013831239331917925
7637.823294673158,3.193865438051323e-05
7638.6437719848645,0.00010835433910460622
7639.46424929657,0.0001921672066228656
7640.284726608277,0.00010002756501422373
7641.105203919983,0.00011784379243203986
7641.925681231689,2.0257290244610744e-05
7642.746158543396,7.151684338950034e-05
7643.566635855102,5.949171847160021e-05
7644.3871131668075,5.2194078727903254e-05
7645.207590478514,9.944752175767614e-05
7646.02806779022,0.00014611345236519607
7646.848545101927,3.7439244999031843e-05
7647.669022413633,6.576590987655763e-05
7648.489499725339,4.6204075284570834e-05
7649.309977037045,7.42710366323623e-06
7650.130454348751,8.544281812878137e-05
7650.950931660458,8.256939855935757e-05
7651.771408972164,4.8871294428014535e-05
7652.59188628387,6.25285128421331e-05
7653.412363595577,0.00011543932401217885
7654.2328409072825,0.00023126967285738625
7655.053318218988,0.00017564295252745028
7655.873795530695,3.175659726256519e-05
7656.694272842401,6.419244244511575e-05
7657.514750154108,6.4886793100109e-05
7658.335227465814,0.00012216195920751073
7659.1557047775195,0.00020311772881776436
7659.976182089226,0.0001865908288198543
7660.796659400932,0.00016556187144282526
7661.617136712638,6.277818487207881e-05
7662.437614024345,0.00010263314997639418
7663.258091336051,8.522551341752437e-05
7664.0785686477575,3.515431619650659e-05
7664.899045959463,6.284046318419047e-05
7665.719523271169,3.805300779094082e-05
7666.540000582876,4.668325962764062e-05
7667.360477894582,5.2414712388072276e-05
7668.180955206288,0.00016460810256520807
7669.0014325179945,0.00016643630746920513
7669.8219098297,8.417758375430193e-05
7670.642387141407,8.009537433830844e-05
7671.462864453113,6.745349376149384e-05
7672.283341764819,0.00012207314787152372
7673.103819076526,0.00015951475614731892
7673.924296388232,0.00012271341368117706
7674.7447736999375,0.00019054219402218347
7675.565251011644,0.0002035918672319639
7676.38572832335,9.713022998943829e-05
7677.206205635057,6.363509147485477e-05
7678.026682946763,0.00014770666213984252
7678.847160258469,8.036559208713572e-05
7679.667637570175,4.07974286135153e-05
7680.488114881881,0.00010501904391264509
7681.308592193587,5.1123880548271835e-05
7682.129069505294,0.0001313201041626819
7682.949546817,8.69809690459307e-05
7683.770024128707,5.586689429289403e-05
7684.5905014404125,8.533327612039425e-05
7685.410978752118,6.390614117567802e-05
7686.231456063825,9.878919371211757e-05
7687.051933375531,0.00015935771918406793
7687.872410687237,0.00010796090558621888
7688.692887998944,0.00013616764422923563
7689.5133653106495,0.0001278785462025363
7690.333842622356,0.0001265203370643556
7691.154319934062,0.00012600534926352684
7691.974797245768,6.865953186261749e-05
7692.795274557475,7.204516207350118e-05
7693.615751869181,0.00013311473744271774
7694.4362291808875,0.00013227484284082734
7695.256706492593,0.0001974969929123718
7696.077183804299,0.0002730778368021805
7696.897661116006,0.00014713306634016004
7697.718138427712,7.748385556667076e-05
7698.538615739418,0.00010198184785459599
7699.359093051125,2.2439290887615885e-05
7700.17957036283,0.00012927209102192548
7701.000047674537,0.00017736591324554952
7701.820524986243,6.0267401575376675e-05
7702.641002297949,0.00020921554423425614
7703.461479609656,0.00011066878803289598
7704.281956921362,5.1359306342705185e-05
7705.1024342330675,0.00010964418632628143
7705.922911544774,8.207476482732953e-05
7706.74338885648,5.58025135572273e-05
7707.563866168187,8.043440566462598e-05
7708.384343479893,0.00017837364503192445
7709.204820791599,0.0002955544671852402
7710.025298103305,0.00024331221155993486
7710.845775415011,0.0001568574543676939
7711.666252726717,0.00015430426108067262
7712.486730038424,0.00023877269673120978
7713.30720735013,0.00020778360346875626
7714.127684661837,8.511487458445824e-05
7714.9481619735425,2.4274435024831247e-05
7715.768639285248,7.672369970803311e-05
7716.589116596955,0.00011925406706178841
7717.409593908661,7.72834908059735e-05
7718.230071220367,4.6954969892666985e-05
7719.050548532074,4.5150160047797945e-05
7719.8710258437795,2.890914265310724e-05
7720.691503155486,3.30396461246743e-05
7721.511980467192,3.450370546398425e-05
7722.332457778898,0.00010003931273423599
7723.152935090605,7.99158846847502e-05
7723.973412402311,0.0002508363902156911
7724.793889714017,0.00021621028241102107
7725.614367025723,0.00013181624240356032
7726.434844337429,3.9595298672599087e-05
7727.255321649136,7.12322675702233e-05
7728.075798960842,7.602352632308142e-05
7728.896276272548,0.0001355977883915301
7729.716753584255,0.00020312465074749138
7730.53723089596,0.00020782370617983145
7731.357708207666,0.00014047373104808433
7732.178185519373,0.00018565059698848077
7732.998662831079,0.0002315179463883037
7733.819140142786,0.00012961752566435195
7734.639617454492,0.00013789614287699017
7735.4600947661975,0.0001251725551983608
7736.280572077904,8.305094102879264e-05
7737.10104938961,0.00011421617636559367
7737.921526701316,0.00015822025659976917
7738.742004013023,0.0001087147405022852
7739.562481324729,0.0001227442848418488
7740.382958636435,5.333839547568698e-05
7741.203435948141,2.0922238891014935e-05
7742.023913259847,0.00012955805185995946
7742.844390571554,6.028634011235078e-05
7743.66486788326,0.00012746780145188145
7744.485345194967,0.0001730158816978984
7745.3058225066725,7.908307362237647e-05
7746.126299818378,0.00015392279718482837
7746.946777130085,4.270172419601145e-05
7747.767254441791,0.00017727721306012262
7748.587731753497,0.00015028725283500806
7749.408209065204,8.360741503231884e-05
7750.2286863769095,6.345654665753648e-05
7751.049163688616,3.9904237347738986e-05
7751.869641000322,0.00015073785191606766
7752.690118312028,0.00014951366178049874
7753.510595623735,1.9740566355908156e-05
7754.331072935441,9.902012911486414e-05
7755.151550247147,0.00011642050068488256
7755.972027558853,0.00011161969019886071
7756.792504870559,0.0001538855723167805
7757.612982182266,8.082154477567884e-05
7758.433459493972,8.91686275262055e-05
7759.253936805678,0.00013528354195377275
7760.074414117385,3.699292976973005e-05
7760.89489142909,0.0001410360118749507
7761.715368740796,5.2974573498428303e-05
7762.535846052503,8.395785579780382e-05
7763.356323364209,3.8693627713100943e-05
7764.176800675916,1.368728609131966e-05
7764.997277987622,0.00013741680844244882
7765.8177552993275,0.00016080649528719588
7766.638232611034,0.00010279285022978934
7767.45870992274,5.5581258888368597e-05
7768.279187234446,9.919691705522642e-05
7769.099664546153,0.00013271482129417192
7769.920141857859,0.00017823436288480496
7770.740619169565,7.055869780883011e-05
7771.561096481271,3.4803560801045574e-05
7772.381573792977,2.621457114239422e-05
7773.202051104684,6.505811158591237e-05
7774.02252841639,5.040315704835045e-05
7774.843005728096,0.0001793506403029049
7775.6634830398025,0.00024020984251182478
7776.483960351508,0.00014008985221958885
7777.304437663215,7.749656557816925e-05
7778.124914974921,0.00012280558203315892
7778.945392286627,3.044205638998234e-05
7779.765869598334,9.028232434020536e-05
7780.5863469100395,1.6637664216822413e-05
7781.406824221745,0.00013325447342607045
7782.227301533452,0.0001439020549270499
7783.047778845158,5.9699480981753956e-05
7783.868256156865,0.00020774929177417057
7784.688733468571,0.0003029788370252935
7785.509210780277,0.00012098798426256751
7786.329688091983,8.22126339720698e-05
7787.150165403689,0.0001920140958678476
7787.970642715396,0.00022223334008160454
7788.791120027102,0.00012055129072918991
7789.611597338808,7.402849275057516e-05
7790.432074650515,7.535212663209644e-05
7791.25255196222,0.00011602952872480355
7792.073029273926,0.00012212424057825207
7792.893506585633,0.0001328187538024247
7793.713983897339,0.00019829139678502526
7794.534461209046,0.00017809284475278647
7795.354938520752,0.00017454527921411753
7796.1754158324575,0.00020944503031082725
7796.995893144164,0.00019048416471099207
7797.81637045587,4.0003104486414966e-05
7798.636847767576,0.00010456339283625176
7799.457325079283,4.417990171568833e-05
7800.277802390989,0.00015520806073423342
7801.098279702695,0.00017856689704907728
7801.918757014401,0.00012645018481756778
7802.739234326107,0.0001614941365301326
7803.559711637814,0.00014759167534965855
7804.38018894952,0.00012336653188057474
7805.200666261226,0.0002105059258810831
7806.0211435729325,0.000128112106549874
7806.841620884638,9.804154040820222e-05
7807.662098196345,0.0002041360187238589
7808.482575508051,0.00021444021445062594
7809.303052819757,0.00013920895876645592
7810.123530131464,0.00013178022421898462
7810.9440074431695,0.00015361598751999773
7811.764484754875,0.00021755588570149763
7812.584962066582,0.00016131902482366265
7813.405439378288,0.000108737864928136
7814.225916689995,0.00011220125091080302
7815.046394001701,0.0001598367485699971
7815.866871313407,9.26196264059661e-05
7816.687348625113,6.501392529344052e-05
7817.507825936819,0.00010626341795940524
7818.328303248525,0.00010867277754122327
7819.148780560232,8.596598426739003e-05
7819.969257871938,0.0001203611231506367
7820.789735183645,0.00010679155820756498
7821.61021249535,6.171665499023016e-05
7822.430689807056,6.512140476278179e-05
7823.251167118763,6.100813382325642e-05
7824.071644430469,5.465853942401057e-05
7824.892121742175,5.291417621016303e-05
7825.712599053882,7.512761782969351e-05
7826.5330763655875,5.281929039505633e-05
7827.353553677294,0.00013648359819229728
7828.174030989,8.304314139165392e-05
7828.994508300706,7.969891568684697e-05
7829.814985612413,8.092573956417074e-05
7830.635462924119,5.9660315487670014e-05
7831.455940235825,6.589892573046884e-05
7832.276417547531,7.143830784824916e-05
7833.096894859237,0.000150755568713003
7833.917372170944,0.00017050002958112292
7834.73784948265,0.00012310208062484495
7835.558326794356,0.00014072148195379337
7836.3788041060625,9.193034986003055e-05
7837.199281417768,0.0001529011526259102
7838.019758729475,0.00014459710922867214
7838.840236041181,0.00018357949465737963
7839.660713352887,0.00019794189919037017
7840.481190664594,0.00018025875307460678
7841.3016679762995,0.00012687423385573972
7842.122145288005,0.00016268716187513134
7842.942622599712,0.00013522709113362094
7843.763099911418,6.202951415228479e-05
7844.583577223125,0.00010395903422264109
7845.404054534831,9.381757000291442e-05
7846.224531846537,0.0001017346086778172
7847.045009158243,0.00023560070234016233
7847.865486469949,0.00021599118790109815
7848.685963781655,0.00010665520944494736
7849.506441093362,0.00012566916768610916
7850.326918405068,0.00025072388182037703
7851.147395716775,0.00011303278135187902
7851.96787302848,7.361159812654194e-05
7852.788350340186,9.070650081960594e-05
7853.608827651893,0.00012957759570451905
7854.429304963599,0.0001782398879650058
7855.249782275305,9.257994140046921e-05
7856.070259587012,5.079523514223775e-05
7856.8907368987175,0.00013092802333158402
7857.711214210424,0.00019225357816557114
7858.53169152213,0.00018619312873591643
7859.352168833836,0.00013846126864847032
7860.172646145543,0.00020110951554169073
7860.993123457249,0.00021203553170432115
7861.8136007689545,8.66996698358485e-05
7862.634078080661,9.778163225564829e-05
7863.454555392367,0.00021809772073300596
7864.275032704074,0.0001794717180851799
7865.09551001578,0.0001398106251498352
7865.915987327486,3.850236787725218e-05
7866.7364646391925,2.8672417958078286e-05
7867.556941950898,4.547489745579734e-05
7868.377419262604,4.859744167072032e-05
7869.197896574311,0.00015263327515161856
7870.018373886017,0.00022248247717733744
7870.838851197724,0.000164028413487825
7871.6593285094295,8.139830042557299e-05
7872.479805821135,5.6234103739943736e-05
7873.300283132842,0.00011528157123046096
7874.120760444548,8.267927610358724e-05
7874.941237756255,0.00010438833277484661
7875.761715067961,0.00018810528852604866
7876.582192379667,0.00017145332059206937
7877.402669691373,0.0001378197491514462
7878.223147003079,0.00013014596534374363
7879.043624314785,0.00014326490784914164
7879.864101626492,0.0001252345474809353
7880.684578938198,0.0001458880997670704
7881.505056249905,5.668862843822942e-05
7882.32553356161,0.00011234690153202786
7883.146010873316,0.0001049347815940347
7883.966488185023,1.7592948029914975e-05
7884.786965496729,5.2358872231705315e-05
7885.607442808435,3.470844358843207e-05
7886.427920120142,7.482780300073805e-05
7887.2483974318475,6.286995676520952e-05
7888.068874743554,4.3260423930303834e-05
7888.88935205526,6.430400390757237e-05
7889.709829366966,4.672703339823449e-05
7890.530306678673,7.198601857520123e-05
7891.350783990379,6.764173655510727e-05
7892.1712613020845,0.00014475567872193062
7892.991738613791,9.968282572499177e-05
7893.812215925497,4.925650691287401e-05
7894.632693237204,7.686781359828673e-05
7895.45317054891,0.00011177623504713285
7896.273647860616,0.00016785024747533231
7897.0941251723225,0.00016433681137643347
7897.914602484028,0.00018572388171489827
7898.735079795734,0.00011687092856141562
7899.555557107441,9.148046563319042e-05
7900.376034419147,0.00015317127711414656
7901.196511730854,0.00011146607193107944
7902.0169890425595,2.915751102858822e-05
7902.837466354265,0.0001698156507777231
7903.657943665972,0.00026977459778504615
7904.478420977678,0.00018546011570261202
7905.298898289384,0.00013367103668132906
7906.119375601091,6.37318084478845e-05
7906.939852912797,9.75177151650163e-05
7907.760330224503,5.829911830095626e-05
7908.580807536209,0.0001621796720713867
7909.401284847915,0.0001576925018991423
7910.221762159622,0.0001602612405752802
7911.042239471328,0.0001377453365829146
7911.862716783034,0.00010273410025432346
7912.68319409474,6.478003053697024e-05
7913.503671406446,0.00016267234755174033
7914.324148718153,0.00014974662138818266
7915.144626029859,0.00011347069575603027
7915.965103341565,3.175366354741749e-05
7916.785580653272,7.67987779111666e-05
7917.6060579649775,0.00013668127301460863
7918.426535276684,9.54080535967011e-05
7919.24701258839,5.409835090869977e-05
7920.067489900096,6.46936442840981e-05
7920.887967211803,0.00013672930642858843
7921.708444523509,0.0001588227050983969
7922.5289218352145,0.00015338347316117462
7923.349399146921,9.214444064708291e-05
7924.169876458627,0.00011026797743927826
7924.990353770334,0.00013512459141493412
7925.81083108204,0.00010032501242723086
7926.631308393746,7.24474056258256e-05
7927.4517857054525,0.00020304279861934615
7928.272263017158,0.00022311715969251873
7929.092740328864,0.00013193353503692192
7929.913217640571,0.00011446441827994652
7930.733694952277,0.00013482111182564076
7931.554172263984,0.0001119193702388077
7932.37464957569,7.558339940685198e-05
7933.195126887395,2.9275288596655894e-05
7934.015604199102,0.0001523807920740502
7934.836081510808,0.00011906830224179262
7935.656558822514,0.00011131833315259485
7936.477036134221,9.371454686339481e-05
7937.297513445927,0.00014159290271478805
7938.117990757633,8.444274408645009e-05
7938.938468069339,7.443792711896522e-05
7939.758945381045,6.10740216008552e-05
7940.579422692752,9.197616010418328e-05
7941.399900004458,1.4143590888992402e-05
7942.220377316164,6.208134872850394e-05
7943.04085462787,4.2549406679642424e-05
7943.861331939576,1.2073886325521295e-05
7944.681809251283,5.43783206768405e-05
7945.502286562989,7.649057739113949e-05
7946.322763874695,5.172672110920483e-05
7947.143241186402,3.227944390417649e-05
7947.9637184981075,3.737782077317801e-05
7948.784195809813,6.013019244620233e-05
7949.60467312152,2.627746559361944e-05
7950.425150433226,0.00014272425442362087
7951.245627744933,0.00014919704330911132
7952.066105056639,0.00016674517917314335
7952.8865823683445,0.00013458400493678477
7953.707059680051,8.98644836264817e-05
7954.527536991757,8.547741207671134e-05
7955.348014303463,0.00015818224206228353
7956.16849161517,0.00013841191215288625
7956.988968926876,7.596110021871381e-05
7957.8094462385825,9.734906502698607e-05
7958.629923550288,9.818520705643874e-05
7959.450400861994,9.707509763557858e-05
7960.270878173701,0.00010323267043848221
7961.091355485407,4.473126061623966e-05
7961.911832797114,6.893752784524457e-05
7962.73231010882,8.610381100511936e-05
7963.552787420525,0.00014834443127298687
7964.373264732232,0.00013277419485537272
7965.193742043938,5.9484565246207176e-05
7966.014219355644,0.00012964118408452266
7966.834696667351,9.162058143698562e-05
7967.655173979057,6.681832153184105e-05
7968.475651290763,9.366012846766845e-05
7969.296128602469,9.189712280902685e-05
7970.116605914175,6.84977631005691e-05
7970.937083225882,0.0001696780199185407
7971.757560537588,0.00018699403772962753
7972.578037849294,6.089558192594272e-05
7973.398515161,0.00019038534288172987
7974.218992472706,0.0001920570082955826
7975.039469784413,0.00012821766463588918
7975.859947096119,9.445330526884606e-05
7976.680424407825,5.411838309346975e-05
7977.500901719532,0.00015523501699103929
7978.3213790312375,0.00023639023607951337
7979.141856342943,2.9407127021325026e-05
7979.96233365465,0.0002187667805927932
7980.782810966356,0.000146517883179009
7981.603288278063,7.070698155869173e-05
7982.423765589769,0.00010340438458405932
7983.2442429014745,0.00010499689394670215
7984.064720213181,0.00012535550777836933
7984.885197524887,0.00010247149790433472
7985.705674836593,8.511631619796326e-05
7986.5261521483,6.790013343278203e-06
7987.346629460006,0.00014130487444571275
7988.1671067717125,0.00020029726018883036
7988.987584083418,0.0001185297865060173
7989.808061395124,3.675185524919092e-05
7990.628538706831,0.00014377427073286497
7991.449016018537,0.00017651848120182886
7992.269493330243,0.0001336684008636056
7993.08997064195,6.774384698132533e-05
7993.910447953655,7.196697139689956e-05
7994.730925265362,6.695987168053372e-05
7995.551402577068,0.00017299303234759374
7996.371879888774,0.0001954693128766614
7997.192357200481,9.753578217754735e-05
7998.012834512187,0.00010725592867585558
7998.8333118238925,0.00018145970771632296
7999.653789135599,0.0001726115608117519
8000.474266447305,0.00017344480968483527
8001.294743759012,0.00010818618561984518
8002.115221070718,0.00010830872275187093
8002.935698382424,9.968792923444083e-05
8003.75617569413,2.7017858818995536e-05
8004.576653005836,9.42997835319427e-05
8005.397130317543,5.854268686687791e-05
8006.217607629249,4.43199343512872e-05
8007.038084940955,1.1338298398382898e-05
8007.858562252662,6.026771565579994e-05
8008.6790395643675,0.00010420691159891911
8009.499516876073,0.0001346353488143501
8010.31999418778,0.000186363657874193
8011.140471499486,0.0001396891622659612
8011.960948811193,2.4442610442475425e-05
8012.781426122899,5.4554496421390824e-05
8013.6019034346045,5.5800300313407064e-05
8014.422380746311,0.00012571629840550566
8015.242858058017,0.00021341973330822153
8016.063335369723,8.382887575749349e-05
8016.88381268143,0.00011185660101939546
8017.704289993136,0.0002215762486408165
8018.5247673048425,0.00016906502337369874
8019.345244616548,8.44416251185953e-05
8020.165721928254,4.986763766124839e-05
8020.986199239961,9.038049528994031e-05
8021.806676551667,0.00014737481639565727
8022.627153863373,0.00010848766669984371
8023.44763117508,0.00019344782671019563
8024.268108486785,0.00023901966703341994
8025.088585798492,0.0002571513095518694
8025.909063110198,9.311004974396407e-05
8026.729540421904,0.00014875113688519312
8027.550017733611,0.0001166702255113257
8028.370495045317,0.0001537086295319256
8029.1909723570225,0.00013197405937847716
8030.011449668729,5.617098253920513e-05
8030.831926980435,0.00023754975713724384
8031.652404292142,0.0001890648425400974
8032.472881603848,0.0001088230422319704
8033.293358915554,0.00010155092451054798
8034.11383622726,0.00010746490893458989
8034.934313538966,0.00011028839562095403
8035.754790850672,5.0388351959081894e-05
8036.575268162379,7.160076460147104e-05
8037.395745474085,9.783283072690879e-05
8038.216222785792,0.00018533119314682062
8039.0367000974975,0.00017970649391926157
8039.857177409203,5.473140776264163e-05
8040.67765472091,0.00022705074537379024
8041.498132032616,0.0002451162471608713
8042.318609344322,0.00010531690369752753
8043.139086656029,0.00016066685666652308
8043.9595639677345,0.00015833821988627453
8044.780041279441,0.00017993985940848974
8045.600518591147,0.00015092204158849418
8046.420995902853,0.00013895855449882146
8047.24147321456,2.8979181748095504e-05
8048.061950526266,0.0001221792986746669
8048.8824278379725,0.00010663624512655897
8049.702905149678,0.00016183282536307304
8050.523382461384,7.687030083881213e-05
8051.343859773091,7.023476200853925e-05
8052.164337084797,5.467676715132098e-05
8052.984814396503,4.252267159015994e-05
8053.80529170821,9.145763312519043e-05
8054.625769019915,0.00017163749437538878
8055.446246331622,0.00011968248133643196
8056.266723643328,6.910853866386815e-05
8057.087200955034,9.09913732453282e-05
8057.907678266741,2.9523804211817784e-05
8058.728155578447,0.00010449451596997277
8059.5486328901525,7.150424538552279e-05
8060.369110201859,9.06908101410834e-05
8061.189587513565,0.00010125351095030222
8062.010064825272,9.966110194322665e-05
8062.830542136978,0.00014159468102096189
8063.651019448684,6.64472741853202e-05
8064.47149676039,0.000125471831674938
8065.291974072096,0.00017557689593710005
8066.112451383802,0.0001866895546293495
8066.932928695509,0.0001275539638923821
8067.753406007215,8.353773671316543e-05
8068.573883318922,8.342591270506121e-05
8069.3943606306275,6.186229423127266e-05
8070.214837942333,5.404326670595924e-05
8071.03531525404,2.0038169165402254e-05
8071.855792565746,5.2367739118542915e-05
8072.676269877452,6.947770767997724e-05
8073.496747189159,7.177103502033871e-05
8074.3172245008645,0.00010176973302629194
8075.137701812571,9.719531166767e-05
8075.958179124277,0.00013734882662097702
8076.778656435983,0.0001402112381478433
8077.59913374769,0.00014712003796693438
8078.419611059396,0.00018353075321836095
8079.240088371102,0.0001304316255092155
8080.060565682808,0.0001234289729022537
8080.881042994514,9.11138888374497e-05
8081.701520306221,8.133572620833707e-05
8082.521997617927,0.0001973852703835735
8083.342474929633,3.744032348740454e-05
8084.16295224134,0.00021122094201190422
8084.983429553045,0.0001609043356706375
8085.803906864751,0.0001002454115639583
8086.624384176458,0.00014967147834796008
8087.444861488164,2.0021361306871303e-05
8088.265338799871,9.220798982948421e-05
8089.085816111577,8.292469685073333e-05
8089.9062934232825,0.00011547854251941044
8090.726770734989,0.0001492473238458576
8091.547248046695,6.631827388129877e-05
8092.367725358402,9.038079680887681e-05
8093.188202670108,0.00020980161503443836
8094.008679981814,0.00014372268424642858
8094.82915729352,9.59883016383604e-05
8095.649634605226,0.0001073593847870097
8096.470111916932,2.5148477778860925e-05
8097.290589228639,8.315376313595754e-05
8098.111066540345,0.0001428120912770463
8098.931543852052,6.007219872687925e-05
8099.7520211637575,0.00015611025493252832
8100.572498475463,0.00010870161647047009
8101.39297578717,0.00013796652013122295
8102.213453098876,8.348026304100477e-05
8103.033930410582,5.907451116241447e-05
8103.854407722289,0.00020932144416213803
8104.6748850339945,0.00011952808097879867
8105.495362345701,0.00012623281903702128
8106.315839657407,0.00010927204397413036
8107.136316969113,0.00018694357999626967
8107.95679428082,0.00014665321923344006
8108.777271592526,0.00011979477965713586
8109.597748904232,0.00015188269268848195
8110.418226215938,0.00020982059663520036
8111.238703527644,0.00013301103521231266
8112.059180839351,0.0002298231374337093
8112.879658151057,0.0002907014205797869
8113.700135462763,0.0001971417367540012
8114.52061277447,8.90610343328052e-05
8115.341090086175,6.661540517333562e-05
8116.161567397881,0.00015727889096295276
8116.982044709588,0.0001134891111860397
8117.802522021294,4.283491552547481e-05
8118.622999333001,0.00017316201978013432
8119.443476644707,0.0001942138283231533
8120.2639539564125,6.977362588233433e-05
8121.084431268119,7.37436933592332e-05
8121.904908579825,0.0002044534611603152
8122.725385891531,0.00019029272711295044
8123.545863203238,0.00011666599332292853
8124.366340514944,8.109892591521469e-05
8125.18681782665,4.7420171130389295e-05
8126.007295138356,7.196426831371568e-05
8126.827772450062,0.00020118274900614067
8127.648249761769,0.0002812872547227006
8128.468727073475,0.0001932209239610084
8129.289204385181,9.063195488782985e-05
8130.1096816968875,9.50542761223116e-05
8130.930159008593,0.00011091793371147586
8131.7506363203,7.63717532898286e-05
8132.571113632006,0.000157569200949118
8133.391590943712,0.0002287183802985299
8134.212068255419,0.0001402983189034968
8135.0325455671245,0.00010074943811501136
8135.85302287883,0.00014554295576999103
8136.673500190537,0.00018028269344617055
8137.493977502243,0.00016195567811763724
8138.31445481395,7.100619769552972e-05
8139.134932125656,3.425468396997324e-05
8139.955409437362,0.00013027418237961658
8140.775886749068,0.00022276326729210938
8141.596364060774,0.00020398985565544487
8142.416841372481,0.00012016061563312761
8143.237318684187,0.00013551967604164816
8144.057795995893,0.00019016049594008748
8144.8782733076,0.0001939905778803401
8145.698750619305,0.00018230248726487612
8146.519227931011,9.614446816691242e-05
8147.339705242718,7.733679928134034e-05
8148.160182554424,0.00016939444799494218
8148.980659866131,0.00016928694596877935
8149.801137177837,0.0001381439431102416
8150.6216144895425,0.00016690002938191405
8151.442091801249,0.00014249378330922469
8152.262569112955,6.651350846873922e-05
8153.083046424661,2.68807857618991e-05
8153.903523736368,8.838845752564193e-06
8154.724001048074,5.743229892085965e-05
8155.54447835978,7.678522631883365e-05
8156.364955671486,6.82640029840075e-05
8157.185432983192,0.0001056166824484053
8158.005910294899,0.00014420624567677682
8158.826387606605,9.75603714173562e-05
8159.646864918311,9.900447995385204e-05
8160.4673422300175,0.00014341430611666106
8161.287819541723,0.00020416945455046558
8162.10829685343,0.0001645966798919152
8162.928774165136,7.991548348677051e-05
8163.749251476842,4.832182212079779e-05
8164.569728788549,0.00015472264609512284
8165.3902061002545,0.00021550158129649528
8166.21068341196,0.00016244960365717083
8167.031160723667,7.85780852956614e-05
8167.851638035373,0.00019065697977785505
8168.67211534708,0.00010330337630123427
8169.492592658786,8.516590317487869e-05
8170.313069970492,0.0001580424738805801
8171.133547282198,0.00010275704425380728
8171.954024593904,5.826172916400783e-05
8172.77450190561,0.00015426152182457497
8173.594979217317,0.00023451846332257922
8174.415456529023,0.00017315880037050156
8175.23593384073,0.00010173459755484392
8176.056411152435,3.3497980010186605e-06
8176.876888464141,8.917523497172814e-05
8177.697365775848,1.4199257578138656e-05
8178.517843087554,0.00010732982665934665
8179.33832039926,0.0001266403943845723
8180.158797710967,0.0001044157197595733
8180.9792750226725,7.906374310993333e-05
8181.799752334379,6.116925522538236e-05
8182.620229646085,3.065180541770618e-05
8183.440706957791,6.432791934507847e-05
8184.261184269498,0.00010720632077597812
8185.081661581204,7.625549388896551e-05
8185.90213889291,0.00016965208588202866
8186.722616204616,0.00012892350354163436
8187.543093516322,8.747566323009191e-05
8188.363570828029,8.431858778803335e-05
8189.184048139735,9.288363575609494e-05
8190.004525451441,7.26665173972574e-05
8190.8250027631475,8.45807402764294e-05
8191.645480074853,6.735008490151817e-05
8192.46595738656,7.51422885878133e-05
8193.286434698266,0.00017424985194408336
8194.106912009973,0.00016825097828932766
8194.927389321678,0.00013935442399014668
8195.747866633385,0.00010423266178636811
8196.568343945091,2.2544791257467096e-05
8197.388821256796,0.00011471981194791809
8198.209298568503,0.00019003702504948017
8199.02977588021,0.0002859937013104613
8199.850253191915,0.0002513605735470774
8200.670730503622,5.071025210233454e-05
8201.491207815328,0.0001267550009673667
8202.311685127035,9.099902994635502e-05
8203.13216243874,0.00015202418387590848
8203.952639750447,2.344268182725447e-05
8204.773117062154,8.75515360628364e-05
8205.593594373859,9.795711857879535e-05
8206.414071685565,0.00010005012597931904
8207.234548997272,0.0001168526319107698
8208.055026308977,4.9517237417456585e-05
8208.875503620684,0.00010964556522278677
8209.69598093239,0.00011477851911365449
8210.516458244096,0.00010609129084204774
8211.336935555802,0.00011666782881586113
8212.15741286751,6.496383133158791e-05
8212.977890179214,9.464865526224234e-05
8213.798367490921,6.119838968521447e-05
8214.618844802628,0.00010135400010549727
8215.439322114335,9.501534904347186e-05
8216.25979942604,4.105811032631096e-05
8217.080276737746,7.26745860310496e-05
8217.900754049453,0.0001319563006110528
8218.721231361158,0.00013027980253930627
8219.541708672865,9.105479434005483e-05
8220.362185984572,9.214321227790031e-05
8221.182663296277,9.842309551403607e-05
8222.003140607983,7.287443407771509e-05
8222.82361791969,0.00014688767376961365
8223.644095231395,0.00011118266054965292
8224.464572543102,3.5074897358732e-05
8225.285049854809,5.9670487326914096e-05
8226.105527166515,0.00010289403193061198
8226.92600447822,0.00017263869070495162
8227.746481789927,0.00010114874751266952
8228.566959101634,0.00013804357361671684
8229.387436413339,0.00026206764816704266
8230.207913725046,0.0002701759905515273
8231.028391036753,0.0001164917130108206
8231.848868348457,0.00010650840702724449
8232.669345660164,0.0001558178275280976
8233.489822971871,0.00015081736526938752
8234.310300283576,7.208456559833668e-05
8235.130777595283,6.571081970390177e-05
8235.95125490699,0.0003031118329714939
8236.771732218695,0.0002628306518579328
8237.592209530401,1.7953367130832973e-05
8238.412686842108,0.0001222701377235718
8239.233164153815,0.00016736369517807452
8240.05364146552,0.0001939511629225586
8240.874118777227,0.00015227644140460142
8241.694596088933,3.38798874484277e-05
8242.515073400638,0.00014016690630167637
8243.335550712345,0.00014003356773007903
8244.156028024052,0.00016182897563625083
8244.976505335757,0.00013475499651245361
8245.796982647464,0.00010618288322685646
8246.61745995917,9.85516596418172e-05
8247.437937270875,5.641550616724899e-05
8248.258414582582,7.414933260869789e-05
8249.078891894289,5.7436950065359396e-05
8249.899369205994,6.296374753975808e-05
8250.7198465177,8.737134196071471e-05
8251.540323829407,0.00012294249314026933
8252.360801141114,0.00013836923061805295
8253.18127845282,0.00017004873348427506
8254.001755764526,0.0001970551014406518
8254.822233076233,0.00017432637801528881
8255.642710387938,4.340972469861647e-05
8256.463187699645,8.861286378994234e-05
8257.283665011351,8.799452892822053e-05
8258.104142323056,7.919103813397733e-05
8258.924619634763,8.58100349767452e-05
8259.74509694647,0.00011570830689507382
8260.565574258175,8.489328189343685e-06
8261.386051569882,7.139162641644357e-05
8262.206528881588,2.4347533230186025e-05
8263.027006193293,9.791948790255092e-05
8263.847483505,0.0001362108151961408
8264.667960816707,0.0001393035424491125
8265.488438128414,4.7494080750216826e-05
8266.308915440119,0.0001037510432292506
8267.129392751825,4.17825936058795e-05
8267.949870063532,7.503589267064074e-05
8268.770347375237,0.0001256941962172203
8269.590824686944,0.00022799238257176354
8270.41130199865,0.0002585024825921887
8271.231779310356,0.00018884643703699383
8272.052256622062,0.00010054918456854045
8272.87273393377,4.4729649113432525e-05
8273.693211245474,0.0001585679117631823
8274.513688557181,0.00024765238263493953
8275.334165868888,0.00019103022953589321
8276.154643180595,8.223687644142767e-05
8276.9751204923,1.4889200284336619e-05
8277.795597804006,5.24268347363583e-05
8278.616075115713,0.0001893645535387991
8279.436552427418,0.00015825109897438502
8280.257029739125,6.654918001441672e-05
8281.077507050832,6.696441795042455e-05
8281.897984362537,0.00010167577205535878
8282.718461674243,0.00013970312235186432
8283.53893898595,9.690860054787963e-05
8284.359416297655,2.8589658601392722e-05
8285.179893609362,0.00015257101588661939
8286.000370921069,0.00017430649059668876
8286.820848232774,6.985278661362055e-05
8287.64132554448,0.00014131922392209906
8288.461802856187,0.00011585788310781956
8289.282280167894,4.8672047829556516e-05
8290.102757479599,0.0001718395109528595
8290.923234791306,0.00017201864509673736
8291.743712103013,6.62269765444794e-05
8292.564189414717,0.0001401392888492084
8293.384666726424,0.00016009600676279346
8294.205144038131,0.00019063278381393882
8295.025621349836,0.00023077733585063419
8295.846098661543,0.00014255703123652028
8296.66657597325,7.425110287531107e-06
8297.487053284955,9.522013705496644e-05
8298.307530596661,0.0001387064306005608
8299.128007908368,0.0001048406937518
8299.948485220073,8.287210467079089e-05
8300.76896253178,7.677344512366017e-05
8301.589439843487,5.340712059704792e-05
8302.409917155193,6.556338376661638e-05
8303.230394466898,0.00011119857599462258
8304.050871778605,0.00010750482629255125
8304.871349090312,1.1747479537337827e-05
8305.691826402017,0.00010861243236219322
8306.512303713724,0.00015078932998331796
8307.33278102543,0.00010339066340103946
8308.153258337135,0.00018030141199414885
8308.973735648842,0.00030136694499886384
8309.794212960549,0.00014471103228866694
8310.614690272254,0.0002059156085531845
8311.43516758396,0.0001779364071235697
8312.255644895668,4.8202903262992035e-05
8313.076122207372,7.069179489730129e-05
8313.89659951908,0.00010541025319728201
8314.717076830786,7.990459863660094e-05
8315.537554142493,0.00013235164113249674
8316.358031454198,0.0002705483698206113
8317.178508765905,0.00015615466376020043
8317.998986077611,9.84045558378317e-05
8318.819463389316,0.0001707373726237407
8319.639940701023,0.00025716134139014836
8320.46041801273,0.0002133763647886186
8321.280895324435,0.0001631636690837425
8322.101372636142,8.964905132189581e-05
8322.921849947848,0.00016189792321703506
8323.742327259553,8.741902184667647e-05
8324.56280457126,5.563145531395997e-05
8325.383281882967,5.613955627980401e-05
8326.203759194674,7.16950100240787e-05
8327.024236506379,9.462022365039833e-05
8327.844713818085,8.990074430094422e-05
8328.665191129792,0.00011251847138611614
8329.485668441497,0.00011751761079427622
8330.306145753204,0.00023041572314277026
8331.12662306491,0.00026756036590755975
8331.947100376616,0.00025315879494680914
8332.767577688322,0.00018723872447517595
8333.58805500003,0.00012251954155613614
8334.408532311734,0.00012770617985832805
8335.229009623441,0.00012736182025389005
8336.049486935148,6.8766708909177e-05
8336.869964246853,7.361907883724251e-05
8337.69044155856,0.00011051591008038351
8338.510918870266,0.00011833718483173975
8339.331396181973,9.616810294214774e-05
8340.151873493678,7.571329597737501e-05
8340.972350805385,6.660306329773293e-05
8341.792828117092,5.723202740415531e-05
8342.613305428797,1.5044921901301176e-05
8343.433782740503,4.8865640891357034e-05
8344.25426005221,7.0435358524519e-05
8345.074737363915,4.756415259201568e-05
8345.895214675622,3.7809215550010305e-05
8346.715691987329,7.153262426944447e-05
8347.536169299034,7.953476489461951e-05
8348.35664661074,9.037106319785837e-05
8349.177123922447,0.00011368595127225372
8349.997601234152,0.0001527262028481007
8350.818078545859,7.696120404694592e-05
8351.638555857566,8.467678306450187e-05
8352.459033169273,8.150061671519875e-05
8353.279510480977,0.00013045578949110392
8354.099987792684,0.000103566084135905
8354.920465104391,0.00010475382570730894
8355.740942416096,0.00020942631116627913
8356.561419727803,0.00025106971642549936
8357.38189703951,0.00014993016300760313
8358.202374351215,4.4643429942856774e-05
8359.022851662921,3.811871408834423e-05
8359.843328974628,3.554911938546588e-05
8360.663806286333,0.00012039737794359914
8361.48428359804,6.469022313937295e-05
8362.304760909747,5.319752736288138e-05
8363.125238221453,4.602043425378715e-05
8363.945715533158,7.68141323663709e-05
8364.766192844865,4.7751717401735074e-05
8365.586670156572,5.5608615542491524e-05
8366.407147468277,0.00018904786162718325
8367.227624779984,0.0002192605690207759
8368.04810209169,4.265896303946693e-05
8368.868579403395,1.7374403770372934e-05
8369.689056715102,3.640265847663236e-05
8370.509534026809,0.0001618952979413563
8371.330011338514,0.00015882985965430763
8372.15048865022,0.00015391756726304735
8372.970965961928,0.0001381024070502853
8373.791443273632,0.00015314701569647568
8374.61192058534,0.00027619698628431755
8375.432397897046,0.00018008653014467413
8376.252875208753,0.00011684254052996106
8377.073352520458,0.00011813895437990938
8377.893829832165,0.0001551533344231183
8378.714307143871,0.0002156851765922001
8379.534784455576,0.00011815903860346368
8380.355261767283,0.00011867133519277968
8381.17573907899,5.6232725885280804e-05
8381.996216390695,0.0001019002401587809
8382.816693702402,4.620354013470637e-05
8383.637171014108,0.00013801516895859016
8384.457648325813,9.196308746194651e-05
8385.27812563752,8.407526890127687e-05
8386.098602949227,3.1335284824721335e-05
8386.919080260932,7.302305316802864e-05
8387.739557572639,0.00013681640081106159
8388.560034884345,0.00012951678373912575
8389.380512196052,0.00014229836357034073
8390.200989507757,0.00011245780499188589
8391.021466819464,0.00011252480803426964
8391.84194413117,0.00017585626392919477
8392.662421442876,0.0001699270913474752
8393.482898754582,0.00018857150769369344
8394.30337606629,0.00015775692576215037
8395.123853377994,5.7101051246981845e-05
8395.944330689701,0.0001104232282493113
8396.764808001408,9.907792519324173e-05
8397.585285313113,0.0001987169384341649
8398.40576262482,0.00014527586735311478
8399.226239936526,0.00011050728120026383
8400.046717248231,0.00015747862999458074
8400.867194559938,0.00025471669519263826
8401.687671871645,0.00030875333487752143
8402.508149183352,0.0003400808997475057
8403.328626495057,0.000304031101997428
8404.149103806763,0.0001435166442006444
8404.96958111847,0.00014189428137072508
8405.790058430175,0.00023441140812037608
8406.610535741882,0.00014826235776149951
8407.431013053589,2.133553202834112e-05
8408.251490365294,5.622618057520301e-05
8409.071967677,2.6016878636489428e-05
8409.892444988707,7.882764506377426e-05
8410.712922300412,7.904690151168247e-05
8411.533399612119,5.044485405834573e-05
8412.353876923826,6.751651618155745e-05
8413.174354235533,7.68064390189152e-05
8413.994831547237,7.038391335431744e-05
8414.815308858944,9.28624631333008e-05
8415.635786170651,0.00017888909138503333
8416.456263482356,0.0002467070117813025
8417.276740794063,7.182599741550799e-05
8418.09721810577,4.972425103959312e-05
8418.917695417475,0.00017968637905144938
8419.738172729181,0.00016577396808553413
8420.558650040888,0.00017735475397203176
8421.379127352593,7.248266533053507e-05
8422.1996046643,0.00010081237126831867
8423.020081976007,5.9283645859971036e-05
8423.840559287712,9.417816780657272e-05
8424.661036599418,5.2965127749511014e-05
8425.481513911125,2.3804891279123643e-05
8426.301991222832,2.8847184899873234e-05
8427.122468534537,4.826506178392199e-05
8427.942945846244,6.524763103229271e-05
8428.76342315795,9.746674445444532e-05
8429.583900469655,0.0001458224403115226
8430.404377781362,0.00018884602940899708
8431.224855093069,2.103682767620026e-05
8432.045332404774,0.0001559467638357656
8432.86580971648,0.00018990189118053323
8433.686287028188,5.351170553255916e-05
8434.506764339892,6.511810307174554e-05
8435.3272416516,0.00020016535144566495
8436.147718963306,0.0003574805176874654
8436.968196275011,0.0003076868986231784
8437.788673586718,0.0001423244174249235
8438.609150898425,9.404024065262027e-05
8439.429628210131,4.560802816779743e-05
8440.250105521836,0.00013032251371209455
8441.070582833543,0.00010662968552824722
8441.89106014525,0.00011665730731630111
8442.711537456955,4.014040771951922e-05
8443.532014768662,0.00014577633359856606
8444.352492080368,0.0002266165802152498
8445.172969392073,0.0002667644214941275
8445.99344670378,0.00014834898269452718
8446.813924015487,0.0001496819987278851
8447.634401327192,0.00019521069606475425
8448.454878638899,4.494449493119662e-05
8449.275355950605,0.00017622282655525243
8450.095833262312,0.0001156185237696096
8450.916310574017,5.380780370566821e-05
8451.736787885724,0.00016972670783412018
8452.55726519743,0.0002407586363449079
8453.377742509136,0.00014898238237237373
8454.198219820842,0.00010301837597483575
8455.01869713255,3.6599974251370035e-05
8455.839174444254,6.543859695721035e-05
8456.659651755961,3.62133253687834e-05
8457.480129067668,3.408738328791526e-05
8458.300606379373,0.00016147048048776162
8459.12108369108,0.00013210865961162853
8459.941561002786,7.563913674834762e-05
8460.762038314491,0.0001128971402717269
8461.582515626198,6.905866544265084e-05
8462.402992937905,0.00011706182622046217
8463.223470249612,9.498485638706758e-05
8464.043947561317,0.00017373713519485578
8464.864424873023,8.227761855496854e-05
8465.68490218473,7.711793160130706e-05
8466.505379496435,4.0403315685018036e-05
8467.325856808142,8.844101928245419e-05
8468.146334119849,5.2679690006584694e-05
8468.966811431554,4.2365031626197326e-05
8469.78728874326,4.580892290926824e-05
8470.607766054967,1.622857324883564e-05
8471.428243366672,9.876700543483433e-05
8472.248720678379,0.00014248260838595022
8473.069197990086,7.328952604565526e-05
8473.88967530179,3.510408947515644e-05
8474.710152613497,8.935685337085754e-05
8475.530629925204,0.00020022632449177255
8476.351107236911,0.00023889377502470726
8477.171584548616,0.00011728823972289779
8477.992061860323,4.358746092131892e-05
8478.81253917203,8.768164361128863e-05
8479.633016483735,6.287933613911919e-05
8480.453493795441,6.430587169775624e-05
8481.273971107148,6.631486558440593e-05
8482.094448418853,0.00013941762416145597
8482.91492573056,0.00020670670970853103
8483.735403042267,0.00011127938286150666
8484.555880353972,7.43361516275658e-05
8485.376357665678,0.00013765842334227866
8486.196834977385,4.4269034979688924e-05
8487.01731228909,0.00016948956408368774
8487.837789600797,0.00019652263127226466
8488.658266912504,9.285660661852959e-05
8489.47874422421,0.00011108292171875043
8490.299221535915,0.00016832547258732419
8491.119698847622,0.00012779357578984962
8491.940176159329,3.1101042758064456e-05
8492.760653471034,3.817953412214466e-05
8493.58113078274,0.00023797693075240997
8494.401608094448,0.00029407305389893935
8495.222085406152,0.00010941964559669968
8496.04256271786,4.2037680394132864e-05
8496.863040029566,0.00013248378945834754
8497.683517341271,0.00016318211739349388
8498.503994652978,5.765545045701163e-05
8499.324471964685,7.666816441207906e-05
8500.144949276391,0.00012628484113444218
8500.965426588096,2.2956728890625088e-05
8501.785903899803,4.734098913081496e-05
8502.60638121151,4.731902543167386e-05
8503.426858523215,3.745018120040466e-05
8504.247335834922,0.00013370994302013743
8505.067813146628,0.00013484206597785765
8505.888290458333,9.4926052111397e-05
8506.70876777004,7.327083200162754e-05
8507.529245081747,1.6189518992247036e-05
8508.349722393452,9.51880625599085e-05
8509.170199705159,4.979485892914433e-05
8509.990677016865,0.00021988047119838482
8510.81115432857,0.00012339004011573901
8511.631631640277,4.088776393356836e-05
8512.452108951984,6.329505592330952e-05
8513.27258626369,0.00011034088071656862
8514.093063575396,0.00014373781207031394
8514.913540887102,0.00018570883557886703
8515.73401819881,0.0002328863142340079
8516.554495510514,0.00015061270031292787
8517.374972822221,0.00012797408964504154
8518.195450133928,0.00016334176184262334
8519.015927445633,9.897245673057529e-05
8519.83640475734,0.00020938806329269912
8520.656882069046,0.000248177375455203
8521.477359380751,7.553685336652587e-05
8522.297836692458,0.0002114035627874516
8523.118314004165,8.836735136152993e-05
8523.93879131587,8.14320523268741e-06
8524.759268627577,0.00012783085990693459
8525.579745939283,9.753915000211539e-05
8526.40022325099,0.00012170116017627018
8527.220700562695,0.00018752964949307358
8528.041177874402,7.029011787329555e-05
8528.861655186109,9.02160935180085e-05
8529.682132497814,0.00019892643974559393
8530.50260980952,0.00020921901774908848
8531.323087121227,2.890535473973952e-05
8532.143564432932,0.00016400769110906354
8532.964041744639,8.120448462291339e-05
8533.784519056346,0.0001071126556921015
8534.60499636805,0.00010137945435772163
8535.425473679757,0.00014843980751920625
8536.245950991464,0.0001618983986683633
8537.066428303171,9.552939181270252e-05
8537.886905614876,7.23781383061536e-05
8538.707382926583,0.00025519357703894464
8539.52786023829,0.00015064992658696188
8540.348337549995,0.00011822144444163439
8541.168814861701,0.00019119398112447958
8541.989292173408,6.070686381771428e-05
8542.809769485113,3.7962002789800685e-05
8543.63024679682,0.00010358884201279595
8544.450724108527,6.002870679190477e-05
8545.271201420232,5.9620153562112626e-05
8546.091678731938,2.6578728560486794e-05
8546.912156043645,5.987122049734026e-05
8547.73263335535,7.793861076638629e-05
8548.553110667057,0.00010079529308077128
8549.373587978764,8.711329812360178e-05
8550.19406529047,0.00014811280599508908
8551.014542602175,0.0001522076220158925
8551.835019913882,7.918614827662707e-05
8552.655497225589,0.00010145067206184612
8553.475974537294,0.00012637969618775727
8554.296451849,0.0001468359434897697
8555.116929160708,0.00012557165038082493
8555.937406472412,6.464286622138723e-05
8556.75788378412,9.004534813114174e-05
8557.578361095826,0.00012169778540887014
8558.398838407531,0.00010760846188748622
8559.219315719238,9.163878157566801e-05
8560.039793030945,5.977419014231415e-05
8560.86027034265,0.00015066527646090218
8561.680747654356,0.0003050420253110013
8562.501224966063,0.0003228421419886239
8563.32170227777,0.0002292912838517405
8564.142179589475,6.804770792321422e-05
8564.962656901182,0.00016067522114265062
8565.783134212888,0.00024320577468424714
8566.603611524593,0.000216330649271559
8567.4240888363,0.000102845713804528
8568.244566148007,5.047224957929614e-05
8569.065043459712,4.013895567020047e-05
8569.885520771419,7.647665923271669e-05
8570.705998083125,3.898381140347393e-05
8571.52647539483,0.00011262165598685387
8572.346952706537,8.556468432613652e-05
8573.167430018244,5.903399386970989e-05
8573.987907329949,9.99977510966144e-05
8574.808384641656,0.00010743992931112565
8575.628861953363,0.00011478828105082129
8576.44933926507,0.00011654931818835184
8577.269816576774,8.939240247425217e-05
8578.090293888481,9.09090583526625e-05
8578.910771200188,0.00010889397085299899
8579.731248511893,3.5995613644549207e-05
8580.5517258236,0.00018254540611117745
8581.372203135306,0.00017781297966496892
8582.192680447011,7.983658982631745e-05
8583.013157758718,5.108972257072107e-05
8583.833635070425,0.00011431487063581835
8584.65411238213,0.00017149302427951781
8585.474589693837,4.445977612265989e-05
8586.295067005543,0.00013824074617443328
8587.11554431725,7.030470742693387e-05
8587.936021628955,0.0001608801882834834
8588.756498940662,0.00014706065866394483
8589.576976252369,6.708968502244015e-05
8590.397453564074,8.948504289762507e-05
8591.21793087578,4.70433702695174e-05
8592.038408187487,0.00012459009850667647
8592.858885499192,0.00011970304850605883
8593.679362810899,5.847423929879902e-05
8594.499840122606,2.0803011952275467e-05
8595.32031743431,0.0001688838164134805
8596.140794746017,0.0003103305764024262
8596.961272057724,0.000213794184657057
8597.78174936943,0.00013627842714303252
8598.602226681136,5.684889478878712e-05
8599.422703992843,0.0001770050531784096
8600.24318130455,0.00020348210142499126
8601.063658616255,0.000154655638667597
8601.884135927961,0.00018150501888807293
8602.704613239668,0.0002212178073580607
8603.525090551373,3.88215862071107e-05
8604.34556786308,5.782944962394299e-05
8605.166045174787,8.950522529224018e-05
8605.986522486492,0.00015590073709032817
8606.806999798198,0.0002129127989068173
8607.627477109905,0.0001911666183177881
8608.44795442161,0.0002905289358890831
8609.268431733317,0.000242706024425955
8610.088909045024,0.0001263570219955777
8610.909386356729,0.00015124138651304562
8611.729863668435,8.284719464948373e-05
8612.550340980142,0.0001874941318240867
8613.370818291849,9.212696286326921e-05
8614.191295603554,7.379244205710509e-05
8615.01177291526,9.727122745449961e-05
8615.832250226968,7.249807205132095e-05
8616.652727538672,3.2504846721285106e-05
8617.47320485038,5.490607468452371e-05
8618.293682162086,0.00010321047861107372
8619.114159473791,0.00021176716805274129
8619.934636785498,0.0001478087577590138
8620.755114097205,5.7094623939267676e-05
8621.57559140891,0.00012331280729787022
8622.396068720616,0.00019366349900187295
8623.216546032323,0.00014910722234237744
8624.03702334403,0.00017801539381402293
8624.857500655735,6.15841330499844e-05
8625.677977967442,4.619859690161285e-05
8626.498455279148,4.047514791918392e-05
8627.318932590853,5.20990768237515e-05
8628.13940990256,0.00010101412881699451
8628.959887214267,0.0002368405177851368
8629.780364525972,0.00014683967163944781
8630.600841837679,8.812949830874099e-05
8631.421319149385,2.1156002766250935e-05
8632.24179646109,0.00023618981221052826
8633.062273772797,0.0003402180052235595
8633.882751084504,0.0003529674983304326
8634.703228396209,0.00020230640548713212
8635.523705707916,0.00010269545201968207
8636.344183019623,0.00015969424031339052
8637.16466033133,0.00016165837563464846
8637.985137643034,6.587217361209434e-05
8638.805614954741,0.00013677158345100362
8639.626092266448,0.000192952776226849
8640.446569578153,0.00028092523186192865
8641.26704688986,0.00021368925540159558
8642.087524201566,9.26514709149838e-05
8642.908001513271,0.00010047659471864411
8643.728478824978,6.791850475635918e-05
8644.548956136685,7.771542639113872e-05
8645.36943344839,0.00010744473408242146
8646.189910760097,0.00017291715588423556
8647.010388071803,7.178837937066242e-05
8647.830865383508,7.504720323245035e-05
8648.651342695215,9.770564028287246e-05
8649.471820006922,7.749333409819178e-05
8650.292297318629,3.207580390458421e-05
8651.112774630334,0.00012167037734440681
8651.93325194204,7.814486648899487e-05
8652.753729253747,7.441841857619888e-05
8653.574206565452,6.640938457746623e-05
8654.394683877159,4.7227618986273696e-05
8655.215161188866,0.000131611803465578
8656.03563850057,0.00027127350312792646
8656.856115812277,0.00028423566138686696
8657.676593123984,0.00015607964705205803
8658.49707043569,1.6099524767491874e-05
8659.317547747396,0.0001492083572020019
8660.138025059103,5.429112724136324e-05
8660.958502370808,0.0001272173536457198
8661.778979682515,0.00011461062096988848
8662.599456994221,5.593780976344063e-05
8663.419934305928,0.00011062286124230496
8664.240411617633,5.3801885391877546e-05
8665.06088892934,5.154095743755885e-05
8665.881366241047,0.00014606956322381898
8666.701843552752,0.00014745314034639027
8667.522320864458,9.470615426743e-05
8668.342798176165,0.0001470191971171338
8669.16327548787,0.00020986335328329695
8669.983752799577,9.421759569191627e-05
8670.804230111284,5.154182222039585e-05
8671.624707422989,3.416222565791987e-05
8672.445184734695,0.00012247790812762454
8673.265662046402,9.331499296735195e-05
8674.086139358109,0.000258388488296091
8674.906616669814,0.00014335097329748508
8675.72709398152,0.0001967576574745854
8676.547571293228,0.00015943886351330784
8677.368048604932,3.8706934150939245e-05
8678.18852591664,6.595770838024436e-05
8679.009003228346,5.6524312681552304e-05
8679.829480540051,8.346561260258558e-05
8680.649957851758,8.972403204401323e-05
8681.470435163465,0.00010413615415201817
8682.29091247517,0.00026317083458047343
8683.111389786876,0.00023386910346569903
8683.931867098583,0.0001989383777654944
8684.752344410288,0.00024211929168481712
8685.572821721995,0.0002165979198405487
8686.393299033702,0.0001771890721512207
8687.213776345408,0.00010988327598073722
8688.034253657113,8.488328039874335e-05
8688.85473096882,0.00014843078754890276
8689.675208280527,0.00017910755483096984
8690.495685592232,2.8702383286799188e-05
8691.316162903939,0.0001124739503176977
8692.136640215645,9.229391867450799e-05
8692.95711752735,9.868292416265333e-05
8693.777594839057,5.233512222962553e-05
8694.598072150764,0.0001526249767367998
8695.418549462469,0.0001897487981308136
8696.239026774176,0.00011766317606063705
8697.059504085883,7.790851722874903e-05
8697.879981397587,0.00019249242297356684
8698.700458709294,0.00028280323103140026
8699.520936021001,9.63254372279332e-05
8700.341413332708,0.00013964385224012784
8701.161890644413,0.0001252193274082418
8701.98236795612,8.646501593292853e-05
8702.802845267826,9.457999954561795e-05
8703.623322579531,0.00011788964792810533
8704.443799891238,7.2876520703006e-05
8705.264277202945,1.5674795079302295e-05
8706.08475451465,0.00012172055264611632
8706.905231826357,0.00014269965027265236
8707.725709138063,0.00010616569569210314
8708.546186449768,5.776894687595534e-05
8709.366663761475,9.681168023940973e-05
8710.187141073182,6.305470355480095e-05
8711.007618384887,0.0001101884620307784
8711.828095696594,6.472110073790502e-05
8712.6485730083,8.355869858998394e-05
8713.469050320007,0.00010034793778936687
8714.289527631712,0.0001741988764308635
8715.110004943419,0.00023648611478419286
8715.930482255126,0.0001471771079725788
8716.75095956683,0.00011958559809636555
8717.571436878537,7.075501419574188e-05
8718.391914190244,0.00019985040973510693
8719.21239150195,0.00021670408785270497
8720.032868813656,0.00011141875928688115
8720.853346125363,2.6360189836779175e-05
8721.673823437068,2.8691966100686274e-05
8722.494300748775,7.566139397004046e-05
8723.314778060481,0.00011890170000897828
8724.135255372188,0.00014841505979951212
8724.955732683893,4.7030510652055514e-05
8725.7762099956,0.00016790855386889636
8726.596687307307,0.00010862512053069148
8727.417164619012,0.0001313770114764833
8728.237641930718,0.000171806235044966
8729.058119242425,6.619224404072596e-05
8729.87859655413,0.00018196051701360687
8730.699073865837,0.00014988594895130078
8731.519551177544,8.104418418167704e-05
8732.340028489249,0.00016780543012471095
8733.160505800955,0.00019993757535797575
8733.980983112662,0.00010297192849021001
8734.801460424367,0.00022301712430772465
8735.621937736074,0.00022120208375678117
8736.44241504778,0.00012017265351103735
8737.262892359488,4.487690453267864e-05
8738.083369671192,9.70270208163204e-05
8738.9038469829,0.00012874779406218668
8739.724324294606,0.00016558878267598643
8740.544801606311,0.0001730612553632644
8741.365278918018,0.00011317357754807402
8742.185756229725,0.00014716141901008364
8743.00623354143,7.32069424125156e-05
8743.826710853136,7.734666514354193e-05
8744.647188164843,9.734472449327375e-05
8745.467665476548,0.0001246530473401612
8746.288142788255,0.00016446395296768803
8747.108620099962,0.00019825236613889047
8747.929097411667,6.521930793777768e-05
8748.749574723373,0.00023448539740903975
8749.57005203508,0.00023871870207528613
8750.390529346787,4.687243769669891e-05
8751.211006658492,9.4948242685876e-05
8752.031483970199,2.053099096807811e-05
8752.851961281905,0.00010638947507303365
8753.67243859361,0.00021383610697621558
8754.492915905317,0.00017289940273177757
8755.313393217024,8.613848847257492e-05
8756.133870528729,6.96257694067599e-05
8756.954347840436,0.00010469241806339695
8757.774825152143,7.909629371552749e-05
8758.595302463847,4.81731966029485e-05
8759.415779775554,7.784289764648867e-05
8760.236257087261,0.0001245071922467034
8761.056734398968,0.0001186523801663324
8761.877211710673,9.449805037706449e-05
8762.69768902238,0.00010555154160073139
8763.518166334086,0.00014039218592997384
8764.338643645791,0.00022107889199000927
8765.159120957498,0.0002965883550041259
8765.979598269205,0.0002060068779495792
8766.80007558091,6.326184835260181e-05
8767.620552892617,0.00014106414154989994
8768.441030204323,0.00019724339762571233
8769.261507516028,0.0001848060992415958
8770.081984827735,6.092543180760039e-05
8770.902462139442,0.00011751009053644662
8771.722939451147,0.00023239993394627307
8772.543416762854,0.00010897505078659464
8773.36389407456,0.000191859917193178
8774.184371386267,0.00019391302856161825
8775.004848697972,0.00014762299108950534
8775.825326009679,0.00014017287740980598
8776.645803321386,0.00017070654598457368
8777.46628063309,0.00019617917071085305
8778.286757944798,0.00019780015494032236
8779.107235256504,0.00019925180779857985
8779.92771256821,8.394840125777786e-05
8780.748189879916,9.235000225248872e-05
8781.568667191623,0.00014172758725382914
8782.389144503328,0.00027467970124730757
8783.209621815035,0.00032668925911911344
8784.030099126741,0.00018104326346538775
8784.850576438446,0.00014994130100717853
8785.671053750153,0.00013989019599419583
8786.49153106186,0.00018326414741170007
8787.312008373567,0.00015991554978894416
8788.132485685272,7.980740700488854e-05
8788.952962996978,0.00016308273077616869
8789.773440308685,0.00020068522754679023
8790.59391762039,0.00020350953680634294
8791.414394932097,0.00014823838846327598
8792.234872243804,0.00011945502763767131
8793.055349555509,0.00015994284051891786
8793.875826867215,5.7219231567708485e-05
8794.696304178922,5.1244030009351936e-05
8795.516781490627,7.327371304581361e-05
8796.337258802334,0.0002304796960993492
8797.15773611404,0.0002618414947902662
8797.978213425746,0.00010807658552423397
8798.798690737452,0.00023200421794259386
8799.61916804916,0.00022615135955025793
8800.439645360866,0.00018590962837882862
8801.260122672571,0.00011111953810406336
8802.080599984278,0.0001649758262443353
8802.901077295985,0.00015013034839270008
8803.72155460769,0.00011894880225343983
8804.542031919396,0.00010087820702160523
8805.362509231103,3.534277000490135e-05
8806.182986542808,3.918981349437429e-05
8807.003463854515,0.00018938897098419425
8807.823941166222,0.00023215660969112687
8808.644418477927,0.00011203243975325845
8809.464895789633,0.00016119436382661378
8810.28537310134,0.00028486397520031297
8811.105850413047,0.00032379341046503176
8811.926327724752,0.0002532317360498019
8812.746805036459,0.000120157761099193
8813.567282348165,8.780758692445639e-05
8814.38775965987,0.00013824426256968666
8815.208236971577,0.0001295475971712056
8816.028714283284,5.664067618180399e-05
8816.849191594989,9.831173805853984e-05
8817.669668906696,0.00013258945075086265
8818.490146218403,0.0001891660288188018
8819.310623530107,0.00016517047513447055
8820.131100841814,6.682215581987574e-05
8820.951578153521,0.0001380732279330482
8821.772055465226,0.0001660718074500339
8822.592532776933,0.00014641021559996792
8823.41301008864,3.2476025501817494e-05
8824.233487400346,9.753623222355199e-05
8825.053964712051,6.482492227959968e-05
8825.874442023758,0.00014146622109312103
8826.694919335465,0.0001761318029592017
8827.51539664717,0.00010760004720134206
8828.335873958877,0.00014465458993756026
8829.156351270583,0.00016710474574632237
8829.976828582288,0.00011609630422543165
8830.797305893995,7.48218494786991e-05
8831.617783205702,6.752865258284195e-05
8832.438260517407,8.979307258062257e-05
8833.258737829114,0.0001469361704862276
8834.07921514082,0.00017962464553715316
8834.899692452525,0.00012089689269446432
8835.720169764232,0.0001769074894316778
8836.540647075939,0.00010904272434376439
8837.361124387646,0.0001241001435181927
8838.18160169935,0.00016128587227150811
8839.002079011058,6.702414168590427e-05
8839.822556322764,0.00013340740958474472
8840.64303363447,9.765950071355452e-05
8841.463510946176,7.14671779163692e-05
8842.283988257883,0.0002100166464184602
8843.104465569588,0.0002685588638570521
8843.924942881295,0.00013132721169235363
8844.745420193001,9.595180320617634e-05
8845.565897504706,0.00015836487373220478
8846.386374816413,3.754536401141868e-05
8847.20685212812,6.73476491153852e-05
8848.027329439827,2.3821993922368438e-05
8848.847806751532,2.4759561081667016e-05
8849.668284063238,4.48531155598786e-05
8850.488761374945,8.587178973287432e-05
8851.30923868665,0.00015380275541017238
8852.129715998357,0.0001637195630237062
8852.950193310064,0.00014723861387427883
8853.770670621769,3.668440666600966e-05
8854.591147933475,7.827895124738155e-05
8855.411625245182,0.0002350092272629328
8856.232102556887,0.00016457080836791027
8857.052579868594,0.00013431638729041574
8857.8730571803,0.0001436146537391464
8858.693534492006,0.00012170610160654656
8859.514011803712,0.00015483623702322404
8860.33448911542,0.00010460434480399753
8861.154966427126,5.332699860484548e-05
8861.975443738831,5.512580585078129e-05
8862.795921050538,0.0001278888320111711
8863.616398362245,0.00014298070248228606
8864.43687567395,0.00018157216991163214
8865.257352985656,0.00015292417052829927
8866.077830297363,0.00013484974425242405
8866.898307609068,7.452040893459442e-05
8867.718784920775,0.0002025042053782237
8868.539262232482,0.0002159306494481577
8869.359739544187,0.00019460875764349894
8870.180216855893,6.522944550081862e-05
8871.0006941676,0.00011356407410223592
8871.821171479305,8.990372842183264e-05
8872.641648791012,0.00010698867708223736
8873.462126102719,0.00022571724740702708
8874.282603414425,0.00019685780207015087
8875.10308072613,0.00013884679881047906
8875.923558037837,0.0001761483507000926
8876.744035349544,0.0001616807081598017
8877.564512661249,0.00012503457726939062
8878.384989972956,0.00010999835599404455
8879.205467284663,6.946743374251711e-05
8880.025944596367,9.353205724888426e-05
8880.846421908074,0.00015441990050841568
8881.666899219781,3.799671276156558e-05
8882.487376531486,0.00012866096989444078
8883.307853843193,8.507876617147658e-05
8884.1283311549,9.89317552237712e-05
8884.948808466605,0.00019762413494014107
8885.769285778311,8.054311340829947e-05
8886.589763090018,0.00011351995381026713
8887.410240401725,0.00012938219083698894
8888.23071771343,0.00014972079911981586
8889.051195025137,9.970256136872208e-05
8889.871672336843,0.0001333261902956082
8890.692149648548,0.00026250473995250627
8891.512626960255,0.00023465168803359063
8892.333104271962,7.287850882780127e-05
8893.153581583667,8.397533033770613e-05
8893.974058895374,0.0001921746010019483
8894.79453620708,0.00018923371360839107
8895.615013518785,0.00010362119569002842
8896.435490830492,0.00013094760627459332
8897.255968142199,0.00022355459944971938
8898.076445453906,0.00016311598519762406
8898.89692276561,0.0001226766449991174
8899.717400077318,0.00016849671372866744
8900.537877389024,0.00017734959439408437
8901.35835470073,4.622323362945691e-05
8902.178832012436,5.726522624793194e-05
8902.999309324143,7.2314877452435e-05
8903.819786635848,0.00012001253571010646
8904.640263947555,0.00015808721277239376
8905.460741259261,3.472196256165051e-05
8906.281218570966,0.00011564820659406561
8907.101695882673,0.00020355043847296574
8907.92217319438,0.0002302110736480042
8908.742650506085,8.874323178735571e-05
8909.563127817792,2.062599242689756e-05
8910.383605129498,8.305874645042822e-05
8911.204082441205,0.00011964712469301006
8912.02455975291,6.481489663042179e-05
8912.845037064617,4.37901135968043e-05
8913.665514376324,5.400317563377814e-05
8914.485991688029,4.9413557046785966e-05
8915.306468999735,7.547492205908584e-05
8916.126946311442,3.082696431784151e-05
8916.947423623147,4.2339516443627096e-05
8917.767900934854,6.706016683087827e-05
8918.58837824656,3.947801580305436e-05
8919.408855558266,0.00015261842958201878
8920.229332869972,0.0001340757083027433
8921.04981018168,0.00010932583481381225
8921.870287493384,0.00019261643991798366
8922.690764805091,0.00022710124512592746
8923.511242116798,0.00010934767987291641
8924.331719428505,7.42252439132631e-05
8925.15219674021,0.00020792531020079577
8925.972674051916,0.00028589636396201466
8926.793151363623,0.0002735433641200916
8927.613628675328,0.00020152382881142593
8928.434105987035,5.920482127199499e-05
8929.254583298742,7.33165848224592e-05
8930.075060610447,7.454127662213098e-05
8930.895537922153,0.00011017266196697714
8931.71601523386,0.00011347738852919062
8932.536492545565,0.0001530803115989722
8933.356969857272,0.0002555560889091047
8934.177447168979,0.00019562631438417338
8934.997924480685,0.00015622502866630147
8935.81840179239,0.0002698778539805424
8936.638879104097,0.00019795425953668614
8937.459356415804,0.0001597411268286626
8938.279833727509,0.00014989561115615394
8939.100311039216,0.00012869575382402486
8939.920788350923,0.00010560288369273513
8940.741265662627,0.0002644267446473222
8941.561742974334,0.0002955118815935919
8942.382220286041,8.521955485096849e-05
8943.202697597746,0.0001043281372352446
8944.023174909453,0.00023207922952714612
8944.84365222116,8.363898718535557e-05
8945.664129532865,0.00014528760366079018
8946.484606844571,0.00015883223529485695
8947.305084156278,5.094314370695765e-05
8948.125561467985,7.597043178573829e-05
8948.94603877969,0.00012990958868518387
8949.766516091397,4.781734067342684e-05
8950.586993403103,0.00012557195851365727
8951.407470714808,8.102805966324289e-05
8952.227948026515,0.00013279352871193776
8953.048425338222,0.00021172073375847386
8953.868902649927,0.00026722768389639577
8954.689379961634,0.00024600467511176345
8955.50985727334,0.00010874756981892835
8956.330334585045,8.573170696135565e-05
8957.150811896752,0.00013264897608609907
8957.971289208459,0.00013173235775499367
8958.791766520164,7.897181835890156e-05
8959.61224383187,0.00021562799767705444
8960.432721143578,0.00018272462936782207
8961.253198455284,0.000114455324349799
8962.07367576699,0.00011964989186628264
8962.894153078696,0.00016182472991277053
8963.714630390403,0.00018126530396497616
8964.535107702108,6.724230396284276e-05
8965.355585013815,6.134415831831041e-05
8966.176062325521,8.276284596340639e-05
8966.996539637226,0.00019595547407558696
8967.817016948933,0.00012801309297100848
8968.63749426064,2.0058344382808535e-05
8969.457971572345,3.2321151630437364e-05
8970.278448884052,0.00010751697508683672
8971.098926195758,0.00019169460620187105
8971.919403507463,0.00033145912129256
8972.73988081917,0.00034065381682072993
8973.560358130877,0.00028777078361753573
8974.380835442584,0.00019693382661778333
8975.201312754289,0.00019083957560889873
8976.021790065995,0.00013831977377954784
8976.842267377702,5.6976005084970305e-05
8977.662744689407,0.00014215371160496425
8978.483222001114,0.00027653269753782076
8979.30369931282,0.0002307392589520799
8980.124176624526,0.0001724060440669159
8980.944653936232,0.000151221996031602
8981.76513124794,7.932191799258846e-05
8982.585608559644,9.083226251816529e-05
8983.406085871351,0.00014446647602278618
8984.226563183058,0.00012607716229022517
8985.047040494765,0.0001888874614420108
8985.86751780647,0.0001684578013584599
8986.687995118176,5.640040651989157e-05
8987.508472429883,6.625910226966767e-05
8988.328949741588,0.0001809269572712713
8989.149427053295,0.00028247982043886407
8989.969904365002,0.0002354077290588741
8990.790381676707,0.00024377951878610998
8991.610858988413,0.00019656111005155762
8992.43133630012,0.00011197124309926383
8993.251813611825,6.42481385942015e-05
8994.072290923532,0.00011420450570688309
8994.892768235239,0.00015258546255411478
8995.713245546944,9.060969498260446e-05
8996.53372285865,0.0001237638010524448
8997.354200170357,0.0002052610619944965
8998.174677482064,0.00011196849251975693
8998.995154793769,0.00011735312797057473
8999.815632105476,0.000206079623788274
9000.636109417183,0.00013736557015740398
9001.456586728887,5.986969115695868e-05
9002.277064040594,8.605340265347989e-05
9003.097541352301,0.0001422465526137375
9003.918018664006,0.00014812667597996257
9004.738495975713,0.00010871869136273254
9005.55897328742,0.00012121240505988519
9006.379450599125,0.00012813483682639612
9007.199927910831,9.72077692109374e-05
9008.020405222538,5.3410566417457105e-05
9008.840882534243,0.00010581064270068055
9009.66135984595,0.0002286403488572748
9010.481837157657,0.0002213004983783179
9011.302314469363,0.00017560398755920117
9012.122791781068,0.00013270995095256567
9012.943269092775,0.00011400651137316028
9013.763746404482,5.8506878159017765e-05
9014.584223716187,1.9903688477352127e-05
9015.404701027894,0.00011718928153629477
9016.2251783396,0.00011773684704101498
9017.045655651305,0.00013214458703639714
9017.866132963012,0.00018492459015653832
9018.686610274719,0.00018411838237039927
9019.507087586424,0.0001385677387203004
9020.32756489813,7.921732297324804e-05
9021.148042209838,9.979324242620855e-05
9021.968519521544,6.045293390989041e-05
9022.78899683325,5.363418018202618e-05
9023.609474144956,0.00012384221149348802
9024.429951456663,0.00023947397241703974
9025.250428768368,0.00016726428299005376
9026.070906080075,7.287304222046658e-05
9026.891383391781,0.00012185384841466116
9027.711860703486,9.44142556377796e-05
9028.532338015193,0.0001454593881446775
9029.3528153269,0.00022002760861005393
9030.173292638605,0.00016839945409497423
9030.993769950312,0.00011327821677871471
9031.814247262018,0.00019776288902815508
9032.634724573723,0.000239931526715026
9033.45520188543,0.0001657128510689592
9034.275679197137,0.00013527427537789554
9035.096156508844,0.00016901611973273915
9035.916633820549,0.00014011643643319937
9036.737111132255,0.00018110322888113757
9037.557588443962,8.6424768307116e-05
9038.378065755667,0.0001723658535885313
9039.198543067374,0.00023743193396862084
9040.01902037908,5.900248470752186e-05
9040.839497690786,8.757084936032612e-05
9041.659975002493,9.702418061314431e-05
9042.4804523142,7.364879712663317e-05
9043.300929625904,0.00014406141685829424
9044.121406937611,0.00013371418926443117
9044.941884249318,0.00011837997043332915
9045.762361561023,0.00013890435678807632
9046.58283887273,7.946709885366273e-05
9047.403316184436,0.00031142524089770537
9048.223793496143,0.00025535881522300994
9049.044270807848,5.784404164553414e-05
9049.864748119555,8.5315679165175e-05
9050.685225431262,0.00013697715499490982
9051.505702742967,8.36094357156573e-05
9052.326180054673,0.00010122733706873342
9053.14665736638,0.0002731794513924186
9053.967134678085,0.0002505062508325458
9054.787611989792,0.0001216111978386824
9055.608089301499,0.00014669019671434682
9056.428566613204,0.0001444612007424356
9057.24904392491,0.00015053539382942045
9058.069521236617,0.00023628577855941128
9058.889998548322,0.0001860158399762194
9059.710475860029,0.00013389771267446172
9060.530953171736,0.00012356811057213894
9061.351430483443,8.033927200644325e-05
9062.171907795147,8.865714830081519e-05
9062.992385106854,9.843431873600473e-05
9063.812862418561,0.0001781548581819267
9064.633339730266,5.799780868493189e-05
9065.453817041973,2.6930722862419094e-05
9066.27429435368,0.00011081026688484874
9067.094771665385,0.00017207160415978553
9067.915248977091,0.00019194527651703993
9068.735726288798,0.00013739395662928268
9069.556203600503,0.00016054275907438647
9070.37668091221,0.00018799373917593358
9071.197158223917,0.00018250046152366457
9072.017635535623,0.00030186308713943573
9072.838112847328,0.0003298583277230007
9073.658590159035,0.000182508838305221
9074.479067470742,8.480972539024067e-05
9075.299544782447,4.516001256498501e-05
9076.120022094154,0.00021133761245429976
9076.94049940586,0.00022627954227621486
9077.760976717565,0.00011137881333358774
9078.581454029272,0.00016783852762112272
9079.401931340979,4.32721142339193e-05
9080.222408652684,0.00021223338534065623
9081.04288596439,0.00018234722194340083
9081.863363276098,5.285045548497845e-05
9082.683840587802,0.00015852564782217927
9083.50431789951,0.0002809957924097498
9084.324795211216,0.0002077679670286054
9085.145272522923,0.00016972348245455915
9085.965749834628,0.0002592844617008896
9086.786227146335,0.0002723817949462541
9087.606704458041,0.00015862284317294016
9088.427181769746,8.687653291106466e-05
9089.247659081453,4.488243773814855e-05
9090.06813639316,3.0666798105516985e-05
9090.888613704865,6.04226614041227e-05
9091.709091016572,0.00013284550548208754
9092.529568328278,0.00012915033136849663
9093.350045639983,5.3635608760290255e-05
9094.17052295169,8.824532522360725e-05
9094.991000263397,0.00010017705926469085
9095.811477575102,0.00010949084170963108
9096.631954886809,0.00011308239167848697
9097.452432198515,0.00011970186230787332
9098.272909510222,6.908426122578709e-05
9099.093386821927,9.078613044695465e-05
9099.913864133634,6.861836614447383e-05
9100.73434144534,0.00011115298520610216
9101.554818757046,0.0001760204249074534
9102.375296068753,7.650115845358214e-05
9103.19577338046,6.807166778420093e-05
9104.016250692164,0.000157756684484115
9104.836728003871,0.00018547115235937025
9105.657205315578,0.00012230407943475668
9106.477682627283,4.906274586448812e-05
9107.29815993899,0.00011724748834036757
9108.118637250696,0.00020274758257875878
9108.939114562401,0.00013317439759486955
9109.759591874108,5.592924713033251e-05
9110.580069185815,5.663987119572079e-05
9111.400546497522,0.00013549299799769086
9112.221023809227,0.00018539339720695285
9113.041501120933,0.00020222386230863042
9113.86197843264,0.00016900070337383
9114.682455744345,8.932009158564839e-05
9115.502933056052,0.00015899824320232426
9116.323410367759,0.00018207523208108018
9117.143887679464,0.00018931944976230576
9117.96436499117,8.88082030166171e-05
9118.784842302877,5.30745794189913e-05
9119.605319614582,4.9923783640277204e-05
9120.425796926289,0.00011228127057018846
9121.246274237996,0.0001333606964370663
9122.066751549703,9.754442847674596e-05
9122.887228861407,8.775052546276165e-05
9123.707706173114,6.407914112705081e-05
9124.528183484821,0.0001955114370403146
9125.348660796526,0.0002508965343950391
9126.169138108233,0.00014170205454117215
9126.98961541994,0.0001599958017597213
9127.810092731645,0.00019465823533214958
9128.630570043351,9.811424234592572e-05
9129.451047355058,0.00021964139739720013
9130.271524666763,0.0002525027051921978
9131.09200197847,0.00016951543628448742
9131.912479290177,0.00015000004574250209
9132.732956601882,7.78723399879196e-05
9133.553433913588,0.00011699044966367452
9134.373911225295,0.00015077676847013313
9135.194388537002,0.0001390281238333269
9136.014865848707,3.733601371430323e-05
9136.835343160414,0.00018020829052542978
9137.65582047212,0.00022454403088745833
9138.476297783825,0.00020369463097930128
9139.296775095532,0.00019760330319715662
9140.117252407239,3.193636613181001e-05
9140.937729718944,0.00014537939541878165
9141.75820703065,0.00010419550144204163
9142.578684342358,3.721618693229751e-05
9143.399161654062,0.00016699237268675212
9144.21963896577,0.0002673824104637139
9145.040116277476,0.0002965534594540189
9145.860593589181,0.00022702410125203452
9146.681070900888,0.00010560129752481798
9147.501548212595,0.0001524421266238249
9148.322025524301,0.00015586486963275464
9149.142502836006,0.00011728495783055287
9149.962980147713,0.00015123521243564283
9150.78345745942,0.00020815934494174528
9151.603934771125,0.00019550999553916336
9152.424412082832,9.627038537834367e-05
9153.244889394538,0.00018508849033527225
9154.065366706243,0.0002844453742253335
9154.88584401795,0.00013545022605838082
9155.706321329657,2.1712698057362204e-05
9156.526798641362,5.770122295047852e-05
9157.347275953069,0.00019354207218609103
9158.167753264775,0.0002344133246421697
9158.988230576482,0.00013939804603839805
9159.808707888187,1.2309939264375043e-05
9160.629185199894,0.0001330272046987064
9161.4496625116,0.00024616494740023503
9162.270139823306,0.0001980080763995098
9163.090617135013,5.899813360694617e-05
9163.91109444672,7.795541259115401e-05
9164.731571758424,0.00010031018639232133
9165.552049070131,5.294670548412715e-05
9166.372526381838,0.0001309554504622655
9167.193003693543,0.00018048754668410132
9168.01348100525,8.707016971905381e-05
9168.833958316956,1.955010292798188e-05
9169.654435628661,0.0001180806484788799
9170.474912940368,0.00018135892337521554
9171.295390252075,0.00012186517352462453
9172.115867563782,0.000201323518724686
9172.936344875487,0.00017286104122708022
9173.756822187193,0.00017908148522045392
9174.5772994989,0.00015666353638573943
9175.397776810605,4.6827561923333796e-05
9176.218254122312,0.0001449245077495093
9177.038731434019,0.00016824843065324879
9177.859208745724,8.573089823915655e-05
9178.67968605743,0.00010665969350316446
9179.500163369137,2.5773218413679218e-05
9180.320640680842,6.0066688072232746e-05
9181.141117992549,5.8514840980817194e-05
9181.961595304256,0.00018686085468056686
9182.78207261596,0.0001236008762717515
9183.602549927667,0.00018350026520730324
9184.423027239374,0.00015254918537957173
9185.243504551081,0.0002526252131427534
9186.063981862786,0.00020935939808849975
9186.884459174493,0.00017141132882954368
9187.7049364862,0.00023853953909197905
9188.525413797905,0.00016608126787041029
9189.345891109611,4.9509333132655315e-05
9190.166368421318,4.780553824041165e-05
9190.986845733023,0.0001471676397650882
9191.80732304473,0.00023543740668174868
9192.627800356437,0.0002759252980131182
9193.448277668142,0.0002483657116636631
9194.268754979848,0.00014538420652696505
9195.089232291555,8.327271187794187e-05
9195.90970960326,2.2393299205352833e-05
9196.730186914967,0.00011881189168899567
9197.550664226674,8.538572086871957e-05
9198.37114153838,0.00011353829170609001
9199.191618850085,0.00010524016862659965
9200.012096161792,0.0002572146743770396
9200.832573473499,0.00025702689561350696
9201.653050785204,0.00019572496623411235
9202.47352809691,6.057009409332387e-05
9203.294005408618,0.00011346543396308206
9204.114482720322,5.4228697491333045e-05
9204.93496003203,0.0001228742147517843
9205.755437343736,0.00017552657936444714
9206.575914655441,0.00024680926556589454
9207.396391967148,0.00016886452317006252
9208.216869278855,8.52323907667614e-05
9209.037346590561,0.00024142516275645862
9209.857823902266,0.00029108659218181945
9210.678301213973,0.00018313354344211326
9211.49877852568,9.98744655001582e-05
9212.319255837385,0.00012439425074220727
9213.139733149092,0.0002704108349091351
9213.960210460798,0.00025895507711598596
9214.780687772503,0.00017629076390687556
9215.60116508421,9.964743435319148e-05
9216.421642395917,2.5730129460368226e-05
9217.242119707622,6.627557201648247e-06
9218.062597019329,7.696585254699052e-05
9218.883074331035,2.9815449892968855e-05
9219.70355164274,7.404463986532652e-05
9220.524028954447,5.1465272334212096e-05
9221.344506266154,0.00018249394616536553
9222.16498357786,0.00014535239383166825
9222.985460889566,0.00021388753835373733
9223.805938201273,0.00033017304902450105
9224.62641551298,0.00025965265310172464
9225.446892824684,0.00019101474408512417
9226.267370136391,0.0002543060600551497
9227.087847448098,0.0001426836619896175
9227.908324759803,8.037888712756984e-05
9228.72880207151,9.164457981936905e-05
9229.549279383216,0.00013882463342659504
9230.369756694921,6.349893437705832e-05
9231.190234006628,9.276928234491038e-05
9232.010711318335,0.00024228778688617828
9232.83118863004,0.00023122740482885962
9233.651665941747,0.00012413916396552708
9234.472143253453,4.046296672197944e-05
9235.29262056516,0.00010741678290295453
9236.113097876865,0.00012769443517577397
9236.933575188572,0.00014849829914400492
9237.754052500279,0.00013746046321328156
9238.574529811984,0.00018294915295070927
9239.39500712369,0.00012581085752960572
9240.215484435397,0.0001263279545138171
9241.035961747102,0.00016181940361391597
9241.856439058809,0.00012502082593270295
9242.676916370516,6.698189723018455e-05
9243.49739368222,7.869860760857634e-05
9244.317870993927,0.0002220495980753299
9245.138348305634,0.00034723294732817207
9245.958825617341,0.00022074176002405638
9246.779302929046,0.00011249052164055373
9247.599780240753,0.00032331418121820586
9248.42025755246,0.0002983393085573312
9249.240734864165,0.00015236459857899935
9250.061212175871,0.00019186745211959114
9250.881689487578,0.00015556033349931354
9251.702166799283,0.00016114487692526764
9252.52264411099,0.00016933062378223472
9253.343121422697,0.0001366912294080388
9254.163598734402,0.0002883471420935949
9254.984076046108,0.00033062578353397113
9255.804553357815,0.0001708979044414031
9256.62503066952,9.819661371093359e-05
9257.445507981227,8.874451137868297e-05
9258.265985292934,2.9859200818585688e-05
9259.08646260464,1.2172516577980529e-05
9259.906939916345,7.956728542434583e-05
9260.727417228052,0.00011107722095980175
9261.547894539759,0.00015671434167623878
9262.368371851464,0.00023161800274057256
9263.18884916317,0.00027686570661327066
9264.009326474878,0.00019544421812213553
9264.829803786582,0.00011404525633041632
9265.65028109829,0.00012182722116108617
9266.470758409996,0.0001165065195967937
9267.291235721701,0.0002238710019471152
9268.111713033408,0.0002577245881683458
9268.932190345115,0.0001231812332092267
9269.75266765682,5.005381665506556e-05
9270.573144968526,0.00015740394913588645
9271.393622280233,0.0001730098176885188
9272.21409959194,7.975599839147318e-05
9273.034576903645,0.0001331197505194667
9273.855054215352,6.825801581340561e-05
9274.675531527058,0.00011025100377323652
9275.496008838763,0.0001415663139051437
9276.31648615047,0.00010833751563265927
9277.136963462177,0.00011041270360351399
9277.957440773882,9.969208267619752e-05
9278.777918085589,3.306457256744801e-05
9279.598395397295,6.565471974344404e-05
9280.418872709,3.2532232405062195e-05
9281.239350020707,9.664850218260133e-05
9282.059827332414,0.00014956025426236146
9282.880304644119,0.000227812104648879
9283.700781955826,0.0002505111666806804
9284.521259267533,0.00017140942156086423
9285.34173657924,0.00012734909239087486
9286.162213890944,3.855315129786989e-05
9286.982691202651,9.125235381100084e-05
9287.803168514358,7.024019083836031e-05
9288.623645826063,8.559052309383363e-05
9289.44412313777,8.918795821970946e-05
9290.264600449476,9.134949523556669e-05
9291.085077761181,7.46655965312712e-05
9291.905555072888,0.00022523551345219331
9292.726032384595,0.0001563581458411748
9293.5465096963,7.609590074861202e-05
9294.366987008007,0.00015858889348882818
9295.187464319713,0.0001942062585951981
9296.00794163142,0.00012184742353558597
9296.828418943125,0.00012091934872656677
9297.648896254832,0.00019909864742490704
9298.469373566539,0.00010297351657729214
9299.289850878244,2.5317778655034176e-05
9300.11032818995,7.305195757167126e-05
9300.930805501657,0.00013518998093428705
9301.751282813362,0.0001584776374848179
9302.571760125069,0.00015557979255905962
9303.392237436776,7.926656804038857e-05
9304.21271474848,3.598042987560068e-05
9305.033192060188,0.00014645142520424296
9305.853669371894,0.00010393585322330088
9306.6741466836,0.00029153527220821896
9307.494623995306,0.0001978858676195939
9308.315101307013,0.00015712320455558043
9309.13557861872,0.00022987811996447535
9309.956055930425,0.0002493997857016097
9310.776533242131,0.00018698764165758715
9311.597010553838,0.00016857288475980443
9312.417487865543,3.822111043811389e-05
9313.23796517725,0.0001046132830860552
9314.058442488957,7.554683612264601e-05
9314.878919800662,0.00011479476702627175
9315.699397112368,0.00019264581121511122
9316.519874424075,0.00018682759368514177
9317.34035173578,0.00027273858135193964
9318.160829047487,0.00027116801518378415
9318.981306359194,9.730633499501954e-05
9319.801783670899,0.0001353877969046928
9320.622260982605,0.0002529845357948714
9321.442738294312,0.00016003456826270036
9322.263215606019,4.3182525515761753e-05
9323.083692917724,5.311699209827474e-05
9323.90417022943,0.00011148656999561489
9324.724647541138,0.00018403235470153267
9325.545124852842,0.00020980936371588668
9326.36560216455,0.0002607535659592343
9327.186079476256,0.0002992614877748297
9328.006556787961,0.0002588292017881643
9328.827034099668,0.0002574730503614165
9329.647511411375,0.00019676988873156483
9330.46798872308,0.00010287572383231006
9331.288466034786,0.000122391110954116
9332.108943346493,0.0001291953579003297
9332.9294206582,0.0001186801185253259
9333.749897969905,3.710988429496064e-05
9334.570375281612,0.00011739430733278759
9335.390852593318,0.0001132153747536062
9336.211329905023,0.00015083602814942689
9337.03180721673,0.00012217892685995228
9337.852284528437,0.00018773631755227268
9338.672761840142,0.00014457548989173629
9339.493239151849,0.0001689150952069784
9340.313716463555,0.00013177416609223619
9341.13419377526,0.00018677687205795183
9341.954671086967,0.00031969860962606224
9342.775148398674,0.0002397884661525491
9343.595625710379,0.00021201172343043628
9344.416103022086,0.00014605501442965102
9345.236580333793,0.0001960303010024729
9346.0570576455,0.00015479442254492785
9346.877534957204,0.00023690001662437732
9347.698012268911,0.00021781565691580913
9348.518489580618,0.0001637557146786445
9349.338966892323,0.0002757100689115461
9350.15944420403,0.00023406880734402996
9350.979921515736,0.00010626843540607843
9351.800398827441,6.168580324669112e-05
9352.620876139148,0.00015613460577725824
9353.441353450855,0.00023347232947050524
9354.26183076256,0.00022248056226527308
9355.082308074267,0.00015324655091026893
9355.902785385973,4.218136142338591e-05
9356.723262697678,0.0002555340165972735
9357.543740009385,0.0003495785821315975
9358.364217321092,0.0002476909938599119
9359.184694632799,0.00018488903425476858
9360.005171944504,0.00017196296620900162
9360.82564925621,0.00018817363825537962
9361.646126567917,0.0001357265389264504
9362.466603879622,0.0001339168668017146
9363.287081191329,0.00014305632474571783
9364.107558503036,0.0001898875380547
9364.92803581474,6.962870466939951e-05
9365.748513126448,8.625923092183885e-05
9366.568990438154,5.09872667993293e-05
9367.38946774986,0.00015546472149851692
9368.209945061566,0.00017717339673872638
9369.030422373273,0.00014594736395313624
9369.850899684978,6.24551619490862e-05
9370.671376996685,7.361426889855203e-05
9371.491854308391,3.0599469975794545e-05
9372.312331620098,5.225763522715449e-05
9373.132808931803,3.3694067050696504e-05
9373.95328624351,0.00013651578524772343
9374.773763555217,0.00013279564397880724
9375.594240866922,7.254387405709711e-05
9376.414718178628,9.273493953713529e-05
9377.235195490335,7.322391013734174e-05
9378.05567280204,4.710474938843256e-05
9378.876150113747,9.425649974483637e-05
9379.696627425454,7.79289109853327e-05
9380.517104737159,7.193271640402524e-05
9381.337582048865,9.44320770135797e-05
9382.158059360572,6.476656532548548e-05
9382.978536672279,8.663365415136411e-05
9383.799013983984,0.00010061264318473966
9384.61949129569,0.00011191931251668442
9385.439968607398,0.0001271328829027156
9386.260445919102,0.00012383893058889734
9387.08092323081,7.862553665652056e-05
9387.901400542516,8.428345128452882e-05
9388.721877854221,0.00017897113751227123
9389.542355165928,8.25664548042665e-05
9390.362832477635,3.371921853812851e-05
9391.18330978934,2.9752422965185167e-05
9392.003787101046,7.629262058416516e-05
9392.824264412753,8.764021172632466e-05
9393.644741724458,8.296760555391407e-05
9394.465219036165,0.00010572142155042236
9395.285696347872,4.296915512573984e-05
9396.106173659578,9.382522009364608e-05
9396.926650971283,0.00028452127259667097
9397.74712828299,0.00017379066844690094
9398.567605594697,0.00020159793969533918
9399.388082906402,0.00017770023166695492
9400.208560218109,2.456820449326687e-05
9401.029037529815,1.4512877597629353e-05
9401.84951484152,0.0001612804801028088
9402.669992153227,0.00020004802651378502
9403.490469464934,2.9003765790861452e-05
9404.310946776639,4.121336810519743e-05
9405.131424088346,8.64756286913543e-05
9405.951901400053,0.0001445530037493839
9406.772378711757,7.525846919615722e-05
9407.592856023464,7.01449484923684e-05
9408.413333335171,0.0001989379625818554
9409.233810646878,0.000170442576231723
9410.054287958583,9.227158608793851e-05
9410.87476527029,0.0001418830933794059
9411.695242581996,9.220154415813864e-05
9412.515719893701,0.00019518081593318854
9413.336197205408,7.603957795511192e-05
9414.156674517115,0.0001567621626904646
9414.97715182882,9.928471029863158e-05
9415.797629140527,0.00011856396232676566
9416.618106452233,0.0002101070969856423
9417.438583763938,0.0001756368419226274
9418.259061075645,0.00014206498414530799
9419.079538387352,0.00014684468159535853
9419.900015699059,0.00015052823081587328
9420.720493010764,0.00020608955258321566
9421.54097032247,0.0001444936721732901
9422.361447634177,0.00026421493336483564
9423.181924945882,0.0002100370443551797
9424.002402257589,7.347632536286046e-05
9424.822879569296,0.00011175305782340793
9425.643356881,0.00020097912852359872
9426.463834192708,0.00010663376276947462
9427.284311504414,7.44078994367299e-05
9428.10478881612,0.0001152395568336332
9428.925266127826,0.00013708504216996598
9429.745743439533,1.6954809527693954e-05
9430.566220751238,0.00015762167053695922
9431.386698062945,0.00016113531714003997
9432.207175374651,0.00016906232613006855
9433.027652686358,0.00017750585770865017
9433.848129998063,2.680825109035876e-05
9434.66860730977,0.00025824400834929486
9435.489084621477,0.0002474112765856811
9436.309561933182,1.8022057547453935e-05
9437.130039244888,4.990809668345985e-05
9437.950516556595,0.00012894042345094873
9438.7709938683,9.289844593379276e-05
9439.591471180007,5.789745361369576e-05
9440.411948491714,1.1590427239287532e-05
9441.232425803419,9.879708579326512e-05
9442.052903115125,0.00010702116315763929
9442.873380426832,3.7987522405237396e-05
9443.693857738537,0.00010623904252928268
9444.514335050244,0.00013338835730931526
9445.33481236195,0.00018767711900337267
9446.155289673658,0.00025251183029523667
9446.975766985362,0.00034955787390099813
9447.79624429707,0.00028616378449312804
9448.616721608776,0.00011533158700201049
9449.437198920481,8.66158603329857e-05
9450.257676232188,0.0001455116449778074
9451.078153543895,0.00010464899585267927
9451.8986308556,0.00010517115949068811
9452.719108167306,0.00016642120868986886
9453.539585479013,0.00012209493939081733
9454.360062790718,4.450338716947513e-05
9455.180540102425,4.285382673475441e-05
9456.001017414132,7.290032484733753e-05
9456.821494725837,9.476913967157453e-05
9457.641972037543,0.00013994488081238744
9458.46244934925,0.00015220044584755255
9459.282926660957,0.0001301389183166265
9460.103403972662,0.00014627812178713074
9460.923881284369,7.602896075981918e-05
9461.744358596075,0.0001224960505277091
9462.56483590778,8.315893548124238e-05
9463.385313219487,8.910986533816225e-05
9464.205790531194,6.071279873018517e-05
9465.026267842899,0.00012809156288032172
9465.846745154606,6.802426823510087e-06
9466.667222466313,7.326607764036302e-05
9467.487699778017,8.067076313454808e-05
9468.308177089724,0.00016089442609937887
9469.128654401431,0.00015279090252154405
9469.949131713138,0.00011943227470362522
9470.769609024843,0.00013836821052666407
9471.59008633655,0.00018681800317348854
9472.410563648256,0.00020028636283919317
9473.231040959961,0.00019545149874320426
9474.051518271668,0.00021452629560036972
9474.871995583375,0.00011449773927368423
9475.69247289508,8.11845189685156e-05
9476.512950206787,0.00018529259076388032
9477.333427518493,0.0001298730348211916
9478.153904830198,0.00025782300284557
9478.974382141905,0.00024097015448597682
9479.794859453612,0.00010857037875622687
9480.615336765317,7.692788259448144e-05
9481.435814077024,0.00021862125833615014
9482.25629138873,0.0002492112714718173
9483.076768700437,0.00019110483958756342
9483.897246012142,7.341267323244185e-05
9484.717723323849,0.000107075696076112
9485.538200635556,0.00019331724991302653
9486.35867794726,0.00024590668399645865
9487.179155258968,0.00020014447800095002
9487.999632570674,0.00018462475087609607
9488.82010988238,0.0002105676760337839
9489.640587194086,0.0001123220796162986
9490.461064505793,0.00022893034356968016
9491.281541817498,0.00040878472147990016
9492.102019129205,0.00039142169247518
9492.922496440911,0.00032738101154144316
9493.742973752616,0.00030543999572758536
9494.563451064323,0.00021236651532392068
9495.38392837603,0.00011595734690692392
9496.204405687737,0.00013595291178189757
9497.024882999442,0.0002437051122743843
9497.845360311148,0.0002505453093508231
9498.665837622855,0.00030671623705089346
9499.48631493456,0.00017511199042958103
9500.306792246267,2.2661342341025494e-05
9501.127269557974,9.432519941569072e-05
9501.947746869679,0.00023166587876734745
9502.768224181385,0.0003640118134318554
9503.588701493092,0.00035778496733860645
9504.409178804797,0.00013931504467147655
9505.229656116504,0.00018730751603182795
9506.05013342821,0.00012219276368426228
9506.870610739916,4.023836838230639e-05
9507.691088051623,0.00016744379722200722
9508.51156536333,0.0001467339152362209
9509.332042675036,4.0415232139457585e-05
9510.152519986741,0.00013867912544155559
9510.972997298448,0.00020009845754489496
9511.793474610155,0.00021531098322115063
9512.61395192186,0.0002315856611820007
9513.434429233566,0.00016518426526597113
9514.254906545273,0.00010076199233632148
9515.075383856978,0.00016700332015142722
9515.895861168685,0.00020160868675778474
9516.716338480392,6.578554409696885e-05
9517.536815792097,0.00011266213631742074
9518.357293103803,0.0001324693124311635
9519.17777041551,0.00012704797372262567
9519.998247727217,0.00018412707780887143
9520.818725038922,3.310148637434907e-06
9521.639202350629,0.00011209406491116745
9522.459679662335,0.00014482748962866095
9523.28015697404,0.0001806181064645251
9524.100634285747,0.00016219194299320368
9524.921111597454,0.00022814549361143395
9525.741588909159,0.00011555235302895863
9526.562066220866,0.00011827797773408181
9527.382543532573,9.145329209511091e-05
9528.203020844277,4.671526586807661e-05
9529.023498155984,0.00011020614373480755
9529.843975467691,0.00023215493544098548
9530.664452779396,0.00022339092353799506
9531.484930091103,0.00021220845269522058
9532.30540740281,0.0001492966516045438
9533.125884714516,9.197186900487196e-05
9533.946362026221,6.93938718176967e-05
9534.766839337928,0.00018119042242161173
9535.587316649635,0.00016057013583614272
9536.40779396134,0.0001285738561165196
9537.228271273047,0.00011358017592753866
9538.048748584753,0.00014927075604646034
9538.869225896458,0.0003103419868599699
9539.689703208165,0.000281421486972897
9540.510180519872,0.0001797136262654131
9541.330657831577,0.00021382696401380365
9542.151135143284,0.00034216722713796186
9542.97161245499,0.0003182219660430889
9543.792089766695,0.00016869219483909916
9544.612567078402,1.3648724862753322e-05
9545.433044390109,0.00018201412616042763
9546.253521701816,0.0002477717048257788
9547.07399901352,0.00031604066486133636
9547.894476325228,0.00027452091384348357
9548.714953636934,9.838082846502811e-05
9549.53543094864,0.0001297279536791805
9550.355908260346,0.00024200419235514696
9551.176385572053,0.0001438354605717218
9551.996862883758,6.215491140031413e-05
9552.817340195465,0.00013496038966956796
9553.637817507171,0.00014120103945006337
9554.458294818876,7.607890095598802e-05
9555.278772130583,0.00012977906747434315
9556.09924944229,8.529731674210064e-05
9556.919726753997,0.00016846773652469342
9557.740204065702,0.00022391802038387087
9558.560681377408,0.0002032138214288736
9559.381158689115,0.00014248072896348582
9560.20163600082,0.0001850518759654316
9561.022113312527,0.00021405544520965332
9561.842590624234,0.00015783896656168373
9562.663067935939,0.00014032633897126842
9563.483545247645,0.0001467909885790749
9564.304022559352,8.561844289824443e-05
9565.124499871057,3.85215318550455e-05
9565.944977182764,0.00021573786909767387
9566.76545449447,0.00025598218532569644
9567.585931806176,0.00018930856120531492
9568.406409117883,0.00019431120330016752
9569.22688642959,0.0001444170594415214
9570.047363741296,0.00020278154464004148
9570.867841053001,0.00015823575447623448
9571.688318364708,0.00011808453297547428
9572.508795676415,0.00011554463183825513
9573.32927298812,0.0001904571171146608
9574.149750299826,0.0001624091659668351
9574.970227611533,0.00015345613024010134
9575.790704923238,0.00018497659961539707
9576.611182234945,0.0001059701100436176
9577.431659546652,6.54563641670292e-05
9578.252136858357,7.733895272033646e-05
9579.072614170063,2.329842481989999e-05
9579.89309148177,7.888619484778042e-05
9580.713568793475,0.0002554124346716574
9581.534046105182,0.0002547515291691686
9582.354523416889,4.28212808326674e-05
9583.175000728595,0.00012734550158593095
9583.9954780403,0.00015198312643634846
9584.815955352007,0.00010855769972367894
9585.636432663714,4.068276807455457e-05
9586.456909975419,3.122451167750654e-05
9587.277387287126,3.1338734046011357e-05
9588.097864598833,4.449655798250676e-05
9588.918341910537,0.0001254113383398129
9589.738819222244,0.0002224450931017677
9590.559296533951,0.00020167279258982698
9591.379773845656,0.0001916249349216075
9592.200251157363,0.0002695013571391829
9593.02072846907,0.00025960607747181624
9593.841205780775,0.00011679072198301604
9594.661683092481,6.021227819159041e-05
9595.482160404188,3.773445947190955e-05
9596.302637715895,2.1542558951861065e-05
9597.1231150276,0.00010839724855734602
9597.943592339307,0.00022222415231016066
9598.764069651013,0.0003048156774805328
9599.584546962718,0.00024602703452219593
9600.405024274425,6.684603460592055e-05
9601.225501586132,0.000218194406332295
9602.045978897837,0.00011208440672543661
9602.866456209544,7.423905797802081e-05
9603.68693352125,0.0001557817761036987
9604.507410832955,0.00010337750822870067
9605.327888144662,0.00019258648329382254
9606.148365456369,0.0002431325839410236
9606.968842768076,0.0002053867150081776
9607.78932007978,7.960566286948106e-05
9608.609797391488,7.504106219185217e-05
9609.430274703194,0.0001252075230179394
9610.2507520149,0.00013406924137521607
9611.071229326606,7.561618859008214e-05
9611.891706638313,0.00019720443533968604
9612.712183950018,8.748206461810624e-05
9613.532661261725,5.381332820971779e-05
9614.353138573431,0.0001723542996476715
9615.173615885136,5.269111222472354e-05
9615.994093196843,0.00019186947044785713
9616.81457050855,0.0001453835443824459
9617.635047820255,0.00017505951167972705
9618.455525131962,0.0002169129144704199
9619.276002443668,3.150622445462611e-05
9620.096479755375,0.00024052716709713028
9620.91695706708,0.00016921144101440742
9621.737434378787,0.00019940338803261875
9622.557911690494,0.0002699159076900134
9623.378389002199,0.00018710402924601387
9624.198866313905,0.00011735590740603425
9625.019343625612,0.00020210450183987707
9625.839820937317,0.0001351880240719027
9626.660298249024,0.00011551320737365905
9627.48077556073,0.00013962818109329575
9628.301252872436,5.156633460975025e-05
9629.121730184143,4.6663835845322626e-05
9629.94220749585,0.00020274614868907688
9630.762684807554,0.0002924993903265702
9631.583162119261,0.0002353259692281415
9632.403639430968,0.0001760650131791645
9633.224116742675,0.0002042763310397765
9634.04459405438,0.00013911216478011893
9634.865071366086,0.0002093984932097289
9635.685548677793,0.00022265285615017427
9636.506025989498,8.293280132131858e-05
9637.326503301205,9.731146346669568e-05
9638.146980612912,0.00018222083846431003
9638.967457924617,0.00023895028012138925
9639.787935236323,0.0002755661557020911
9640.60841254803,0.00016720355278747453
9641.428889859735,3.917800003138854e-05
9642.249367171442,0.00012915504181082126
9643.069844483149,0.00015573464429953477
9643.890321794855,0.00019965828269432283
9644.71079910656,0.0002398531245885356
9645.531276418267,0.0002297179366905748
9646.351753729974,0.00014164848794994406
9647.172231041679,9.449148497358478e-05
9647.992708353386,0.0001253461830808257
9648.813185665093,2.058192305975354e-05
9649.633662976797,0.00025666525464338634
9650.454140288504,0.00020212937368303244
9651.274617600211,0.00012220253844911501
9652.095094911916,9.940139181597922e-05
9652.915572223623,0.00012241605562255393
9653.73604953533,0.00025353148961946925
9654.556526847035,0.0002783420843834491
9655.377004158741,0.00020958438590011632
9656.197481470448,0.000291908699780062
9657.017958782155,0.0002149737762077332
9657.83843609386,0.0001361874660526402
9658.658913405567,0.00012511469691960095
9659.479390717273,0.00017351553266478924
9660.299868028978,0.0002081478678934561
9661.120345340685,0.00020695770131202022
9661.940822652392,0.000168938025990068
9662.761299964097,5.496574735323618e-05
9663.581777275804,0.00017986993689628208
9664.40225458751,0.00012276909553096782
9665.222731899215,0.00013453859674948302
9666.043209210922,0.00013751525398884824
9666.863686522629,0.0002641574492310548
9667.684163834334,0.00034696220160384395
9668.50464114604,0.00018111672914788925
9669.325118457748,0.00012919611610488798
9670.145595769454,0.00022617899187542137
9670.96607308116,0.00025283580331264104
9671.786550392866,0.0001479388617904522
9672.607027704573,0.000179318438214277
9673.427505016278,0.00015597040503993772
9674.247982327985,0.00022638158721337948
9675.068459639691,0.00016902897438379356
9675.888936951396,4.698655653806626e-05
9676.709414263103,0.00013973450759959254
9677.52989157481,0.00019835304800900396
9678.350368886515,7.679766762490477e-05
9679.170846198222,2.429283903390935e-05
9679.991323509928,7.871538434265992e-05
9680.811800821633,5.4222620927855184e-05
9681.63227813334,0.0001241166574444013
9682.452755445047,0.00024607289825923003
9683.273232756754,0.00034266624153208333
9684.093710068459,0.0001726744351825445
9684.914187380165,0.00017452874703476436
9685.734664691872,0.00011887342874863325
9686.555142003577,0.00027959082778172215
9687.375619315284,4.6821979557658834e-05
9688.19609662699,0.00017144711215429591
9689.016573938696,0.0001791402918642438
9689.837051250403,0.00018108360674294564
9690.65752856211,0.0003156866216308573
9691.478005873814,0.0004369302732480462
9692.298483185521,0.00015049676042055873
9693.118960497228,0.00010660841136150773
9693.939437808935,8.451158381565174e-05
9694.75991512064,5.383814832855616e-05
9695.580392432346,0.0001865535750311599
9696.400869744053,0.00017951084792238773
9697.221347055758,0.00021830814554539175
9698.041824367465,0.000339875511878856
9698.862301679172,0.00012558458547657888
9699.682778990877,0.000198614510797657
9700.503256302583,0.00015502629257103037
9701.32373361429,0.0001980008125166488
9702.144210925995,0.00025265110013103894
9702.964688237702,0.00011825535663699993
9703.785165549409,3.487507233097871e-05
9704.605642861114,6.108795633548359e-05
9705.42612017282,6.4174997577680054e-06
9706.246597484527,2.4328909856822674e-05
9707.067074796234,7.41405362254858e-05
9707.887552107939,0.000254467891370656
9708.708029419646,0.00020430029285118713
9709.528506731353,3.6370861923138974e-05
9710.348984043057,0.00017800916447657193
9711.169461354764,0.0002835950040712145
9711.989938666471,0.000209238998153891
9712.810415978176,0.00021588521842591507
9713.630893289883,0.0001337397483913275
9714.45137060159,0.00013842297740433935
9715.271847913295,0.00016759605278789076
9716.092325225001,0.00021320461096024161
9716.912802536708,0.0002602550073128403
9717.733279848413,0.00022869718101661612
9718.55375716012,0.00015764423232710728
9719.374234471827,0.0001674730412677119
9720.194711783533,0.0001350814709967521
9721.015189095238,3.713695792457611e-05
9721.835666406945,0.0001287094306461321
9722.656143718652,0.00012606339407935442
9723.476621030357,9.811237861648765e-05
9724.297098342064,0.00017417472850794391
9725.11757565377,4.703390489187791e-05
9725.938052965475,6.16698605245969e-05
9726.758530277182,0.00012191832796344905
9727.579007588889,9.759790297993545e-05
9728.399484900594,8.820206641045058e-05
9729.2199622123,0.00010655506587714906
9730.040439524008,5.019876120231596e-05
9730.860916835714,0.00011478640742404853
9731.68139414742,0.0001425580952984659
9732.501871459126,0.00024034385892607185
9733.322348770833,0.00014447790275779856
9734.142826082538,6.227464317594209e-05
9734.963303394245,0.00010434732111599162
9735.783780705951,8.592868757609507e-05
9736.604258017656,9.235719777088925e-05
9737.424735329363,8.746774093086153e-05
9738.24521264107,7.822529896711565e-05
9739.065689952775,9.790427004819389e-05
9739.886167264482,0.00018724743314323477
9740.706644576188,0.0002495864188586833
9741.527121887893,5.0422007610737953e-05
9742.3475991996,0.00021358650857917827
9743.168076511307,6.68542348516618e-05
9743.988553823014,0.00028889232362095665
9744.809031134719,0.0003320351607246212
9745.629508446425,0.00030640505105610096
9746.449985758132,0.00012367324434702203
9747.270463069837,6.65152669825293e-05
9748.090940381544,0.0001751446726860152
9748.91141769325,0.00019921087047009662
9749.731895004956,0.00013827639222440123
9750.552372316663,0.00014578070558270574
9751.37284962837,0.00023559970061737905
9752.193326940074,0.00021117166071156856
9753.013804251781,0.00021549745544510469
9753.834281563488,0.0001486477465771168
9754.654758875193,6.519500049736123e-05
9755.4752361869,6.726193077753109e-05
9756.295713498606,0.00023009639923941906
9757.116190810313,0.00012130192768451805
9757.936668122018,0.00013087476703978025
9758.757145433725,9.720422119736721e-05
9759.577622745432,8.009246031463793e-05
9760.398100057137,0.00017203494691729718
9761.218577368843,0.00021830858461577117
9762.03905468055,0.00024490934030709
9762.859531992255,0.00021350125821754175
9763.680009303962,7.152558716605515e-05
9764.500486615669,0.00011790573998335811
9765.320963927374,0.0001038982347741811
9766.14144123908,0.00016757575698055993
9766.961918550787,8.943969059603668e-05
9767.782395862492,8.061011079949056e-05
9768.602873174199,6.801144102847962e-05
9769.423350485906,0.0002302882569877866
9770.243827797613,0.00015612745448289564
9771.064305109318,0.00012470205818632772
9771.884782421024,6.209488136598854e-05
9772.705259732731,0.00010824720726118248
9773.525737044436,0.00013788071904559585
9774.346214356143,5.776323628786783e-05
9775.16669166785,0.00017169970170507137
9775.987168979555,0.00021291177680371804
9776.807646291261,0.00013351941780064656
9777.628123602968,7.76824119450014e-05
9778.448600914673,0.00015095044484113844
9779.26907822638,0.000197625772256058
9780.089555538087,0.00011296486886938478
9780.910032849793,0.00011279864518443378
9781.730510161498,0.0001894559373508862
9782.550987473205,0.00012315653414069348
9783.371464784912,9.974499939378924e-05
9784.191942096617,3.449706653987313e-05
9785.012419408324,9.497103470234441e-05
9785.83289672003,8.114530161501826e-05
9786.653374031735,9.813316015632477e-05
9787.473851343442,1.9854446562313112e-05
9788.294328655149,2.3438463122619208e-05
9789.114805966854,9.943377324039982e-05
9789.93528327856,0.0001816226090732156
9790.755760590268,9.992919605196315e-05
9791.576237901972,0.00023086461552497767
9792.39671521368,0.0002151683958083563
9793.217192525386,3.526533980830008e-05
9794.037669837093,8.270412227303729e-05
9794.858147148798,0.00019765727413361816
9795.678624460505,0.00016613193033686153
9796.499101772211,0.00014721844429297753
9797.319579083916,0.0003125908650414728
9798.140056395623,0.00027557312562184034
9798.96053370733,0.0001546284318761046
9799.781011019035,4.852571121821785e-05
9800.601488330742,9.652078667134187e-05
9801.421965642448,0.00011533253117117626
9802.242442954153,0.0001423142675547404
9803.06292026586,0.00019515726874982716
9803.883397577567,0.00014602839560019502
9804.703874889272,3.371459942045124e-05
9805.524352200979,0.0001061955521473667
9806.344829512685,0.00023455085411858612
9807.165306824392,0.00015266977740076767
9807.985784136097,0.0001432602482343117
9808.806261447804,0.00023197003915416598
9809.62673875951,0.00011459463600329793
9810.447216071216,7.668726229432678e-05
9811.267693382923,0.00012928774987577414
9812.08817069463,0.00010510911068997562
9812.908648006334,0.00010883548761944265
9813.729125318041,0.00016028859012863576
9814.549602629748,0.00018810978746926812
9815.370079941453,0.00012838577768428672
9816.19055725316,0.00016947980944596503
9817.011034564866,3.0255890382268916e-05
9817.831511876573,9.068861534668192e-05
9818.651989188278,0.0001873489467517776
9819.472466499985,0.00025653390074396144
9820.292943811692,0.0002102686758798
9821.113421123397,0.00010725284340018165
9821.933898435103,8.228681948353762e-05
9822.75437574681,0.00015342537458155585
9823.574853058515,0.0003244813311886601
9824.395330370222,0.00018287212872412966
9825.215807681929,0.00013726484295395046
9826.036284993634,0.0001302839890332586
9826.85676230534,0.00012230100692577588
9827.677239617047,0.00015638310833148973
9828.497716928752,9.720478444129656e-05
9829.318194240459,0.0002510115209611154
9830.138671552166,7.824127379584872e-05
9830.959148863873,0.00017959020883165453
9831.779626175578,0.00029021309165839924
9832.600103487284,0.00016365311418972022
9833.420580798991,9.479414373416124e-05
9834.241058110696,6.445709427658805e-05
9835.061535422403,0.0002840115662937903
9835.88201273411,0.0003583235370439046
9836.702490045815,0.00021840533130313629
9837.522967357521,0.00015519837620954613
9838.343444669228,2.1200352859363084e-05
9839.163921980933,0.00024730864267400723
9839.98439929264,0.0002473080767099784
9840.804876604347,6.463086733305502e-05
9841.625353916052,6.797106929296637e-05
9842.445831227758,0.00010778010335457651
9843.266308539465,1.0006161717442618e-05
9844.086785851172,5.826232855637441e-05
9844.907263162877,8.451155270808875e-05
9845.727740474584,8.041375075027089e-05
9846.54821778629,0.0001736640966402294
9847.368695097995,4.658065868740316e-05
9848.189172409702,0.00013660913359278987
9849.009649721409,0.00011707475822074241
9849.830127033114,5.042242213772968e-05
9850.65060434482,0.00010399671236636248
9851.471081656528,0.00011616618449918562
9852.291558968232,0.00016800342199465332
9853.11203627994,0.0001632569800076146
9853.932513591646,0.00014549890530269425
9854.752990903351,9.557766431321218e-05
9855.573468215058,0.00018579664073675863
9856.393945526765,0.00020173272499926653
9857.214422838471,6.148770879246423e-05
9858.034900150176,4.9418373550038944e-05
9858.855377461883,4.4192774249255576e-05
9859.67585477359,0.00015126745341788385
9860.496332085295,8.004669662211518e-05
9861.316809397002,9.230419726818316e-05
9862.137286708708,0.00010868505121226908
9862.957764020413,0.0001253557092107681
9863.77824133212,2.462995238940811e-05
9864.598718643827,8.285940410166463e-05
9865.419195955532,0.00020248185314815248
9866.239673267239,0.00025616134054804845
9867.060150578945,0.00019965644190961373
9867.880627890652,0.00016593441514929609
9868.701105202357,0.0002254174063781094
9869.521582514064,0.00025151460295325394
9870.34205982577,0.00017993297793464946
9871.162537137476,2.2835163238076425e-05
9871.983014449183,0.00018319082340659905
9872.80349176089,0.00016902137491546575
9873.623969072594,0.00010575304584604058
9874.444446384301,0.00011770587396354558
9875.264923696008,0.00010428875658851749
9876.085401007713,0.00017728869663091677
9876.90587831942,0.0002967137787169711
9877.726355631126,0.00021121905261835437
9878.546832942831,7.137647512438015e-05
9879.367310254538,0.0001763561186007987
9880.187787566245,0.00029739329327085044
9881.008264877952,0.0002912084675687611
9881.828742189657,0.0001964714297278813
9882.649219501363,6.703827793849122e-05
9883.46969681307,9.645861274785376e-05
9884.290174124775,0.00020633378750834798
9885.110651436482,0.0002164268975111048
9885.931128748189,0.00020560206265840664
9886.751606059894,0.0001954068869688897
9887.5720833716,0.00014865091946831521
9888.392560683307,0.00012158177595702138
9889.213037995012,0.0001377523564465568
9890.033515306719,0.00016135592263643016
9890.853992618426,0.00015878407760368032
9891.67446993013,7.267183626182689e-05
9892.494947241838,5.322184018442928e-05
9893.315424553544,8.921898029874502e-05
9894.135901865251,0.00018803037274230873
9894.956379176956,0.00013510170289854316
9895.776856488663,3.0987781739498086e-05
9896.59733380037,7.623535104198922e-05
9897.417811112075,1.9638179483318908e-05
9898.238288423781,4.955316907520678e-05
9899.058765735488,0.00010391905785247038
9899.879243047193,0.00028718665008856743
9900.6997203589,0.0003579726597854849
9901.520197670607,0.00021174765631674857
9902.340674982312,1.903649995646623e-05
9903.161152294018,0.00016766411659297387
9903.981629605725,9.352997133795842e-05
9904.80210691743,0.00014264213698859365
9905.622584229137,0.00023304244460462691
9906.443061540844,0.00010440193834892324
9907.26353885255,0.00013076473608519988
9908.084016164255,0.00017344108779539187
9908.904493475962,0.00019279265374582235
9909.724970787669,4.895418838275147e-05
9910.545448099374,0.00011455534956462803
9911.36592541108,3.60517718416641e-05
9912.186402722788,8.976821746607248e-05
9913.006880034492,0.00010452941491173534
9913.8273573462,0.00022786379591862273
9914.647834657906,0.00019882165665650035
9915.468311969611,0.00017625188942931857
9916.288789281318,0.0002581509640130669
9917.109266593025,0.00018460887406328606
9917.929743904731,0.00010790296220085884
9918.750221216436,8.531274610777361e-05
9919.570698528143,2.2915122415320563e-05
9920.39117583985,0.00012787716242765638
9921.211653151555,0.00017174600479169739
9922.032130463262,8.877555623938478e-05
9922.852607774968,8.783501499175075e-05
9923.673085086673,9.415339513948651e-05
9924.49356239838,7.639455766008766e-05
9925.314039710087,1.6463422408722663e-05
9926.134517021792,0.00011407653853158231
9926.954994333499,0.00020149175367409068
9927.775471645205,0.0002845390518864058
9928.59594895691,0.00015493116624774837
9929.416426268617,0.00020499272426330884
9930.236903580324,0.00020313706639119285
9931.05738089203,0.00023645143266594698
9931.877858203736,0.00022435822104473603
9932.698335515443,7.412538289143004e-05
9933.51881282715,9.202441539248572e-05
9934.339290138854,0.00010365655644650892
9935.159767450561,0.00024388009858512355
9935.980244762268,0.0001817493590005809
9936.800722073973,1.9805462673569054e-05
9937.62119938568,0.00013429819861061193
9938.441676697386,6.566991871034816e-05
9939.262154009091,0.0002043413323783167
9940.082631320798,0.0002931757913009682
9940.903108632505,0.00023552441568470506
9941.72358594421,0.00015066501060834048
9942.544063255917,9.690050001845059e-05
9943.364540567623,5.677810519683171e-05
9944.18501787933,0.0001434932112340903
9945.005495191035,0.0001629965720992838
9945.825972502742,0.00017037413973315478
9946.646449814449,0.00010876237131735412
9947.466927126154,0.00018270472371754507
9948.28740443786,0.00021533615074923447
9949.107881749567,0.00030570240062216563
9949.928359061272,0.000338252004520275
9950.748836372979,0.00021269199828805139
9951.569313684686,0.00016263579118160263
9952.38979099639,3.9775416678809794e-05
9953.210268308098,0.00023853912678703767
9954.030745619804,0.0002703724078553324
9954.851222931511,0.00026539136085143594
9955.671700243216,0.00016959226489201854
9956.492177554923,0.00016510095364151103
9957.31265486663,7.295418713534476e-05
9958.133132178335,3.7038277250035017e-05
9958.953609490041,7.186211485468894e-05
9959.774086801748,8.202195385591958e-05
9960.594564113453,0.00011877298829037809
9961.41504142516,0.00013155561102792191
9962.235518736867,0.00019554082566875119
9963.055996048572,0.00014191750440151486
9963.876473360278,0.0001594565504002718
9964.696950671985,0.00015435225304987878
9965.51742798369,0.00023889205866444425
9966.337905295397,0.00031515662870822397
9967.158382607104,0.00019240541012849365
9967.97885991881,0.00012381031368358176
9968.799337230515,0.0001500521041245776
9969.619814542222,0.00014142576219323505
9970.440291853929,0.00016228725094556766
9971.260769165634,0.00012354424499942573
9972.08124647734,0.00018474703711893268
9972.901723789048,0.00013593138427092768
9973.722201100752,6.639132767349384e-05
9974.54267841246,0.0001016600534486742
9975.363155724166,0.00016338715663376382
9976.183633035871,0.00022432452241766032
9977.004110347578,0.0002304795244925465
9977.824587659285,0.00023388542043493874
9978.64506497099,0.00016709156051323567
9979.465542282696,8.367914172888211e-05
9980.286019594403,0.00020209275571940157
9981.10649690611,0.00032997537792466404
9981.926974217815,0.00028810553169726524
9982.747451529522,0.00013245606032814548
9983.567928841228,0.00019441863614341772
9984.388406152933,0.00035876839738276366
9985.20888346464,0.0003043985409518971
9986.029360776347,0.00013587188693993098
9986.849838088052,9.11678599273951e-05
9987.670315399759,0.00011756086039537096
9988.490792711465,2.6892653785152897e-05
9989.31127002317,0.00010253036305806661
9990.131747334877,9.497958871403969e-05
9990.952224646584,0.00025399098461678616
9991.772701958289,0.0002263523468605848
9992.593179269996,0.0001626803775509029
9993.413656581703,0.00035094851336456214
9994.23413389341,0.00015234694623194947
9995.054611205114,0.00015836788217595907
9995.875088516821,0.0001916941172680446
9996.695565828528,0.00015095159967633246
9997.516043140233,0.00013198799120529362
9998.33652045194,0.00013608918213871586
9999.156997763646,0.00013558547641056705
9999.977475075351,0.00023663617902173036
10000.797952387058,0.00030693400439519674
10001.618429698765,6.990770717955104e-05
10002.43890701047,0.00023481142746564556
10003.259384322177,0.00019877637767692864
10004.079861633883,5.164197558361058e-05
10004.90033894559,0.0001018555976724795
10005.720816257295,0.00020270899238250228
10006.541293569002,0.00022571312515000055
10007.361770880709,0.00020270081699205064
10008.182248192414,0.0001692426018690174
10009.00272550412,2.7095867728263684e-05
10009.823202815827,0.00012831599027927578
10010.643680127532,0.00018087859262188867
10011.464157439239,0.00015744617091832395
10012.284634750946,7.016335776421475e-05
10013.10511206265,0.0001160667936219456
10013.925589374358,0.00011771304427763747
10014.746066686064,3.8681330428475066e-05
10015.56654399777,0.0002507663417433892
10016.387021309476,0.00027825690872721766
10017.207498621183,0.0002699826056960143
10018.02797593289,0.00022235773133073852
10018.848453244595,0.00012070831663236244
10019.668930556301,0.00016732283902917664
10020.489407868008,0.0001720357020264685
10021.309885179713,0.0002376374646864294
10022.13036249142,0.00014947664653209498
10022.950839803127,0.00029039729183518614
10023.771317114832,0.00018337239686246046
10024.591794426538,0.00020788064735391228
10025.412271738245,0.00015088562509764402
10026.23274904995,0.00013812469901875048
10027.053226361657,0.00016968353168797393
10027.873703673364,0.00015159766301619875
10028.694180985069,0.0001498800520226354
10029.514658296775,0.00010368150950198376
10030.335135608482,0.00024100562681390447
10031.155612920189,0.00022070516202129218
10031.976090231894,6.697311750568493e-05
10032.7965675436,8.282527547888839e-05
10033.617044855308,7.326731851069402e-05
10034.437522167013,0.00011235342653049159
10035.25799947872,0.00012885101040748686
10036.078476790426,7.792668168946246e-05
10036.898954102131,0.00010940260532698355
10037.719431413838,0.00011934666132389787
10038.539908725545,6.45194558359118e-05
10039.36038603725,0.0001628736335881849
10040.180863348956,0.00016036182558612052
10041.001340660663,0.00011290814473261605
10041.82181797237,3.914823888665651e-05
10042.642295284075,0.00015214202063741487
10043.462772595782,0.0001800082282813156
10044.283249907488,0.00023520444540405585
10045.103727219193,0.00013389711707697004
10045.9242045309,0.00018671502616071477
10046.744681842607,0.0002550703938726656
10047.565159154312,0.00022222511468975394
10048.385636466019,0.0002447995263592085
10049.206113777725,0.00023369246833752512
10050.02659108943,0.0002455921222011569
10050.847068401137,0.00017720370827982077
10051.667545712844,5.3953684555224873e-05
10052.488023024549,0.00014665905308653765
10053.308500336256,4.631663382458306e-05
10054.128977647963,0.0001335434459907629
10054.94945495967,0.00022589856286773434
10055.769932271374,0.00025815976362246045
10056.590409583081,0.00021657218540280446
10057.410886894788,7.96281195847277e-05
10058.231364206493,0.00013969368421446382
10059.0518415182,0.0002476025366978448
10059.872318829906,0.00022396894338057663
10060.692796141611,0.0002896495117480846
10061.513273453318,0.0001644020876332792
10062.333750765025,8.846433993505767e-05
10063.15422807673,0.00010486971967883736
10063.974705388437,8.462202480680882e-05
10064.795182700143,5.999194109491369e-05
10065.615660011848,8.869691704060549e-05
10066.436137323555,0.00013224070200832598
10067.256614635262,0.00015288651793698724
10068.077091946969,8.771825284052319e-05
10068.897569258674,4.8523911598397106e-05
10069.71804657038,0.00010415650168361006
10070.538523882087,0.00018888201416277943
10071.359001193792,0.00022815159394038074
10072.179478505499,0.0002504168996968515
10072.999955817206,0.00012211037767455201
10073.82043312891,0.00018861831099512051
10074.640910440618,0.00016873846902906657
10075.461387752324,9.741763178432941e-05
10076.28186506403,9.304820861607172e-05
10077.102342375736,0.0002752404919018015
10077.922819687443,0.00022151095971965692
10078.743296999148,9.816354821983647e-05
10079.563774310855,4.700983983864648e-05
10080.384251622561,0.00013925152855515376
10081.204728934268,0.00016356848324469215
10082.025206245973,0.00019478724416035738
10082.84568355768,0.0002430204550821998
10083.666160869387,0.0001280983743341645
10084.486638181092,0.00011444567012662076
10085.307115492798,0.00017605901434890835
10086.127592804505,0.0001351656487473088
10086.94807011621,0.00011622704165376857
10087.768547427917,5.5985815114476885e-05
10088.589024739624,8.844104973623992e-05
10089.409502051329,0.00011541295252836558
10090.229979363035,0.00021970449021003682
10091.050456674742,0.00031322069302551606
10091.870933986449,0.00030887414457858364
10092.691411298154,0.00014701043055041223
10093.51188860986,0.00021551485521954095
10094.332365921568,0.0003262192211812211
10095.152843233273,9.463664153505592e-05
10095.97332054498,0.0001376063908940422
10096.793797856686,0.00010346594732480024
10097.614275168391,6.643669540849416e-05
10098.434752480098,8.018195197929292e-05
10099.255229791805,6.97494737696631e-05
10100.07570710351,1.546859618228359e-05
10100.896184415216,0.00015100796653224618
10101.716661726923,0.00012615060211198208
10102.537139038628,0.00011740303053353135
10103.357616350335,0.0002437653030462342
10104.178093662042,5.007876467058195e-05
10104.998570973748,0.0001265012131369692
10105.819048285453,0.0001280660804047604
10106.63952559716,0.00017228530440864672
10107.460002908867,9.508020579899157e-05
10108.280480220572,3.580750735872401e-05
10109.100957532279,8.058105257453334e-05
10109.921434843985,0.00017059665618567385
10110.74191215569,0.00018671069194618856
10111.562389467397,0.000160298876646473
10112.382866779104,0.0001440791968825085
10113.203344090809,7.758049184508285e-05
10114.023821402516,0.00010877889340027425
10114.844298714223,0.00012657530830146959
10115.664776025927,0.00020181263914173286
10116.485253337634,0.00010262938490663002
10117.305730649341,0.00021523282062948284
10118.126207961048,0.00017485879351517274
10118.946685272753,0.00015666388684623054
10119.76716258446,0.00015238454817800755
10120.587639896166,6.056399458385396e-05
10121.408117207871,0.00011053339621195744
10122.228594519578,0.0002426119847915954
10123.049071831285,0.00023931293514163466
10123.86954914299,0.00025669549380635023
10124.690026454697,0.00028292609859019484
10125.510503766403,0.0002789646880142803
10126.330981078108,0.00015019128369570315
10127.151458389815,9.827103366543742e-05
10127.971935701522,0.00012101834485697579
10128.792413013229,6.0745564444142856e-05
10129.612890324934,0.0001456351231038333
10130.43336763664,0.0001259202744962104
10131.253844948347,7.030618486349864e-05
10132.074322260052,0.000123176035683829
10132.894799571759,0.000172443194634897
10133.715276883466,7.011386767861732e-05
10134.53575419517,4.9298501778216486e-05
10135.356231506878,0.00016928243591257005
10136.176708818584,3.629562575070011e-05
10136.99718613029,8.495237697871864e-05
10137.817663441996,0.00028443156639114164
10138.638140753703,0.00030499969139235805
10139.458618065408,0.00013566612128254314
10140.279095377115,0.0001658048229391559
10141.099572688821,0.0001156893694510715
10141.920050000528,5.20290147540076e-05
10142.740527312233,7.861859275569553e-05
10143.56100462394,0.000141528446653708
10144.381481935647,7.768468780418886e-05
10145.201959247352,3.118668758155422e-05
10146.022436559058,8.089338231828192e-05
10146.842913870765,7.562326463579042e-05
10147.66339118247,0.00011931397810248921
10148.483868494177,4.054874070096775e-05
10149.304345805884,7.46742322729425e-05
10150.124823117589,0.00010222939310080794
10150.945300429295,0.0001577561002059944
10151.765777741002,3.680148202000664e-05
10152.586255052707,0.0002518677847431469
10153.406732364414,0.00018879157677103336
10154.22720967612,0.00013135106707221842
10155.047686987828,0.0002277542115496741
10155.868164299533,0.00020488498776200016
10156.68864161124,0.00015100864068025112
10157.509118922946,0.00015034060145948785
10158.329596234651,7.356444421806647e-05
10159.150073546358,0.00017716707207449928
10159.970550858065,0.00030251390822712146
10160.79102816977,0.0002577773933688503
10161.611505481476,0.00020609146991475697
10162.431982793183,0.00029338597329127224
10163.252460104888,0.00034568860404803894
10164.072937416595,0.00023742603318414163
10164.893414728302,0.00010558121375283221
10165.713892040007,0.00011139666452423958
10166.534369351713,3.474199310628518e-05
10167.35484666342,9.079988719676074e-05
10168.175323975127,4.305249835276301e-05
10168.995801286832,6.783288695759377e-05
10169.816278598539,0.0001506719190024046
10170.636755910245,0.0001386674877354124
10171.45723322195,7.484317048482281e-05
10172.277710533657,0.00019656029769001034
10173.098187845364,0.00019201243753790115
10173.918665157069,0.00019418250762717995
10174.739142468776,0.00021518659571178412
10175.559619780483,0.00011924954434155375
10176.380097092187,0.00012831424085586957
10177.200574403894,0.00026530536634682865
10178.021051715601,0.0002203341464040486
10178.841529027308,0.00016460909333121455
10179.662006339013,0.00014848550656286564
10180.48248365072,5.8043064766674466e-05
10181.302960962426,0.0001601317267920171
10182.123438274131,0.00013219966886897358
10182.943915585838,8.802133551279595e-05
10183.764392897545,0.000281992529911407
10184.58487020925,0.000286133344451602
10185.405347520957,0.0001678741818876475
10186.225824832663,0.00016115306942236004
10187.046302144368,0.00011745220126646045
10187.866779456075,7.077255483988701e-05
10188.687256767782,0.00022820812406618634
10189.507734079487,0.00031569297506562016
10190.328211391194,0.00024236836766657356
10191.1486887029,0.0001961749422632069
10191.969166014607,0.00014889583714287302
10192.789643326312,0.00012314714570609903
10193.610120638019,0.00025050340501392513
10194.430597949726,0.000161053840798862
10195.25107526143,0.00025267400023283094
10196.071552573138,0.00017666506397812432
10196.892029884844,5.521939844317391e-05
10197.71250719655,7.58882680655178e-05
10198.532984508256,0.00012556023085442516
10199.353461819963,9.739015232128791e-05
10200.173939131668,2.9200589475395466e-05
10200.994416443375,0.00010845911667596777
10201.814893755081,0.00017389827420786225
10202.635371066786,0.00020942859647898727
10203.455848378493,0.00011065737565988798
10204.2763256902,0.00014228149527632027
10205.096803001907,0.0001896543652182526
10205.917280313612,0.00017392640046639288
10206.737757625318,0.0002711426376954376
10207.558234937025,0.0002900806326928401
10208.37871224873,0.0001102767200592855
10209.199189560437,0.00023678139417617812
10210.019666872144,0.0002971334676162866
10210.840144183849,0.00021855842382379948
10211.660621495555,0.00014822541890632788
10212.481098807262,0.00015002218963054836
10213.301576118967,9.307042698706803e-05
10214.122053430674,0.00012990359243953076
10214.94253074238,0.0001573413856482721
10215.763008054088,0.00012940312446886061
10216.583485365793,3.993757914264277e-05
10217.4039626775,9.704171443056299e-05
10218.224439989206,0.00011866387149891633
10219.044917300911,9.070442654992604e-05
10219.865394612618,3.124784172870951e-05
10220.685871924325,4.6527276426730684e-05
10221.50634923603,0.00017549487543537553
10222.326826547736,0.00020354461989864343
10223.147303859443,0.00014593314951840317
10223.967781171148,5.172081426765721e-06
10224.788258482855,6.731362054996802e-05
10225.608735794562,6.420139457988877e-05
10226.429213106267,0.0001140088448408465
10227.249690417973,0.00010633587768774006
10228.07016772968,7.275066390274815e-05
10228.890645041387,0.00019651528675686738
10229.711122353092,0.0002183838541052881
10230.531599664799,0.00011773439119578709
10231.352076976505,4.302134699259877e-05
10232.17255428821,7.12256166394752e-05
10232.993031599917,0.00017744107575508607
10233.813508911624,0.0003023587823484438
10234.633986223329,0.00016108699703453166
10235.454463535036,5.67156481454952e-05
10236.274940846743,8.59849849929019e-05
10237.095418158448,9.874310137765806e-05
10237.915895470154,3.547099992190501e-05
10238.736372781861,0.0001306742829778602
10239.556850093566,0.00023012204514740201
10240.377327405273,0.0001052171173800457
10241.19780471698,0.00018872100303013502
10242.018282028686,5.5993638531715665e-05
10242.838759340391,0.00020975049340098291
10243.659236652098,0.00014850142964784833
10244.479713963805,0.0001482013115637412
10245.30019127551,0.00039410485409881884
10246.120668587217,0.0003510035786434003
10246.941145898923,0.0002606742685455609
10247.761623210628,0.00013629327950483812
10248.582100522335,5.55656348478929e-05
10249.402577834042,0.00012041800034214767
10250.223055145747,9.144240367042805e-05
10251.043532457454,2.538704941480042e-05
10251.86400976916,0.00014922629832416092
10252.684487080865,0.00013269365829916653
10253.504964392572,0.00021364433776827223
10254.325441704279,0.00023660115700484296
10255.145919015986,5.858486818570686e-05
10255.96639632769,0.00025775355688300997
10256.786873639398,0.00016477739513580183
10257.607350951104,0.00019091827051974177
10258.42782826281,0.00014878928433577744
10259.248305574516,0.00013282397421586573
10260.068782886223,0.00013607879204490108
10260.889260197928,0.00014023936560469236
10261.709737509635,7.858408206150538e-05
10262.530214821341,0.00024621365470146715
10263.350692133046,0.00012007354831795578
10264.171169444753,9.285402896196958e-05
10264.99164675646,0.00011059223180226343
10265.812124068167,9.847443625990227e-05
10266.632601379872,0.0001972015596871626
10267.453078691578,0.0002503240450692416
10268.273556003285,0.00014403371271683662
10269.09403331499,6.403957799816196e-05
10269.914510626697,4.222430515677598e-05
10270.734987938404,0.00013730052878808786
10271.555465250109,0.0002656990346878199
10272.375942561815,0.00017683906550817384
10273.196419873522,8.548095990959046e-05
10274.016897185227,0.00013164373322109368
10274.837374496934,0.00012667184904479705
10275.65785180864,0.00012638146125645516
10276.478329120346,0.0002705777387065575
10277.298806432053,0.0002675013929087317
10278.11928374376,0.00019132722113606053
10278.939761055466,0.00010997393389329454
10279.760238367171,0.00021320990292936556
10280.580715678878,7.349516542669985e-05
10281.401192990585,0.00017697603443942085
10282.22167030229,9.090090785581797e-05
10283.042147613996,9.922752218180685e-05
10283.862624925703,5.940170656768354e-05
10284.683102237408,5.791844301662053e-05
10285.503579549115,0.0002271479384819943
10286.324056860822,0.0003527808814072447
10287.144534172527,0.0003081451907490459
10287.965011484233,0.00014480995261606532
10288.78548879594,3.351225412348952e-05
10289.605966107645,8.844084711986369e-05
10290.426443419352,8.800837977081315e-05
10291.246920731059,6.533626308481171e-05
10292.067398042765,0.00011555696505528008
10292.88787535447,0.00012016854618967588
10293.708352666177,0.0001515730008659651
10294.528829977884,0.00013372515789488327
10295.349307289589,9.221052788275105e-05
10296.169784601296,9.099143486687744e-05
10296.990261913003,0.00012763589013067776
10297.810739224708,0.0001053489532884099
10298.631216536414,0.0001376403473309028
10299.451693848121,0.0001678449371312207
10300.272171159826,7.63845238179678e-05
10301.092648471533,8.825265806988502e-05
10301.91312578324,0.00013665487232213819
10302.733603094945,0.00012024946087991475
10303.554080406651,0.0002374254307536224
10304.374557718358,0.00024198636524473606
10305.195035030065,0.00014817990753688434
10306.01551234177,0.00010709136203216875
10306.835989653477,6.574445488054543e-05
10307.656466965183,0.00014204256452466502
10308.476944276888,0.00017794599760111903
10309.297421588595,0.0002060274243410924
10310.117898900302,0.0002381160391369703
10310.938376212007,0.00013917773663777244
10311.758853523714,3.492625093903462e-05
10312.57933083542,1.9746071978622637e-05
10313.399808147125,3.124933606035914e-05
10314.220285458832,0.00013201900599878555
10315.040762770539,0.00013732173219134226
10315.861240082246,0.00014431235262401986
10316.68171739395,0.0001459159700529627
10317.502194705658,9.486585215636047e-05
10318.322672017364,0.00020259784625773899
10319.14314932907,0.0001985295524388505
10319.963626640776,0.0002530237383968223
10320.784103952483,0.0001857407607791102
10321.604581264188,6.461682292448266e-05
10322.425058575895,6.509019222242372e-05
10323.245535887601,0.0001515347570149233
10324.066013199306,3.0118713909065425e-05
10324.886490511013,0.00018577002819664538
10325.70696782272,0.00022036659751921816
10326.527445134425,0.00023160985987470724
10327.347922446132,0.00017516536400624157
10328.168399757838,0.0002273662621020554
10328.988877069545,0.0003286826987808653
10329.80935438125,0.0002677684320789339
10330.629831692957,0.00026141726700778373
10331.450309004664,8.081300274929657e-05
10332.270786316369,0.00012302205551550574
10333.091263628075,8.666885986649644e-05
10333.911740939782,8.752907755118885e-05
10334.732218251487,0.00014671121783532752
10335.552695563194,4.986611730850412e-05
10336.3731728749,0.0002314480171467453
10337.193650186606,0.00018552924766330393
10338.014127498313,0.00012614762328240446
10338.83460481002,7.354805408284495e-05
10339.655082121724,0.00012211749882179757
10340.475559433431,9.007376395830074e-05
10341.296036745138,0.00017142732234335902
10342.116514056845,0.0002969375695264208
10342.93699136855,0.00020800314146101785
10343.757468680256,0.00014318022825923798
10344.577945991963,0.0001614358960792807
10345.398423303668,0.00011006527871709079
10346.218900615375,7.16706102148011e-05
10347.039377927082,0.0002813381817961474
10347.859855238787,0.0002314877441167834
10348.680332550493,0.0001583483299905129
10349.5008098622,0.00014457921856556743
10350.321287173905,6.591630700710298e-05
10351.141764485612,8.036504928387203e-05
10351.962241797319,8.977350354772062e-05
10352.782719109025,0.00014859667625508193
10353.60319642073,0.00020983576430761393
10354.423673732437,0.00019938394438830996
10355.244151044144,0.00015387963996820971
10356.064628355849,0.00014474815482678065
10356.885105667556,0.0002019441922569509
10357.705582979263,0.00023505120587500347
10358.526060290968,0.00016007802021900116
10359.346537602674,0.0001000703628949988
10360.167014914381,0.00018427594060958948
10360.987492226086,0.00014375030214921038
10361.807969537793,0.0002413649552009727
10362.6284468495,0.0001426650939201519
10363.448924161205,0.00011287816649786049
10364.269401472911,0.0002528988192777772
10365.089878784618,0.00018408865356309235
10365.910356096325,2.081287216666979e-05
10366.73083340803,3.812815601354663e-05
10367.551310719737,5.961734501499329e-05
10368.371788031443,5.768185604076693e-05
10369.192265343148,0.00013869717457891528
10370.012742654855,0.00016914360041202185
10370.833219966562,0.0002157026298952702
10371.653697278267,8.673362047072815e-05
10372.474174589974,0.00012434801936551446
10373.29465190168,0.0001937134493406839
10374.115129213385,0.00019528946543071008
10374.935606525092,0.0001706261821834518
10375.756083836799,0.00014931475131817141
10376.576561148504,0.00023041184556004985
10377.39703846021,0.00018516862872448297
10378.217515771918,7.198331647797522e-05
10379.037993083624,0.00025055144600101065
10379.85847039533,0.00020684712251737308
10380.678947707036,9.034890395635771e-05
10381.499425018743,0.00011178942786169935
10382.319902330448,0.00017409428743856824
10383.140379642155,0.00011389342988270742
10383.960856953861,0.0002664903290407798
10384.781334265566,0.0003801265141339588
10385.601811577273,0.00025618420067405714
10386.42228888898,7.983649346254476e-05
10387.242766200685,0.00016485715693869625
10388.063243512392,0.00016416919190824202
10388.883720824098,0.00019256164760993167
10389.704198135803,0.0002707128947055457
10390.52467544751,0.0001845177722512883
10391.345152759217,0.00012282297032141816
10392.165630070924,0.00019065948145123896
10392.986107382629,9.404295080957e-05
10393.806584694335,0.00010447652392244581
10394.627062006042,7.943345986727433e-05
10395.447539317747,0.00016296032538741203
10396.268016629454,0.00017863911941970144
10397.08849394116,0.00014013048735603254
10397.908971252866,6.80879470784444e-05
10398.729448564573,0.0001478756547996776
10399.54992587628,0.00023210369350521693
10400.370403187984,0.0003674900439194595
10401.190880499691,0.00025178977390067416
10402.011357811398,0.00010256502038922062
10402.831835123105,0.00020230497648384544
10403.65231243481,0.00014404064289267438
10404.472789746516,0.0001448877745833565
10405.293267058223,8.408834634446623e-05
10406.113744369928,0.00020265941695872707
10406.934221681635,0.00022183791381406726
10407.754698993342,0.00010675056757829627
10408.575176305047,6.476274252559867e-05
10409.395653616753,6.550056903877345e-05
10410.21613092846,0.00010954310394244388
10411.036608240165,0.00013928259209157064
10411.857085551872,2.892676216646328e-05
10412.677562863579,0.00018801061199241991
10413.498040175284,0.00019402714741540485
10414.31851748699,0.00010459787115488002
10415.138994798697,0.0001677557452407712
10415.959472110404,0.00013106886471983577
10416.779949422109,4.3632538040188464e-05
10417.600426733816,9.020719059989473e-05
10418.420904045523,8.947237411240741e-05
10419.241381357228,0.00010251514215926773
10420.061858668934,8.618045686304776e-05
10420.882335980641,7.286202124867819e-05
10421.702813292346,9.799998922839068e-06
10422.523290604053,3.970800342223898e-05
10423.34376791576,6.451803446389258e-05
10424.164245227465,5.768923488642014e-05
10424.984722539171,9.834257916770525e-05
10425.805199850878,0.0001903906430604988
10426.625677162583,0.00018872559333058388
10427.44615447429,6.444836383516423e-05
10428.266631785997,0.00021548654775410157
10429.087109097703,0.00013775177350882023
10429.907586409408,0.0001966875022102611
10430.728063721115,0.00021380193120592385
10431.548541032822,2.8222965607555586e-05
10432.369018344527,0.00017110594188461691
10433.189495656234,0.00019313993901073895
10434.00997296794,0.00023565540109878077
10434.830450279645,0.00035562231147590046
10435.650927591352,0.0002128238725840002
10436.471404903059,0.00017427283115197174
10437.291882214764,0.00019329376054094466
10438.11235952647,0.00010028297387601222
10438.932836838178,0.00031626633240025364
10439.753314149884,0.0003895224737460492
10440.57379146159,0.0002466280396094928
10441.394268773296,0.0001791951575392666
10442.214746085003,0.00017388546797065372
10443.035223396708,4.800353388821354e-05
10443.855700708415,9.459509776741492e-05
10444.676178020121,2.6470413668450825e-05
10445.496655331826,0.00013899032368269615
10446.317132643533,3.0200796261855058e-05
10447.13760995524,0.00011726740273390941
10447.958087266945,9.371260421552446e-05
10448.778564578652,0.00016509520879862642
10449.599041890358,0.00019942624039963778
10450.419519202063,0.000250417955188183
10451.23999651377,0.00014482642742856224
10452.060473825477,0.00015160794926558544
10452.880951137184,0.0001267663428518802
10453.701428448889,9.400298220817139e-05
10454.521905760595,8.782289649189232e-05
10455.342383072302,0.00022045256653317456
10456.162860384007,0.00019956729413328112
10456.983337695714,0.00017869735380998645
10457.80381500742,0.00011595923316917188
10458.624292319126,0.00015753906336961885
10459.444769630833,0.00022062068125405107
10460.26524694254,0.00018703646939615694
10461.085724254244,0.00034824856291133
10461.906201565951,0.0003385230099405645
10462.726678877658,0.00025940387563301587
10463.547156189363,0.00010794744922057354
10464.36763350107,4.9864315979451855e-05
10465.188110812776,6.153050046942531e-06
10466.008588124483,0.00011689546104911674
10466.829065436188,0.00011923819716996319
10467.649542747895,4.360719639813412e-05
10468.470020059602,0.0002769294109379267
10469.290497371307,0.00030345682672216893
10470.110974683013,9.963348199327965e-05
10470.93145199472,0.00011257695981955488
10471.751929306425,0.00017036366199575488
10472.572406618132,0.0001858213657708294
10473.392883929839,0.00026165700171303373
10474.213361241544,0.00011236002777193894
10475.03383855325,0.00014745739001835825
10475.854315864957,0.0001610462824380418
10476.674793176662,4.025176508910616e-05
10477.495270488369,0.00015769661597066329
10478.315747800076,0.00010589883497366769
10479.136225111783,7.902431579652583e-05
10479.956702423488,6.829358154626094e-05
10480.777179735194,1.9215645070879655e-05
10481.597657046901,0.0001593564720328333
10482.418134358606,0.0001691217716419772
10483.238611670313,2.340734321577227e-05
10484.05908898202,0.00013826659217651665
10484.879566293725,0.00012261210333242218
10485.700043605431,1.728258851393595e-05
10486.520520917138,0.00013974012019335807
10487.340998228843,0.0001397731070731997
10488.16147554055,0.00015700127693807448
10488.981952852257,3.1357882439157416e-05
10489.802430163963,0.0002466702780298551
10490.622907475668,0.00019109853188308313
10491.443384787375,0.00017729965104064415
10492.263862099082,0.00033687620866177005
10493.084339410787,0.00032483047692751963
10493.904816722494,0.00019852422672703805
10494.7252940342,0.00013092376720579048
10495.545771345905,4.548348897645477e-05
10496.366248657612,5.992126400249196e-05
10497.186725969319,0.00019598432635393377
10498.007203281024,0.00010551707914481001
10498.82768059273,0.00013800561772016264
10499.648157904438,0.0002032172793641647
10500.468635216143,0.00033665082351735687
10501.28911252785,0.0002369338714466343
10502.109589839556,0.000296375912057531
10502.930067151263,0.0002513229956814969
10503.750544462968,0.00010388455269163535
10504.571021774675,0.00020058121799450504
10505.391499086381,0.00035081114805187564
10506.211976398086,0.00032810678798333396
10507.032453709793,0.00014016400061983109
10507.8529310215,0.00013237809950186391
10508.673408333205,0.00017126711416756224
10509.493885644912,0.00018165358057512768
10510.314362956618,0.00016333581280841012
10511.134840268323,0.00018317429158488135
10511.95531758003,0.00010357327250915926
10512.775794891737,0.0001513905129347509
10513.596272203442,0.0002785474781778241
10514.416749515149,0.00024409190866741287
10515.237226826855,0.00015280280255334657
10516.057704138562,4.163351347812858e-05
10516.878181450267,0.0001256527486664068
10517.698658761974,5.700474224253839e-05
10518.51913607368,7.626035047588031e-05
10519.339613385386,5.8801739591794175e-05
10520.160090697093,1.8863739589259175e-05
10520.9805680088,0.00021566496458776683
10521.801045320504,0.00029129901729589206
10522.621522632211,0.00014040558561597232
10523.441999943918,0.00014617827833128633
10524.262477255623,9.295809961626062e-05
10525.08295456733,1.9213971796450105e-05
10525.903431879036,0.00010016451837298124
10526.723909190743,0.00017326920169952737
10527.544386502448,0.00021065171848839756
10528.364863814155,0.00024724582650126814
10529.185341125862,0.0002067797161791259
10530.005818437567,9.301374070746025e-05
10530.826295749273,0.00015323379475677446
10531.64677306098,0.00011588128902641581
10532.467250372685,0.00014251406424600307
10533.287727684392,1.848702109989926e-05
10534.108204996099,3.24781227163142e-05
10534.928682307804,0.00010889529811419196
10535.74915961951,0.00011322394443449545
10536.569636931217,0.00022452936924230983
10537.390114242922,0.0001512427569402543
10538.210591554629,0.00020569151293968306
10539.031068866336,0.0002655903163094605
10539.851546178043,6.60445320425596e-05
10540.672023489748,5.302256757710286e-05
10541.492500801454,0.00020526803461783915
10542.312978113161,0.00020923832300564615
10543.133455424866,0.00018740819513897965
10543.953932736573,0.00027294868605934005
10544.77441004828,0.00025500487430317096
10545.594887359985,0.00024205497201393655
10546.415364671691,0.00017189626320202395
10547.235841983398,0.0001165042696712894
10548.056319295103,0.00014509423478607867
10548.87679660681,0.00026366048874595926
10549.697273918517,0.00023617645930148614
10550.517751230222,0.00014905244907262413
10551.338228541928,2.7930680799072257e-05
10552.158705853635,0.00010135628744529613
10552.979183165342,9.129640155261099e-05
10553.799660477047,0.00014022485089384946
10554.620137788754,8.451976171171442e-05
10555.44061510046,6.806801782472261e-05
10556.261092412165,4.7941859530072965e-05
10557.081569723872,0.00013907587443724506
10557.902047035579,0.00012186709168207516
10558.722524347284,4.95304163461208e-05
10559.54300165899,6.185020098707598e-05
10560.363478970698,0.00011935748778463526
10561.183956282403,6.302634029066585e-05
10562.00443359411,5.4098463820809155e-05
10562.824910905816,9.820435714398168e-05
10563.645388217521,9.058975529469136e-05
10564.465865529228,0.00016104583698599826
10565.286342840935,0.0001186830422422449
10566.106820152641,0.0002676979469643207
10566.927297464346,0.00018188015521065486
10567.747774776053,6.62529701676757e-05
10568.56825208776,5.292993334537424e-05
10569.388729399465,8.561775424739131e-05
10570.209206711172,8.906334108697016e-05
10571.029684022878,2.9464961838556692e-05
10571.850161334583,0.00014423730752807543
10572.67063864629,0.00011198171672875776
10573.491115957997,0.0002230222914420849
10574.311593269702,0.00021680791399543347
10575.132070581409,7.836639760542184e-05
10575.952547893115,3.9565818906909736e-05
10576.773025204822,4.564195015947043e-05
10577.593502516527,7.680101215750199e-05
10578.413979828234,9.3544958046922e-05
10579.23445713994,5.0195142967722625e-05
10580.054934451646,0.00013563725331145593
10580.875411763353,8.987183991669939e-05
10581.69588907506,0.0001604579356071263
10582.516366386764,0.00020965419561556713
10583.336843698471,5.800829339322102e-05
10584.157321010178,0.0001437583390994834
10584.977798321883,0.00014435634562977813
10585.79827563359,5.6523345816388194e-05
10586.618752945296,8.566608845844279e-05
10587.439230257001,9.651292957358144e-05
10588.259707568708,0.00011434589632030168
10589.080184880415,0.00012676182812367388
10589.900662192122,9.278069109942972e-05
10590.721139503827,0.0002153275120845195
10591.541616815533,4.259207858516776e-05
10592.36209412724,0.00019243822821917464
10593.182571438945,0.00016701535615188512
10594.003048750652,9.111117681299316e-05
10594.823526062359,0.00015078612681801283
10595.644003374064,0.00021328849610153838
10596.46448068577,0.00013511850854021774
10597.284957997477,8.731912457395031e-05
10598.105435309182,0.00015583852796806466
10598.925912620889,0.00011900125094202575
10599.746389932596,0.00029811039745910846
10600.5668672443,0.00018898544204515246
10601.387344556008,9.989910780687337e-05
10602.207821867714,0.00014429185894875281
10603.028299179421,0.00021163981611282883
10603.848776491126,0.0003477430073566112
10604.669253802833,0.00027168201559848364
10605.48973111454,9.542715476914968e-05
10606.310208426245,6.833864502676812e-05
10607.130685737951,0.00022164536486177003
10607.951163049658,0.00022160399622686596
10608.771640361363,0.0001546141737331004
10609.59211767307,8.073354682707374e-05
10610.412594984777,7.336525611709495e-05
10611.233072296482,0.00014881655562906922
10612.053549608188,0.00016622310116333892
10612.874026919895,7.357654175110963e-05
10613.694504231602,0.00013241560279830117
10614.514981543307,0.00010099406265904041
10615.335458855014,6.872696159825857e-05
10616.15593616672,0.00012538000702929798
10616.976413478425,0.00014818755032940795
10617.796890790132,0.0002533664688397253
10618.617368101839,0.0003057831334182779
10619.437845413544,7.46927590744377e-05
10620.25832272525,0.00017638941581944563
10621.078800036958,0.0002987348221321804
10621.899277348663,0.00024089267634327225
10622.71975466037,0.00022321309719189022
10623.540231972076,0.00029410175011157
10624.360709283781,0.0002124317283606307
10625.181186595488,0.00016490630460191025
10626.001663907195,7.153094432811306e-05
10626.822141218901,6.160624924498921e-05
10627.642618530606,0.00014522562213217511
10628.463095842313,0.00014997905322168182
10629.28357315402,2.462842187842108e-05
10630.104050465725,0.000188174569296626
10630.924527777432,0.000323744646159152
10631.745005089138,0.0003141400834513343
10632.565482400843,0.00015171848830945585
10633.38595971255,0.00012958160108457144
10634.206437024257,0.00010317625826568388
10635.026914335962,6.664497987871065e-05
10635.847391647669,5.448694810625322e-05
10636.667868959375,4.932106872104982e-05
10637.48834627108,0.00016983911051183498
10638.308823582787,0.00016447253288761243
10639.129300894494,0.0001549292783186984
10639.9497782062,0.00014815767917705447
10640.770255517906,0.00012694956905290813
10641.590732829613,0.00017972378390385002
10642.41121014132,0.00018391741123969838
10643.231687453024,4.5700259504395206e-05
10644.052164764731,0.0001245929087342622
10644.872642076438,5.179155410049074e-05
10645.693119388143,0.00020850929446548203
10646.51359669985,0.00017857239464002286
10647.334074011556,0.00010514796851876343
10648.154551323261,0.00019699177355826785
10648.975028634968,8.722631355707567e-05
10649.795505946675,0.00016957587854892506
10650.61598325838,0.00015958139079081995
10651.436460570087,0.00022358693240681336
10652.256937881793,0.00010112823825670185
10653.0774151935,1.804230113063202e-05
10653.897892505205,0.00011475267486934651
10654.718369816912,5.9314914686125786e-05
10655.538847128619,0.00016310303159416855
10656.359324440324,3.516730785110759e-05
10657.17980175203,0.00012774315307781107
10658.000279063737,5.853371403756985e-05
10658.820756375442,9.019824924778755e-05
10659.641233687149,0.0003552254213573578
10660.461710998856,0.0002877823346663965
10661.28218831056,9.666779183967997e-05
10662.102665622268,5.493516792347189e-05
10662.923142933974,4.722574462393934e-05
10663.743620245681,0.00011936677804343337
10664.564097557386,0.00021765332688225217
10665.384574869093,0.00023299717958620586
10666.2050521808,0.00013830889490943837
10667.025529492505,0.00013775092699986862
10667.846006804211,0.0002447361113087265
10668.666484115918,9.402802502625364e-05
10669.486961427623,0.0001021178217736891
10670.30743873933,0.00023706311030180258
10671.127916051037,0.00023257097097846186
10671.948393362742,0.0001344287383415692
10672.768870674448,0.00010233504558813986
10673.589347986155,0.00021404517146350846
10674.40982529786,0.0001224631821616738
10675.230302609567,0.0001789552601766592
10676.050779921274,0.00018140291505948846
10676.87125723298,0.00017065398656472292
10677.691734544685,0.0002118923744801465
10678.512211856392,5.683054963466528e-05
10679.332689168099,0.00017908243253226367
10680.153166479804,5.040034826230863e-05
10680.97364379151,0.00019430921086269732
10681.794121103218,0.00026967928564486794
10682.614598414923,0.00019898110265382802
10683.43507572663,0.00018682257713476474
10684.255553038336,0.000299886852893653
10685.076030350041,0.00023548572978093028
10685.896507661748,0.0002022005759355852
10686.716984973455,8.867905302779535e-05
10687.53746228516,0.00025588393955490815
10688.357939596866,0.00018392667496322298
10689.178416908573,9.199379955725338e-05
10689.99889422028,0.00018596249359424845
10690.819371531985,0.00016991177205709205
10691.639848843692,9.008868760980135e-05
10692.460326155398,9.708691919877807e-05
10693.280803467103,4.590785727602683e-05
10694.10128077881,0.00023749033610545182
10694.921758090517,0.00017407818790273011
10695.742235402222,0.00013520740351546936
10696.562712713929,0.00023226208167209206
10697.383190025635,0.0001568458798948778
10698.20366733734,0.00034422566295921897
10699.024144649047,0.0003926759988668248
10699.844621960754,0.00025720872093305596
10700.665099272459,0.00015966751314764314
10701.485576584166,9.881781239276679e-05
10702.306053895873,0.00018892984385259095
10703.12653120758,0.00019399768488382064
10703.947008519284,0.0001267030503091213
10704.767485830991,0.00020526684453286973
10705.587963142698,0.00019756832126999364
10706.408440454403,0.0001761606964278479
10707.22891776611,0.00013981301974450963
10708.049395077816,0.00011316628015841443
10708.869872389521,0.000154745278746169
10709.690349701228,0.00021346091101429607
10710.510827012935,0.000214752957109427
10711.33130432464,8.790107319036121e-05
10712.151781636347,7.347514559205483e-05
10712.972258948053,0.00023954286137763028
10713.79273625976,0.00029445100291128026
10714.613213571465,0.00011154766697744934
10715.433690883172,3.5961790547613574e-05
10716.254168194879,3.937428027662868e-05
10717.074645506584,0.00014424841118038868
10717.89512281829,0.00017843798984115236
10718.715600129997,0.00012020748046762021
10719.536077441702,0.00015674394786151135
10720.356554753409,9.392608161617543e-05
10721.177032065116,6.006295551293624e-05
10721.99750937682,0.00020398668962469973
10722.817986688528,0.00014226042396207311
10723.638464000234,0.000124770960936366
10724.45894131194,2.514043167229445e-05
10725.279418623646,0.00019426206192484224
10726.099895935353,0.00011073038148357982
10726.92037324706,9.1672634441416e-05
10727.740850558765,3.126511948645481e-05
10728.561327870471,0.00013608217252633777
10729.381805182178,0.00010984031140499071
10730.202282493883,2.7480573770079874e-05
10731.02275980559,0.00013889355440109167
10731.843237117297,9.884081958004476e-05
10732.663714429002,0.00019392608446965244
10733.484191740708,0.00021688676953711633
10734.304669052415,0.00018317401679434261
10735.12514636412,0.00024032308361037104
10735.945623675827,0.00013909538998545378
10736.766100987534,0.0002741814419858826
10737.586578299239,0.00034290047090239985
10738.407055610945,0.00014247193668984748
10739.227532922652,0.000106738913796006
10740.048010234359,0.00023105952429510737
10740.868487546064,0.00027440964954833746
10741.68896485777,0.0002333447126108721
10742.509442169478,0.00026881488197729727
10743.329919481183,0.00036810767893396385
10744.15039679289,0.00032833840576928017
10744.970874104596,7.126275473942647e-05
10745.791351416301,0.00015131478639579939
10746.611828728008,0.00010207080310892264
10747.432306039715,0.000101950294239014
10748.25278335142,0.00012280453239376624
10749.073260663126,7.491608684593122e-05
10749.893737974833,0.00014929842114570896
10750.71421528654,0.00010736032437847768
10751.534692598245,0.00014968447426951187
10752.355169909952,0.00010992019458716878
10753.175647221658,8.059839207504641e-05
10753.996124533363,0.00014379294554587365
10754.81660184507,0.00026315330413987086
10755.637079156777,0.00015515303406753517
10756.457556468482,0.00014618576024916287
10757.278033780189,0.00014425474000886817
10758.098511091895,0.00013992502302674823
10758.9189884036,0.00010875762975896739
10759.739465715307,0.00016290087990584415
10760.559943027014,0.0003228591243936813
10761.380420338719,0.00026904619746762504
10762.200897650426,0.0001428759603551638
10763.021374962133,0.00018279988993226
10763.84185227384,0.00032377016736513154
10764.662329585544,0.00026504013556682764
10765.482806897251,0.0002678694546515347
10766.303284208958,0.00030536282807484393
10767.123761520663,0.0002189447441502088
10767.94423883237,0.0001538991314432083
10768.764716144076,0.00011133944934305418
10769.585193455781,2.9656345135866052e-05
10770.405670767488,0.00017421921464668262
10771.226148079195,0.00018699530039880508
10772.0466253909,0.0001559866713566786
10772.867102702607,0.00015625924959412598
10773.687580014313,0.00018662112008755705
10774.508057326018,0.000225784310864897
10775.328534637725,0.0002531577407533333
10776.149011949432,0.00017432233866995813
10776.969489261139,0.00034061632984704125
10777.789966572844,0.00029873580249355073
10778.61044388455,0.00017844163615954222
10779.430921196257,0.00012266055582107796
10780.251398507962,0.00011292674402370748
10781.071875819669,0.00020579248036038534
10781.892353131376,0.00013295366060335712
10782.71283044308,0.00015050923657647527
10783.533307754788,0.00031632707141533234
10784.353785066494,0.0003676772578019311
10785.1742623782,0.0002492689205460338
10785.994739689906,0.00022823183657207866
10786.815217001613,0.00019927878726480803
10787.635694313318,6.427171546701968e-05
10788.456171625025,5.3935208465533536e-05
10789.276648936731,0.00014040608421985888
10790.097126248438,0.0003473358673332744
10790.917603560143,0.0003502062679983857
10791.73808087185,0.00019287740421334375
10792.558558183557,0.00015223785760207968
10793.379035495262,0.000265024690696535
10794.199512806968,0.00020556477369561312
10795.019990118675,0.0002165822054182517
10795.84046743038,0.0002376516697694203
10796.660944742087,0.0001377821803366347
10797.481422053794,0.0001639060069216992
10798.301899365499,0.00027638546746425055
10799.122376677205,0.00014461263417405102
10799.942853988912,0.0002319560322255693
10800.763331300619,0.000259396656967441
10801.583808612324,0.00010736386332170554
10802.40428592403,0.00016173935326578088
10803.224763235738,0.00023513599769781033
10804.045240547443,0.0001269483305993902
10804.86571785915,2.4834999407739607e-05
10805.686195170856,0.00017705295872421717
10806.506672482561,0.0003006708902587839
10807.327149794268,0.00014835651211954186
10808.147627105975,0.0002176451579302908
10808.96810441768,0.00019756852733790432
10809.788581729386,0.00010181157651443503
10810.609059041093,3.703356577611527e-05
10811.429536352798,0.00010057157180119507
10812.250013664505,8.398476878088395e-05
10813.070490976212,0.0001185489482730118
10813.890968287918,2.6627232806865014e-05
10814.711445599623,0.00011261560032409776
10815.53192291133,8.017495051262633e-05
10816.352400223037,0.0001538612048439819
10817.172877534742,5.56044350036974e-05
10817.993354846449,0.00012914024101477593
10818.813832158155,0.00010119023357937356
10819.63430946986,0.00017118701424113578
10820.454786781567,0.00019783296224047802
10821.275264093274,0.00022656588020424846
10822.095741404979,0.0001626417077674007
10822.916218716686,0.00019734710672113115
10823.736696028393,0.0002596765542098226
10824.557173340098,0.00030784120124528833
10825.377650651804,0.00022389021011157972
10826.198127963511,0.0001780676751667634
10827.018605275218,0.0002192152489890421
10827.839082586923,6.329143624934828e-05
10828.65955989863,0.00017039939837654015
10829.480037210336,0.0002011436004714288
10830.300514522041,0.00012393596245157448
10831.120991833748,7.951266850504182e-05
10831.941469145455,0.00010521516506047026
10832.76194645716,0.0001923678201186466
10833.582423768867,0.0002403577757972491
10834.402901080573,0.00015680900012331542
10835.223378392278,6.940359725991043e-05
10836.043855703985,0.00016840016644324016
10836.864333015692,0.00020274744450319703
10837.684810327399,0.00016544486119769012
10838.505287639104,0.00016995898837886142
10839.32576495081,0.00018516312558208167
10840.146242262517,0.00013358859701383103
10840.966719574222,2.9777065450022077e-05
10841.787196885929,0.0001448012930938768
10842.607674197636,0.00023258293913207352
10843.42815150934,0.00012342010935481823
10844.248628821048,0.00013691770354757596
10845.069106132754,0.00018636944614301395
10845.88958344446,0.00020700175516306802
10846.710060756166,0.00021281752963204205
10847.530538067873,0.00018045136076981396
10848.351015379578,0.00021820080165300916
10849.171492691285,9.233196152447844e-05
10849.991970002991,0.0001680863663027445
10850.812447314698,0.0002388670484980107
10851.632924626403,0.00028804998324613676
10852.45340193811,8.120775999343705e-05
10853.273879249817,0.0001764965765547845
10854.094356561522,0.00013567947565093093
10854.914833873228,4.969587230605658e-05
10855.735311184935,1.4891725217960594e-06
10856.55578849664,9.145901715301548e-05
10857.376265808347,0.00019442791539411538
10858.196743120054,0.00031590307586359603
10859.017220431759,0.0002630208181118832
10859.837697743465,4.966124247413419e-05
10860.658175055172,0.00016757502851022713
10861.478652366877,0.00018460337324314302
10862.299129678584,9.578499254340524e-05
10863.11960699029,0.00011513816828313127
10863.940084301998,0.00015264129891557027
10864.760561613703,2.8999424339936915e-05
10865.58103892541,0.00010797686054675908
10866.401516237116,3.0121268153124554e-05
10867.221993548821,0.00012131823067782636
10868.042470860528,0.00016997473091477037
10868.862948172235,0.00010090233287302849
10869.68342548394,7.202012116255359e-05
10870.503902795646,4.1426327708491704e-05
10871.324380107353,0.00010828939803080971
10872.144857419058,6.593917483401667e-05
10872.965334730765,0.00020718232435686107
10873.785812042472,5.962080727062152e-05
10874.606289354177,0.00011413723070822574
10875.426766665883,0.00026465204084018604
10876.24724397759,0.0002924229457419617
10877.067721289297,0.00019225649246117467
10877.888198601002,0.0001979725542017601
10878.708675912709,0.0001489777182332769
10879.529153224415,7.053056604690485e-05
10880.34963053612,0.00022653557499354476
10881.170107847827,0.0001240669209638622
10881.990585159534,8.621192681395355e-05
10882.811062471239,0.0001634922749420038
10883.631539782946,0.00010512393282702476
10884.452017094653,0.00022322933432136692
10885.272494406358,0.0003476501560999582
10886.092971718064,0.0003844201901520051
10886.913449029771,0.00023165740510406517
10887.733926341478,0.0002489732442655883
10888.554403653183,0.00033019851229128635
10889.37488096489,0.00023636219837066573
10890.195358276596,0.00023391321185834915
10891.015835588301,0.00023472822061175336
10891.836312900008,0.00027533350022880716
10892.656790211715,0.0002683826024630734
10893.47726752342,0.00023864765155770634
10894.297744835127,0.00023177754070032475
10895.118222146833,4.5377262605035376e-05
10895.938699458538,0.00021436094473500374
10896.759176770245,0.0001549717976089624
10897.579654081952,0.00016312063212174088
10898.400131393657,0.00019493632379249736
10899.220608705364,0.00016075242345490735
10900.04108601707,4.157710940544964e-05
10900.861563328777,3.123248485027216e-05
10901.682040640482,0.00013066888213589977
10902.502517952189,0.00018369257665499044
10903.322995263896,0.00011564973972285921
10904.1434725756,0.00024284084852665137
10904.963949887308,0.000110755503737933
10905.784427199014,0.0001148560241762757
10906.60490451072,0.00020891363231259911
10907.425381822426,0.00015443646244784462
10908.245859134133,0.0003112895102867655
10909.066336445838,0.00032559653715535746
10909.886813757545,0.00023070233495654931
10910.707291069251,4.13763975131883e-05
10911.527768380956,0.00027048313705727554
10912.348245692663,0.0002900119296874049
10913.16872300437,0.0001793070114821892
10913.989200316077,5.8840429414721635e-05
10914.809677627782,0.00015215088767911832
10915.630154939488,0.0001657904117300332
10916.450632251195,6.774477450572117e-05
10917.2711095629,0.0001281720999717526
10918.091586874607,0.00019186601106284455
10918.912064186314,0.0001237705308693066
10919.732541498019,0.00018836600302395883
10920.553018809725,0.00023416546686142313
10921.373496121432,0.0002388003621707036
10922.193973433137,8.437218888779843e-05
10923.014450744844,0.00017602250102944427
10923.83492805655,6.410100208029346e-05
10924.655405368258,0.00010153557138817032
10925.475882679963,0.0002242456507976164
10926.29635999167,0.0001782363442545286
10927.116837303376,0.00037257204431938084
10927.937314615081,0.00021416433243458992
10928.757791926788,9.335645260465309e-05
10929.578269238495,9.004783898306613e-05
10930.3987465502,6.371181544415064e-05
10931.219223861906,0.0001401764404298628
10932.039701173613,0.00010957995310637402
10932.860178485318,9.59985928950185e-05
10933.680655797025,6.465999387652908e-05
10934.501133108732,0.00016084220619765123
10935.321610420437,0.00015324051157534758
10936.142087732143,0.00014110165753499697
10936.96256504385,4.519441750883953e-05
10937.783042355557,0.0002120795219701947
10938.603519667262,0.00019759084797784298
10939.423996978969,0.00018945615700416058
10940.244474290675,0.00017103605859104953
10941.06495160238,0.00012837749113324122
10941.885428914087,0.00010930543726057464
10942.705906225794,3.970859323170654e-05
10943.526383537499,0.00012047057255921853
10944.346860849206,0.0001828718024786798
10945.167338160913,6.304148084594324e-05
10945.987815472618,0.00010645265624369542
10946.808292784324,0.00010685002385055044
10947.628770096031,0.00019663676645443665
10948.449247407736,0.00013489595822541896
10949.269724719443,0.00012017040500800758
10950.09020203115,0.0002843187836277617
10950.910679342856,0.0002970376532613172
10951.731156654561,0.00026956124208956696
10952.551633966268,0.00020178010716902966
10953.372111277975,0.00012860630496556544
10954.19258858968,0.00017695617709526627
10955.013065901387,0.0002463987886863664
10955.833543213093,0.00022904201744376005
10956.654020524798,0.00014823621900768668
10957.474497836505,0.0002489211550969222
10958.294975148212,0.000175952518836984
10959.115452459917,4.1589673917426425e-05
10959.935929771624,0.00011854398935098683
10960.75640708333,0.00025038944487759706
10961.576884395035,0.00020419282478528826
10962.397361706742,8.150026584857243e-05
10963.217839018449,3.124299096460125e-05
10964.038316330156,0.00018459291777230848
10964.85879364186,0.0002639538195116838
10965.679270953568,7.883003781918691e-05
10966.499748265274,0.00026579369861472906
10967.32022557698,0.00033335826666951645
10968.140702888686,9.910040795369926e-05
10968.961180200393,0.0002061212401930865
10969.781657512098,0.0003514958781123739
10970.602134823805,0.00016029664305486872
10971.422612135511,0.0002094938122464417
10972.243089447216,0.00013221800003930867
10973.063566758923,0.00012646687023997456
10973.88404407063,0.00018717053477073736
10974.704521382337,0.00030694568584907624
10975.524998694042,0.00018970434580767501
10976.345476005748,6.200954041916119e-05
10977.165953317455,0.00019832753980392396
10977.98643062916,0.00030558613423192066
10978.806907940867,0.0003159026146089354
10979.627385252574,0.00024758624608535847
10980.447862564279,0.00011137038210395653
10981.268339875985,2.4324613276056094e-05
10982.088817187692,5.0959620704577395e-05
10982.909294499397,7.241338711767624e-05
10983.729771811104,5.625813026634961e-05
10984.55024912281,0.00019527240413104262
10985.370726434516,0.00019090896646581127
10986.191203746223,0.00014631599540976893
10987.01168105793,0.00010607900425388992
10987.832158369636,3.603712735486409e-05
10988.652635681341,0.0001308736415526783
10989.473112993048,0.00021717381953651252
10990.293590304755,8.261738996958531e-05
10991.11406761646,0.00018957030306554094
10991.934544928166,0.00023426456573443129
10992.755022239873,0.00012197399404558188
10993.575499551578,0.00011041363873174705
10994.395976863285,0.00013548000432545343
10995.216454174992,0.00011423465553532985
10996.036931486697,9.540603989795891e-05
10996.857408798403,0.00013933577100285865
10997.67788611011,0.00028180327748104857
10998.498363421815,0.0002592038841961281
10999.318840733522,5.092119839630588e-05
11000.139318045229,0.00010265948030057517
11000.959795356936,0.0002792127055604739
11001.78027266864,0.00025237043010995495
11002.600749980347,0.0001662980661734241
11003.421227292054,0.0002045236658734926
11004.241704603759,0.0003401715012781589
11005.062181915466,0.00022368979638338746
11005.882659227173,0.00010809817590322282
11006.703136538878,0.00013414793653414693
11007.523613850584,0.00018380567023188824
11008.344091162291,0.00011271065486944896
11009.164568473996,0.00015154995217882644
11009.985045785703,0.00020261181081508313
11010.80552309741,0.00020647228649148342
11011.626000409116,0.0001797561933100523
11012.446477720821,6.497143961824996e-05
11013.266955032528,0.00013265522622245475
11014.087432344235,0.00031929329425214474
11014.90790965594,0.0002594455431277356
11015.728386967647,0.00036681761479995186
11016.548864279353,0.00035571867530913846
11017.369341591058,0.0002851822200330089
11018.189818902765,0.00019947585548173654
11019.010296214472,0.00023028171323964767
11019.830773526177,0.00028548959967143045
11020.651250837884,0.00015084617369053808
11021.47172814959,0.00022260599034005499
11022.292205461295,0.000445903003200017
11023.112682773002,0.0002932410200319219
11023.933160084709,0.0001397088693907428
11024.753637396416,9.304371313621453e-05
11025.57411470812,0.0002472566531312717
11026.394592019828,0.00023195847122621467
11027.215069331534,0.00021636522883373448
11028.03554664324,0.00024520559008593104
11028.856023954946,0.00024431771077481864
11029.676501266653,0.00013201698034105306
11030.496978578358,0.00014079452022335614
11031.317455890065,0.000201161875454066
11032.137933201771,0.00014529021909325337
11032.958410513476,5.623568730367442e-05
11033.778887825183,4.8885786775955045e-05
11034.59936513689,0.00011752908873354848
11035.419842448595,0.00022711660870416156
11036.240319760302,0.00020111601699249868
11037.060797072008,0.0001931661634586305
11037.881274383715,3.3700884675954095e-05
11038.70175169542,0.00014017069148261285
11039.522229007127,0.00011934369513511374
11040.342706318834,8.86633582678492e-05
11041.163183630539,0.00013885550352217376
11041.983660942245,2.5811742745076066e-05
11042.804138253952,0.00019735899790456878
11043.624615565657,0.00021054885634952644
11044.445092877364,0.00022947601156724724
11045.26557018907,6.390696048895991e-05
11046.086047500776,3.0680728192425214e-05
11046.906524812483,8.689170105985525e-05
11047.72700212419,0.0003165974856386907
11048.547479435894,0.00032812381614061596
11049.367956747601,0.0003388819158551974
11050.188434059308,0.00022424532032035992
11051.008911371015,0.0001075770809924901
11051.82938868272,8.545413462858311e-05
11052.649865994426,0.00010963805198704462
11053.470343306133,9.184440481751894e-05
11054.290820617838,0.00011826844310471264
11055.111297929545,0.00019477912533833716
11055.931775241252,0.00023378080457394314
11056.752252552957,0.00017318689758393223
11057.572729864663,0.00018672932211007514
11058.39320717637,0.00018724755376430192
11059.213684488075,9.107007154079947e-05
11060.034161799782,4.0715086595512694e-05
11060.854639111489,0.00012803140311802558
11061.675116423196,0.00012007111923124819
11062.4955937349,0.00014407751653405055
11063.316071046607,0.0003022361973478343
11064.136548358314,0.0002896332676156673
11064.957025670019,0.00012746373849971044
11065.777502981726,0.00016990389626727378
11066.597980293433,0.0003906213157777171
11067.418457605138,0.00028085106150334087
11068.238934916844,0.0002248633511523811
11069.059412228551,8.360067887850544e-05
11069.879889540256,0.00010648172475386476
11070.700366851963,8.109430291701574e-05
11071.52084416367,4.9573477067951564e-05
11072.341321475375,6.935018505622145e-05
11073.161798787081,0.00013125325147034006
11073.982276098788,0.00018314371570703585
11074.802753410495,0.00014016987724204685
11075.6232307222,0.0001425996249696606
11076.443708033907,0.00011095143181361133
11077.264185345613,0.0002570770862449001
11078.084662657318,0.0002308657498308795
11078.905139969025,0.00036731905032533945
11079.725617280732,0.00030103615938155144
11080.546094592437,0.00020978551358070418
11081.366571904144,0.0001133411002611038
11082.18704921585,4.3276397833308794e-05
11083.007526527555,0.00012146421085625853
11083.828003839262,0.00024065426955848413
11084.648481150969,0.0001988251860595504
11085.468958462674,0.00017331381388481197
11086.28943577438,0.0003121063240104004
11087.109913086088,0.0003196087379679642
11087.930390397794,0.00022220118126992433
11088.7508677095,0.0002392173630164618
11089.571345021206,5.7261839004967185e-05
11090.391822332913,0.00028117110689369825
11091.212299644618,0.00031715752496190314
11092.032776956325,0.00026188246226604577
11092.853254268031,0.0001266745058410987
11093.673731579736,6.584880884623374e-05
11094.494208891443,9.478724667927634e-05
11095.31468620315,0.00020106045878456522
11096.135163514855,8.191063287084347e-05
11096.955640826562,2.8035376453914775e-05
11097.776118138268,4.5613656979504915e-05
11098.596595449973,8.221651310619347e-05
11099.41707276168,0.00021278838469817465
11100.237550073387,0.00026578335442837674
11101.058027385094,0.00012373354009429728
11101.878504696799,0.00019138112856751142
11102.698982008505,0.000144469071174496
11103.519459320212,5.2503414085118186e-05
11104.339936631917,2.956775250144546e-05
11105.160413943624,0.00021733198807585767
11105.98089125533,0.00016687581819732486
11106.801368567036,0.00022260791953330705
11107.621845878743,0.0003244367312529851
11108.44232319045,0.00018436772348261077
11109.262800502154,0.0001758402518545878
11110.083277813861,0.00027156777334005184
11110.903755125568,0.00022937835795070366
11111.724232437275,0.00022729655736020396
11112.54470974898,0.00010891071518270952
11113.365187060686,3.762945077602256e-05
11114.185664372393,1.2290487632077012e-05
11115.006141684098,4.803020580202156e-05
11115.826618995805,0.00016317307024237075
11116.647096307512,0.00024589825641633216
11117.467573619217,0.00019562580753041038
11118.288050930923,0.0002913139657496145
11119.10852824263,0.00021933508584223192
11119.929005554335,0.00013321836785349655
11120.749482866042,3.957231650872186e-05
11121.569960177749,0.00015108255202056484
11122.390437489454,0.00013011374932776589
11123.21091480116,0.0002395368363947498
11124.031392112867,5.3040235323626254e-05
11124.851869424574,0.00018746700448452595
11125.672346736279,0.00018936597111512247
11126.492824047986,0.00013483884038586636
11127.313301359693,0.00016721537794436218
11128.133778671398,0.00016840608336295138
11128.954255983104,0.00012134945969325364
11129.774733294811,0.00021171071819887615
11130.595210606516,0.00016847712401413817
11131.415687918223,7.291668134750762e-05
11132.23616522993,0.00012143650246229408
11133.056642541635,0.0001580784102265452
11133.877119853341,0.00015420343394283254
11134.697597165048,0.0003021845415858273
11135.518074476753,0.00025770393851159767
11136.33855178846,0.0002834268797974117
11137.159029100167,0.00030956185480615183
11137.979506411873,8.826375081421269e-05
11138.799983723578,9.805473895287629e-05
11139.620461035285,0.000170276870479388
11140.440938346992,0.00017588853197923412
11141.261415658697,0.00021366317559899404
11142.081892970404,9.123826380005437e-05
11142.90237028211,0.00010472739274969568
11143.722847593815,8.090629230005822e-05
11144.543324905522,0.00011066143510536315
11145.363802217229,0.00016751547369648508
11146.184279528934,0.00010168507546900068
11147.00475684064,6.159801567186554e-05
11147.825234152348,9.142924372296399e-05
11148.645711464054,0.00013904312404667928
11149.46618877576,0.0001545325329034212
11150.286666087466,0.00013770532908128263
11151.107143399173,0.00019421407401124075
11151.927620710878,0.00022479221281200817
11152.748098022585,0.00021446900070522045
11153.568575334291,0.0002190390607337523
11154.389052645996,9.169954530561908e-05
11155.209529957703,5.8997513085625024e-05
11156.03000726941,0.00010174693037713673
11156.850484581115,0.000251237228127398
11157.670961892822,0.0003246842387978764
11158.491439204528,0.0001018380579613763
11159.311916516233,0.0001804178929987422
11160.13239382794,0.00016408196163401046
11160.952871139647,0.00019497673924104384
11161.773348451354,0.00022910411511224346
11162.593825763059,0.0003263020529590333
11163.414303074765,0.00020015109546565497
11164.234780386472,0.00012356462132720095
11165.055257698177,0.00013379208091191842
11165.875735009884,0.00015308034859537825
11166.69621232159,7.687620595439563e-05
11167.516689633296,5.6955207616418645e-05
11168.337166945003,0.00022898897391261644
11169.15764425671,0.00027178651376765124
11169.978121568414,0.00013782736417060766
11170.798598880121,7.184792415718377e-05
11171.619076191828,4.09238903055567e-05
11172.439553503533,0.00012487834087749749
11173.26003081524,9.881656703679547e-05
11174.080508126946,0.00019145514230135501
11174.900985438653,0.00018549537468103559
11175.721462750358,0.00022348763177753743
11176.541940062065,0.0003710496227092162
11177.362417373772,0.0003686217517735195
11178.182894685477,0.00017073688563720943
11179.003371997183,5.455186561746093e-05
11179.82384930889,5.337158123103671e-05
11180.644326620595,0.0002469377409169593
11181.464803932302,0.00019789346030196008
11182.285281244009,8.642006838444927e-05
11183.105758555714,0.00016052320321462035
11183.92623586742,0.00015253829993292276
11184.746713179127,0.0003309201903771748
11185.567190490832,0.00033257310802670874
11186.387667802539,0.0002794272345787797
11187.208145114246,0.00010499019600721858
11188.028622425953,0.0002128640355700452
11188.849099737658,0.000172281120571448
11189.669577049364,0.00017223324331424854
11190.490054361071,8.286683472634931e-05
11191.310531672776,8.550079710297322e-05
11192.131008984483,9.652216039290119e-05
11192.95148629619,0.00028023637926519933
11193.771963607895,0.0001118556536087256
11194.592440919601,0.00016476049435861816
11195.412918231308,0.00014289974879275267
11196.233395543013,0.00018785423883736695
11197.05387285472,0.00028173273467095464
11197.874350166427,0.0002370344801313652
11198.694827478133,0.0001155642040928989
11199.515304789838,0.0001770021531873405
11200.335782101545,0.00022763120373027476
11201.156259413252,0.0001910355787721959
11201.976736724957,0.0001613755997178111
11202.797214036664,0.00013556259194446096
11203.61769134837,6.226727418523187e-05
11204.438168660075,5.980183134698509e-05
11205.258645971782,0.00022730662641578343
11206.079123283489,0.0002736550959023589
11206.899600595194,0.00013597039882770883
11207.7200779069,8.389223705394774e-05
11208.540555218608,0.00020670271830397437
11209.361032530313,0.00015660808668855502
11210.18150984202,8.619942508099974e-05
11211.001987153726,6.3450357033305e-05
11211.822464465433,0.00016298499883457096
11212.642941777138,0.0001402956206638142
11213.463419088845,0.00017408522416405918
11214.283896400551,8.612634114820453e-05
11215.104373712256,0.00013843282134956734
11215.924851023963,0.00029069428428184804
11216.74532833567,0.00019520691101837019
11217.565805647375,0.00015219760202739814
11218.386282959082,0.00010229548579987183
11219.206760270788,8.581358651495992e-05
11220.027237582493,0.00012444412164441175
11220.8477148942,0.00010850266712962143
11221.668192205907,1.1465606222923907e-05
11222.488669517612,0.00015709352106000747
11223.309146829319,0.00043186303707151805
11224.129624141025,0.0004910086545260279
11224.950101452732,0.00038990340563697104
11225.770578764437,0.00023104801057804346
11226.591056076144,9.879392862794039e-05
11227.41153338785,0.00019446170967759912
11228.232010699556,0.00018089591916253337
11229.052488011263,0.00014514313468475107
11229.87296532297,0.00011947913674461513
11230.693442634674,0.0001731234088385052
11231.513919946381,0.00018891332958083276
11232.334397258088,7.419880121002413e-05
11233.154874569793,0.00027548051951625726
11233.9753518815,0.0002138268279453318
11234.795829193206,0.00013166542087280562
11235.616306504913,0.0002269139480684829
11236.436783816618,0.00022974503901043963
11237.257261128325,0.00022973403575184148
11238.077738440032,0.00022496742214358836
11238.898215751737,0.0003438297384643431
11239.718693063443,0.00012587336577966812
11240.53917037515,5.8018361675242556e-05
11241.359647686855,2.2458023639380174e-05
11242.180124998562,0.00011907546179747914
11243.000602310269,0.0001479353376540317
11243.821079621974,0.00012444827021636267
11244.64155693368,0.0002526659280606981
11245.462034245387,0.00022119456613145264
11246.282511557092,9.133008152128761e-05
11247.102988868799,0.00012341112234795506
11247.923466180506,0.000148232225937582
11248.743943492213,0.00027224611411245134
11249.564420803918,0.00043194615195365257
11250.384898115624,0.0003957060071347452
11251.205375427331,0.00025244026276736905
11252.025852739036,0.0002091022629411847
11252.846330050743,0.00015216685238415373
11253.66680736245,5.284497994683038e-05
11254.487284674155,0.00010922173565725949
11255.307761985861,0.0001710645420663699
11256.128239297568,0.00023767480367880499
11256.948716609273,0.00015110203088675492
11257.76919392098,0.0001507281617631961
11258.589671232687,0.00027905554768231384
11259.410148544392,0.000285801356115302
11260.230625856098,0.00022612517650149715
11261.051103167805,0.000325974332109388
11261.871580479512,0.0002174089887051799
11262.692057791217,0.0002765551737432971
11263.512535102924,0.00042186828664757064
11264.33301241463,0.00025219656114362126
11265.153489726335,0.00013463570122316067
11265.973967038042,0.0002830265409768088
11266.794444349749,0.0003123229441359611
11267.614921661454,0.00020374134016976368
11268.43539897316,3.2305001386030074e-05
11269.255876284868,0.0001827690565246369
11270.076353596573,0.00014463264109091184
11270.89683090828,0.0002473012500453457
11271.717308219986,0.0003323397026778843
11272.537785531691,0.00020993152411714197
11273.358262843398,6.66226606722517e-05
11274.178740155105,0.0002102693188141458
11274.999217466811,3.51465023545813e-05
11275.819694778516,0.00021540459335076125
11276.640172090223,0.0001562710670301132
11277.46064940193,6.026134722121927e-05
11278.281126713635,0.00019080786406996895
11279.101604025342,0.0002034915636958513
11279.922081337048,0.00017897048896235441
11280.742558648753,9.151536780623697e-05
11281.56303596046,0.00010293683153379292
11282.383513272167,0.0001580080262183874
11283.203990583872,6.000021513789642e-05
11284.024467895579,0.00019083967904929706
11284.844945207285,0.00025802015918046636
11285.665422518992,0.00021459403931053952
11286.485899830697,0.00013377146723967724
11287.306377142404,0.00017929631257034215
11288.12685445411,0.0002489573787584167
11288.947331765816,0.00021605888716233864
11289.767809077523,7.440329218579967e-05
11290.58828638923,9.840915246016586e-05
11291.408763700934,0.00021925227108081095
11292.229241012641,0.0002996989435727479
11293.049718324348,0.0002590663648072041
11293.870195636053,0.00012866250985093844
11294.69067294776,0.0001738650477566811
11295.511150259466,0.00021189316194871385
11296.331627571171,0.0001417112806384787
11297.152104882878,6.402655815789725e-05
11297.972582194585,7.227870340556367e-06
11298.793059506292,0.00011802272016139138
11299.613536817997,9.295719895896024e-05
11300.434014129703,8.7365825966588e-05
11301.25449144141,0.00019775487026770186
11302.074968753115,0.00018270609655938452
11302.895446064822,0.0002063219233158241
11303.715923376529,0.0003226829664591946
11304.536400688234,0.0003842070207794101
11305.35687799994,0.0002193820059649788
11306.177355311647,2.614951672403418e-05
11306.997832623352,0.0001442535462922659
11307.818309935059,0.00019989328955744628
11308.638787246766,0.00010411893888482332
11309.45926455847,0.00017006803910127593
11310.279741870178,0.00018536763076396184
11311.100219181884,4.3396491132686714e-05
11311.920696493591,0.00022388547550365062
11312.741173805296,0.0001942607117645967
11313.561651117003,7.839237436088428e-05
11314.38212842871,0.00015759902939080275
11315.202605740415,0.00022068126296363955
11316.023083052121,0.00017925945434129888
11316.843560363828,5.310858850855656e-05
11317.664037675533,0.00018435662672921754
11318.48451498724,3.870086825762785e-05
11319.304992298947,0.0003266204957945731
11320.125469610652,0.000215818816403881
11320.945946922358,0.00023543983180139813
11321.766424234065,0.00024169644861324864
11322.586901545772,0.0001818453514361693
11323.407378857477,3.497258852897887e-05
11324.227856169184,0.00018165285633530882
11325.04833348089,0.00011971547881806261
11325.868810792595,6.897795309895462e-05
11326.689288104302,0.00018247602058291517
11327.509765416009,0.00013298344928365996
11328.330242727714,5.5216553296940235e-05
11329.15072003942,9.472552372702266e-05
11329.971197351128,0.00014653663123389405
11330.791674662833,0.0001808777708273991
11331.61215197454,0.00010318130911113212
11332.432629286246,8.03161098471333e-05
11333.253106597951,0.00010974053789296554
11334.073583909658,5.673604297532105e-05
11334.894061221365,0.00018658727823598714
11335.714538533071,2.6689788951823862e-05
11336.535015844776,0.00014122764383725798
11337.355493156483,0.00014944181396037663
11338.17597046819,0.0001419099256215958
11338.996447779895,0.00021957414871146905
11339.816925091602,0.0002225520472339704
11340.637402403308,0.00013900394227237545
11341.457879715013,0.00020688252871549505
11342.27835702672,9.247034193824448e-05
11343.098834338427,4.968550286091954e-05
11343.919311650132,0.00015217225979763038
11344.739788961839,0.0002674981151340079
11345.560266273545,0.0003064680523839171
11346.38074358525,0.00025725673515369034
11347.201220896957,6.022628713514559e-05
11348.021698208664,0.0002759176448158116
11348.84217552037,0.0004750930341323841
11349.662652832076,0.0001921445886878739
11350.483130143783,0.00023500244964292757
11351.30360745549,0.00010185718705670289
11352.124084767194,0.0003135214208486964
11352.944562078901,0.00022905472403379903
11353.765039390608,4.4972460227260526e-05
11354.585516702313,0.00012904774371882332
11355.40599401402,0.00023996620863735673
11356.226471325726,7.228282315875562e-05
11357.046948637431,9.504166345716582e-05
11357.867425949138,0.00013869778402010623
11358.687903260845,0.0002954428801193487
11359.50838057255,0.00022205492440267378
11360.328857884257,5.404776474400677e-05
11361.149335195963,0.00019083296278195897
11361.96981250767,2.037157931912343e-05
11362.790289819375,0.0001464851271687188
11363.610767131082,2.339531882846616e-05
11364.431244442789,7.583979030539547e-05
11365.251721754494,8.068241356242112e-05
11366.0721990662,0.0001243114923116861
11366.892676377907,0.000176909910597114
11367.713153689612,0.00022261170743760508
11368.533631001319,0.0002544145410042618
11369.354108313026,7.499780304450398e-05
11370.17458562473,0.00019942324673378578
11370.995062936438,0.00014088616473061086
11371.815540248144,0.00019980790487637788
11372.636017559851,0.0002456222042562182
11373.456494871556,0.00012464506172933423
11374.276972183263,2.9102250527607998e-05
11375.09744949497,0.00015882195736459498
11375.917926806675,0.00032476114471727583
11376.738404118381,0.0001733714137713638
11377.558881430088,0.00015317531575514802
11378.379358741793,0.0002931357165588155
11379.1998360535,0.00028637235664521213
11380.020313365207,0.000248783924315721
11380.840790676912,0.00010269374571935787
11381.661267988618,0.0001369581849886364
11382.481745300325,4.9364100058577143e-05
11383.30222261203,9.643012250335692e-05
11384.122699923737,0.00010301922679284776
11384.943177235444,0.00031798851811101455
11385.76365454715,0.0003076240163669187
11386.584131858855,0.00024283797642144354
11387.404609170562,0.00019070040847403395
11388.225086482269,0.00011865365828024821
11389.045563793974,0.0002507264151177757
11389.86604110568,0.00015219486246762545
11390.686518417388,0.00016215427430126797
11391.506995729093,0.00011712773032367577
11392.3274730408,0.00028643927721867964
11393.147950352506,0.00023162236815644287
11393.968427664211,0.00013409857497835698
11394.788904975918,0.00017464712109437877
11395.609382287625,0.00010732189171743581
11396.42985959933,0.00034271334975441827
11397.250336911036,0.0002787992706600586
11398.070814222743,0.00012864561442978373
11398.89129153445,0.00010296650490829802
11399.711768846155,0.00017282807610720326
11400.532246157862,0.0004088340167268887
11401.352723469568,0.00033933414169704364
11402.173200781273,4.642686449695055e-05
11402.99367809298,0.0002855837575716405
11403.814155404687,0.00020781023382252477
11404.634632716392,0.00012326703381068237
11405.455110028099,0.00020162703161938562
11406.275587339805,0.00017512057161829907
11407.09606465151,0.00010004979891280424
11407.916541963217,7.707647104612561e-05
11408.737019274924,0.00016249641842875138
11409.55749658663,0.0002791672845947928
11410.377973898336,0.00033739698891985004
11411.198451210043,0.00034184082315583206
11412.01892852175,0.00014675411839000513
11412.839405833454,7.582517158431062e-05
11413.659883145161,0.00020964760505970178
11414.480360456868,0.0003076396767538551
11415.300837768573,0.00016848202457362248
11416.12131508028,0.00016636074245985564
11416.941792391986,0.00012150768857843327
11417.762269703691,0.00022750810958578336
11418.582747015398,0.0002613295476960727
11419.403224327105,0.0002523658836129088
11420.22370163881,0.0002661159787914598
11421.044178950517,0.00019910523447637553
11421.864656262223,0.0002889035428706119
11422.68513357393,0.0004345603663641217
11423.505610885635,0.00012913864821805865
11424.326088197342,0.00021806746689335727
11425.146565509049,0.00016946937800918773
11425.967042820754,9.500253813384124e-05
11426.78752013246,0.00018168869365076752
11427.607997444167,0.00014688246281238554
11428.428474755872,0.00010896033221355583
11429.248952067579,0.00021513061464934087
11430.069429379286,0.0003659272913168128
11430.88990669099,0.0003030368404646022
11431.710384002698,0.00012762928902947863
11432.530861314404,0.00015285145719865862
11433.35133862611,0.00024617154027829595
11434.171815937816,0.00014634693204775492
11434.992293249523,6.722876984056918e-05
11435.81277056123,8.787094508400717e-05
11436.633247872935,0.00014006548882244013
11437.453725184641,0.00010389702420913121
11438.274202496348,0.00023517438825564608
11439.094679808053,0.00013746610938216038
11439.91515711976,0.00026255953900801025
11440.735634431467,0.00033867204770519644
11441.556111743172,0.00032523982065475515
11442.376589054878,0.0002240994844984232
11443.197066366585,5.890833253054777e-05
11444.01754367829,0.00025318420016626756
11444.838020989997,0.0002091245332654675
11445.658498301704,0.00020839867849667136
11446.478975613409,0.0001576824652881367
11447.299452925115,4.904422791998056e-05
11448.119930236822,5.865346880209011e-05
11448.940407548529,0.00018329254732059728
11449.760884860234,0.00018593525234277322
11450.58136217194,0.00015024678563416223
11451.401839483648,0.00012483564535190685
11452.222316795353,0.00011310189316173797
11453.04279410706,0.00017940948239883976
11453.863271418766,0.00032373372027700323
11454.683748730471,8.120644293669043e-05
11455.504226042178,0.00010729271016819912
11456.324703353885,0.00020294605441972759
11457.14518066559,0.00022703866339654602
11457.965657977296,0.00018014581403850164
11458.786135289003,0.0002745514871803766
11459.60661260071,0.0002582632968335289
11460.427089912415,1.908617234946486e-05
11461.247567224122,4.8948637065638815e-05
11462.068044535828,4.48959924510936e-05
11462.888521847533,0.00011030454505316786
11463.70899915924,0.0001762454963856564
11464.529476470947,0.00017625568800060354
11465.349953782652,0.00010696505480853902
11466.170431094359,0.0002256062065578537
11466.990908406066,5.6380806866219474e-05
11467.81138571777,0.00014737113288936163
11468.631863029477,7.538524667845838e-05
11469.452340341184,5.481789650906185e-05
11470.272817652889,7.734694518739126e-05
11471.093294964596,7.818757864992592e-05
11471.913772276303,0.0002543145671161808
11472.73424958801,0.0001655536176927882
11473.554726899714,3.8483914421079835e-05
11474.375204211421,2.8006659329770464e-05
11475.195681523128,9.436033996392572e-05
11476.016158834833,0.00015430993262906793
11476.83663614654,9.19329093713e-05
11477.657113458246,9.913183561175868e-05
11478.477590769951,0.0003428097605504536
11479.298068081658,0.0004964634046954619
11480.118545393365,0.0003651122319856105
11480.93902270507,0.0003589676438559364
11481.759500016777,0.00045549101892546073
11482.579977328483,0.00023780495973416108
11483.400454640188,7.987645229612688e-06
11484.220931951895,9.121147254853764e-05
11485.041409263602,6.285288864389461e-05
11485.861886575309,4.675221213715435e-05
11486.682363887014,0.00011501559974179097
11487.50284119872,8.059963288238724e-05
11488.323318510427,6.975588411834536e-05
11489.143795822132,0.00010466731204048584
11489.964273133839,0.00013820167232162487
11490.784750445546,0.0001514537776665601
11491.60522775725,0.0001477227500341528
11492.425705068958,0.00015118902980528308
11493.246182380664,0.00014315114010940997
11494.06665969237,7.264446823768561e-05
11494.887137004076,0.00011415519583539453
11495.707614315783,0.00019147199976582207
11496.528091627488,0.0001562699379894082
11497.348568939195,0.00026670434647404535
11498.169046250901,0.0002202625698067272
11498.989523562608,2.6769799516337715e-05
11499.810000874313,0.0001987389631990036
11500.63047818602,0.00022647262945231576
11501.450955497727,0.00014953547070871347
11502.271432809432,0.00034383263311483944
11503.091910121138,0.00038684280581566987
11503.912387432845,0.0001756994619584016
11504.73286474455,0.0001392938371793982
11505.553342056257,0.0003411968148743618
11506.373819367964,0.0002910434367806696
11507.194296679669,4.7201292824899674e-05
11508.014773991375,0.000180756197760326
11508.835251303082,3.552623315470145e-05
11509.655728614789,0.00016612684339605075
11510.476205926494,0.00025694797605629383
11511.2966832382,0.00017120789457523533
11512.117160549908,0.00015011232073254368
11512.937637861613,0.00015572041680460662
11513.75811517332,9.477328891300005e-05
11514.578592485026,9.637064136014845e-05
11515.399069796731,1.2813246108507311e-05
11516.219547108438,0.00010850333653759074
11517.040024420145,0.00010108173321302234
11517.86050173185,0.00013670054209709358
11518.680979043556,0.00023896574537744572
11519.501456355263,0.00020590780862038335
11520.321933666968,0.0001542286621308142
11521.142410978675,0.00032127086652181965
11521.962888290382,0.00014528413218197755
11522.783365602088,1.3380286101398974e-05
11523.603842913793,0.00015942192320340555
11524.4243202255,0.00021156177205322642
11525.244797537207,0.00019994950114974417
11526.065274848912,9.472296811483338e-05
11526.885752160619,3.716815634324414e-05
11527.706229472326,0.00015518273721802628
11528.52670678403,0.00012933565494754792
11529.347184095737,0.00021357440078750647
11530.167661407444,8.423469105569422e-05
11530.988138719149,1.96149058158346e-05
11531.808616030856,2.5631385119600902e-05
11532.629093342563,2.82938777784987e-05
11533.449570654268,0.00011118115558538831
11534.270047965974,0.00012328025877161
11535.090525277681,0.00016877454195472915
11535.911002589388,0.00018155122598631333
11536.731479901093,0.00015513374433737882
11537.5519572128,0.00019115979804598546
11538.372434524506,0.0002944290847180371
11539.192911836211,0.0003568314277281497
11540.013389147918,0.0003089583967677985
11540.833866459625,0.000195546924593974
11541.65434377133,0.00012244379355318865
11542.474821083037,7.397783150303158e-05
11543.295298394743,0.00010087152497566872
11544.115775706448,0.00019884996943570052
11544.936253018155,0.00023378843404934515
11545.756730329862,0.00021862612987779648
11546.577207641569,0.00030012353331734483
11547.397684953274,0.00039706665712226796
11548.21816226498,0.0003990510682313314
11549.038639576687,0.00014024971175964399
11549.859116888392,0.00015131432882919407
11550.679594200099,0.0002643494958258208
11551.500071511806,0.0002361889344446099
11552.32054882351,0.0002420471307877906
11553.141026135218,0.00014806256504276517
11553.961503446924,0.00018985952315619684
11554.78198075863,0.0002822420793756548
11555.602458070336,4.981808766431828e-05
11556.422935382043,0.0001454046560466082
11557.243412693748,0.0002028703051755113
11558.063890005455,0.00012910356734111903
11558.884367317161,0.0001356334669132886
11559.704844628868,0.00021095537474455071
11560.525321940573,0.00011049438609946694
11561.34579925228,6.406025935710492e-05
11562.166276563987,0.00019899417252048797
11562.986753875692,0.0003528037133142582
11563.807231187398,0.00020638418928907744
11564.627708499105,7.967146308151957e-05
11565.44818581081,4.6419701151322275e-05
11566.268663122517,5.997190790446688e-05
11567.089140434224,0.000169445083001293
11567.909617745929,0.00012070816891929089
11568.730095057635,0.00013704824538002174
11569.550572369342,0.00014937572149309916
11570.371049681047,6.948339374621937e-05
11571.191526992754,4.214185173821506e-05
11572.01200430446,1.4286998314637068e-05
11572.832481616168,0.00011523357456681038
11573.652958927873,0.00025878705143541963
11574.47343623958,0.0002248140894262719
11575.293913551286,7.835954236932408e-05
11576.114390862991,8.696248227866233e-05
11576.934868174698,0.00022366321372660386
11577.755345486405,0.00025616517088992264
11578.57582279811,0.00016840694502933778
11579.396300109816,1.1243056672810039e-05
11580.216777421523,6.030281888953041e-05
11581.037254733228,0.00013849983732746755
11581.857732044935,0.00013351503455940518
11582.678209356642,0.00021301666628860673
11583.498686668347,0.00016987337559429738
11584.319163980053,0.00027997808632106706
11585.13964129176,0.0002991614068264184
11585.960118603467,0.00018392166449372808
11586.780595915172,7.84267869446351e-05
11587.601073226879,3.727847068885347e-05
11588.421550538586,9.250238977769705e-05
11589.24202785029,0.00013600443635083525
11590.062505161997,0.00020321114320914568
11590.882982473704,0.00022381891221115267
11591.703459785409,0.0001789533446222216
11592.523937097116,0.0002146327743623307
11593.344414408823,0.00021907004478579855
11594.164891720528,8.007727573712355e-05
11594.985369032234,0.00031275756278926245
11595.805846343941,0.00041407166111715745
11596.626323655648,0.0002756026127283287
11597.446800967353,0.00025162428303923174
11598.26727827906,0.00019149933705779525
11599.087755590766,6.111476765770434e-05
11599.908232902471,0.0002052478087260502
11600.728710214178,0.00024009845772190997
11601.549187525885,0.00012813453002281523
11602.36966483759,0.00014894479296640356
11603.190142149297,0.0001303929424351414
11604.010619461003,0.00020000017789818868
11604.831096772708,0.00036772930048164956
11605.651574084415,0.00022596176547427793
11606.472051396122,1.3200601784627993e-05
11607.292528707827,0.00011210875680775049
11608.113006019534,0.0002138132232947426
11608.93348333124,0.00016587715635564575
11609.753960642947,0.00010044865660630806
11610.574437954652,5.534238459187502e-05
11611.394915266359,7.593656055580708e-05
11612.215392578066,0.0002953422537071505
11613.03586988977,0.00027160890673398207
11613.856347201478,0.00015136523836063384
11614.676824513184,5.0326629023607824e-05
11615.49730182489,5.329306806497718e-05
11616.317779136596,0.00016498253923372558
11617.138256448303,6.571292918690427e-05
11617.958733760008,7.10803719118899e-05
11618.779211071715,8.518661303045877e-05
11619.599688383421,9.035014185169951e-05
11620.420165695126,0.0002414879789346584
11621.240643006833,0.0002097991989810065
11622.06112031854,0.00013318081605415328
11622.881597630247,0.00021330559780002737
11623.702074941952,0.00024747666856262155
11624.522552253658,0.0001297730908464827
11625.343029565365,9.128277818418073e-05
11626.16350687707,0.0002453494040777245
11626.983984188777,0.0003119466944481802
11627.804461500484,0.00021186631477042826
11628.624938812189,0.0002827049602033741
11629.445416123895,0.000312672465688963
11630.265893435602,0.00013971018522249444
11631.086370747307,0.00024009294118352314
11631.906848059014,0.00027063222484983063
11632.72732537072,9.602473371700663e-05
11633.547802682428,4.612047781660775e-05
11634.368279994133,1.780064575291776e-05
11635.18875730584,6.220757668320523e-05
11636.009234617546,9.920561977228205e-05
11636.829711929251,0.00014135079137150302
11637.650189240958,0.00022292085670547592
11638.470666552665,0.00013109621948097618
11639.29114386437,0.00018054111899552875
11640.111621176076,0.00013889351693989599
11640.932098487783,0.00022027109195068659
11641.752575799488,0.00016034543331181782
11642.573053111195,5.6138296593684376e-05
11643.393530422902,0.00016972457274292942
11644.214007734607,0.00022675114572818955
11645.034485046313,0.0001737922756746725
11645.85496235802,0.00011979573091611572
11646.675439669727,0.00022179217071535923
11647.495916981432,0.00029952768249288605
11648.316394293139,0.00048729732943292563
11649.136871604846,0.0005860952669271871
11649.95734891655,0.00043941234679359414
11650.777826228257,0.00020269225889960543
11651.598303539964,0.0002714622292023591
11652.418780851669,0.0004131758106897786
11653.239258163376,6.936692145033488e-05
11654.059735475083,0.0002007708317835603
11654.880212786788,0.0001963609068404312
11655.700690098494,0.00018042209423368237
11656.521167410201,0.00020276088731597963
11657.341644721906,0.00023521429273210941
11658.162122033613,0.00019949193752227557
11658.98259934532,0.00019196421540802923
11659.803076657026,0.00024510487778480524
11660.623553968731,0.00021369033135793994
11661.444031280438,8.729156613197976e-05
11662.264508592145,5.957935780547985e-05
11663.08498590385,0.00013012813151549709
11663.905463215557,0.00011992977413850339
11664.725940527263,0.00011601308510121423
11665.546417838968,0.00011132197068730109
11666.366895150675,0.00019253463599716177
11667.187372462382,0.00016013518804942946
11668.007849774087,0.00021086688008593787
11668.828327085794,0.00019466522301530342
11669.6488043975,0.0001854281544379449
11670.469281709205,0.00019975181179004794
11671.289759020912,0.00019457747360917402
11672.110236332619,3.663424727798567e-05
11672.930713644326,6.502201318268966e-05
11673.75119095603,0.00019478855418221248
11674.571668267738,0.00030162167979466535
11675.392145579444,0.00023100901689003842
11676.21262289115,9.901779051858346e-05
11677.033100202856,3.6775596945334255e-05
11677.853577514563,8.452454540680871e-05
11678.674054826268,2.5098957763959283e-05
11679.494532137975,8.714289301340296e-05
11680.315009449681,6.123282282395911e-05
11681.135486761386,8.522299058453915e-05
11681.955964073093,0.00024604802170437773
11682.7764413848,0.00017746081076297376
11683.596918696507,8.766283118938037e-05
11684.417396008212,0.00021743646793110982
11685.237873319918,7.337619634333464e-05
11686.058350631625,0.00022766906676943656
11686.87882794333,0.00026305503957928386
11687.699305255037,0.00022843614940208979
11688.519782566744,0.0001463246671606119
11689.340259878449,4.9809367438752713e-05
11690.160737190155,0.0002075499221877499
11690.981214501862,0.0002049024019475019
11691.801691813567,0.00022023165282367244
11692.622169125274,0.0002283859248948658
11693.44264643698,0.00010572240049207638
11694.263123748686,0.00010635958566226427
11695.083601060393,0.0001453542404280821
11695.9040783721,4.398859401799719e-05
11696.724555683806,0.00018157395674856325
11697.545032995511,0.00021758406752297167
11698.365510307218,0.0001490115371059295
11699.185987618925,8.391488609829023e-05
11700.00646493063,0.0001254651927236006
11700.826942242336,6.951118058914201e-05
11701.647419554043,5.050329583678552e-05
11702.467896865748,0.00010096137824106077
11703.288374177455,0.00015427816953209397
11704.108851489162,2.9546042501834823e-05
11704.929328800867,8.78392762812975e-05
11705.749806112573,0.00021889995459787229
11706.57028342428,0.00015308773103664164
11707.390760735985,0.00012000439325947167
11708.211238047692,6.621985160870314e-05
11709.031715359399,5.53811741631703e-05
11709.852192671106,0.00020731298670205965
11710.67266998281,0.0002540019602318404
11711.493147294517,0.00025888320620105944
11712.313624606224,0.00019792770141925268
11713.134101917929,9.28103773285742e-05
11713.954579229636,0.00017029206914571325
11714.775056541343,7.376826490279927e-05
11715.595533853048,6.419225058735276e-05
11716.416011164754,5.192123551217353e-06
11717.236488476461,0.0001958675277799915
11718.056965788166,0.00022644990768392768
11718.877443099873,0.00018257647195688058
11719.69792041158,3.506597033140877e-05
11720.518397723286,0.00020069217075616814
11721.338875034991,0.00010714478299139178
11722.159352346698,6.855711921413351e-05
11722.979829658405,0.00018201877903592381
11723.80030697011,0.0002234135715552086
11724.620784281817,0.00020122861237119514
11725.441261593523,0.0002122194620345847
11726.261738905228,0.00021830910947311016
11727.082216216935,0.00034169239728718107
11727.902693528642,0.0001831175434311962
11728.723170840347,7.418705229138647e-05
11729.543648152054,6.988683298160873e-05
11730.36412546376,0.00010792316820557115
11731.184602775465,3.1053306064922195e-05
11732.005080087172,0.00026012303177535396
11732.825557398879,0.00036296207493096544
11733.646034710586,0.0002087986005016003
11734.46651202229,8.263500282025153e-05
11735.286989333998,0.00021947078671965054
11736.107466645704,0.00016491580944025754
11736.92794395741,0.0001648104085598935
11737.748421269116,9.089224352478811e-05
11738.568898580823,0.0001973265304930478
11739.389375892528,0.00017867421049638457
11740.209853204235,0.00019755395979803206
11741.030330515941,0.00019592650586302822
11741.850807827646,0.0001288054393330999
11742.671285139353,0.00018067846925120452
11743.49176245106,8.199229655987121e-05
11744.312239762765,6.611571576725714e-05
11745.132717074472,2.871146698884061e-05
11745.953194386178,7.37438358354054e-05
11746.773671697885,5.267854292550555e-05
11747.59414900959,0.00011037890207966224
11748.414626321297,2.0495749307129707e-05
11749.235103633004,5.2587836760328876e-05
11750.055580944709,5.4754855991812017e-05
11750.876058256415,0.0001032795891682862
11751.696535568122,0.0001298755935358092
11752.517012879827,0.0001961896980476395
11753.337490191534,0.00018689275778943735
11754.15796750324,0.0001289814545007174
11754.978444814946,0.00016386352213763463
11755.798922126653,8.446357661440169e-05
11756.61939943836,0.0003415446534605789
11757.439876750064,0.0003406890375660474
11758.260354061771,0.0002847742962592542
11759.080831373478,0.00015766162386903265
11759.901308685185,0.00015951078494420943
11760.72178599689,0.00016908233566573507
11761.542263308596,0.00017871568452242735
11762.362740620303,0.0002423935740354761
11763.183217932008,0.00014769187946674878
11764.003695243715,4.831635363647968e-05
11764.824172555422,0.0002720018921972004
11765.644649867127,0.00030838249008863667
11766.465127178833,0.0001550944557687738
11767.28560449054,0.00017786634157994268
11768.106081802245,0.0002870073253297435
11768.926559113952,0.0003444994063975845
11769.747036425659,0.00029684626076504115
11770.567513737366,3.9254898657596865e-05
11771.38799104907,0.0002196660148821538
11772.208468360777,0.00018103135476336038
11773.028945672484,6.898477184387447e-05
11773.849422984189,0.00013194874767578557
11774.669900295896,0.0001029400820705398
11775.490377607603,0.00012075085616361862
11776.310854919308,0.00016566492025260558
11777.131332231014,0.00021181459493188143
11777.951809542721,0.0003424844759207015
11778.772286854426,0.00018874684587388303
11779.592764166133,7.141052711169421e-05
11780.41324147784,0.00022548865370258542
11781.233718789545,0.0002106174096059797
11782.054196101251,9.525037376559093e-05
11782.874673412958,5.211989120230383e-05
11783.695150724665,0.00019635519090281146
11784.51562803637,0.0001784781143674991
11785.336105348077,6.131033408262622e-05
11786.156582659783,0.00021093676985778475
11786.977059971488,0.00016477364810621217
11787.797537283195,9.530294159336333e-05
11788.618014594902,0.00015719806375328615
11789.438491906607,0.00040251777070673565
11790.258969218314,0.0003003502405203757
11791.07944653002,0.0002451149837533522
11791.899923841725,0.0002114784873724342
11792.720401153432,1.876951675167288e-05
11793.540878465139,0.00013778604022690182
11794.361355776844,0.00021003802389086537
11795.18183308855,0.00012226547071872342
11796.002310400258,0.0001276389810220239
11796.822787711964,0.00015991018714437932
11797.64326502367,0.0001668713851467883
11798.463742335376,9.728424088752322e-05
11799.284219647083,0.00015184139733058578
11800.104696958788,0.00011301557450498268
11800.925174270495,9.466539827532719e-05
11801.745651582201,0.00014322057450063806
11802.566128893906,0.0001508774492645706
11803.386606205613,0.0001481010200279467
11804.20708351732,0.00010841265531874438
11805.027560829025,0.00019555303828042573
11805.848038140732,0.00012015817439749952
11806.668515452438,0.0002356322784256428
11807.488992764145,0.00013814085892909392
11808.30947007585,0.00011804727459005998
11809.129947387557,5.310888346599668e-05
11809.950424699264,0.00021822901962233882
11810.770902010969,0.00016128272265390618
11811.591379322675,0.00011335561307465392
11812.411856634382,0.00014282193062952354
11813.232333946087,0.00019421822105427869
11814.052811257794,0.00013950791239031383
11814.8732885695,5.535939747168982e-05
11815.693765881206,2.406049803154107e-05
11816.514243192913,0.0001660275735664802
11817.33472050462,0.00016746027497207373
11818.155197816324,0.00022806720083306108
11818.975675128031,0.00024832662866711803
11819.796152439738,5.5632516213023714e-05
11820.616629751445,0.00025727011722356466
11821.43710706315,0.00022199487690468254
11822.257584374856,0.00013652948026228313
11823.078061686563,7.649084058854263e-05
11823.898538998268,8.419555065573667e-05
11824.719016309975,0.0001575107976107146
11825.539493621682,0.00010439909470557447
11826.359970933387,6.326500841913671e-05
11827.180448245093,0.00013826408934566753
11828.0009255568,0.0001934059892653823
11828.821402868505,0.00027236220035200057
11829.641880180212,0.00023988873039351922
11830.462357491919,6.585019806833207e-05
11831.282834803624,0.0001664453690079228
11832.10331211533,0.00010631245806163106
11832.923789427037,2.3066039210326655e-05
11833.744266738744,0.00014698578643980879
11834.564744050449,0.0001969308306625018
11835.385221362156,0.0002811013914505003
11836.205698673863,0.00033053007684573853
11837.026175985568,0.00020734340606921203
11837.846653297274,0.0001091670787940541
11838.667130608981,7.409560622384044e-05
11839.487607920686,8.344032406223961e-05
11840.308085232393,8.760239413183977e-05
11841.1285625441,5.948607120966703e-05
11841.949039855805,0.00010555780356942374
11842.769517167511,0.00014953341605180608
11843.589994479218,0.00023046335377494505
11844.410471790923,0.00016528367385046578
11845.23094910263,0.00024354445488943593
11846.051426414337,0.0001935150231388184
11846.871903726043,7.488799316087632e-05
11847.692381037748,8.068446973015388e-05
11848.512858349455,0.00010150251336764418
11849.333335661162,0.00010767406537754463
11850.153812972867,0.0003255920249330583
11850.974290284574,0.00030608564146202607
11851.79476759628,0.0002170234717016236
11852.615244907985,0.0001350255902102563
11853.435722219692,6.941036839490407e-05
11854.256199531399,0.000147956481249675
11855.076676843104,5.594125372237331e-05
11855.89715415481,8.810140703759145e-05
11856.717631466518,0.0001878792784432238
11857.538108778224,0.00013618888513605135
11858.35858608993,0.00015960752752629614
11859.179063401636,0.00031381244991404315
11859.999540713343,0.00029588853202392156
11860.820018025048,0.00010552807431060027
11861.640495336755,0.00010318516227590983
11862.460972648461,0.00018180325079890345
11863.281449960166,0.00018023621473604496
11864.101927271873,0.00012467753729162372
11864.92240458358,0.00020858751736077403
11865.742881895285,0.00026137837633702035
11866.563359206992,0.00018860092107357118
11867.383836518698,0.0002545436970300772
11868.204313830403,0.00022446956281855585
11869.02479114211,0.0001382273960801879
11869.845268453817,0.00016321673706711892
11870.665745765524,0.00012360384378034569
11871.486223077229,0.00034078685071700984
11872.306700388935,0.00021215332311673126
11873.127177700642,0.00015541911966365944
11873.947655012347,8.004596109936559e-05
11874.768132324054,0.0002301546513843952
11875.58860963576,0.00013549249394580166
11876.409086947466,0.00017179912466768656
11877.229564259173,0.00014958318130373673
11878.05004157088,7.934098324566515e-05
11878.870518882584,3.9372237448666674e-05
11879.690996194291,0.00014964601424792838
11880.511473505998,0.00015458211396906588
11881.331950817703,0.00012667450377841185
11882.15242812941,5.292121200664644e-05
11882.972905441116,2.1519408024865107e-05
11883.793382752823,0.00019015073470971726
11884.613860064528,0.00015848105019715806
11885.434337376235,9.357707338701576e-05
11886.254814687942,0.00022953136642189383
11887.075291999647,4.2614246989515045e-05
11887.895769311353,0.00016600572637000637
11888.71624662306,0.00017152661812011938
11889.536723934765,0.0001388214848294518
11890.357201246472,8.276495217372598e-05
11891.177678558179,8.072451443005237e-05
11891.998155869884,0.00021498385798248237
11892.81863318159,0.00026209549700948815
11893.639110493297,9.475257130292374e-05
11894.459587805002,0.00018731911832065866
11895.280065116709,0.00021881307221033083
11896.100542428416,8.777633663691406e-05
11896.921019740123,9.227745913712065e-05
11897.741497051828,0.00020000543757086196
11898.561974363534,0.00024271708890965396
11899.382451675241,0.00010860809423497471
11900.202928986946,3.3948058271184537e-05
11901.023406298653,0.0001381136469562021
11901.84388361036,0.00017438465961820446
11902.664360922065,0.00018669999367086239
11903.484838233771,0.00020848265093427777
11904.305315545478,0.00019570802969760942
11905.125792857183,0.00020461867298950416
11905.94627016889,9.210726665151309e-05
11906.766747480597,0.00014883018726118835
11907.587224792303,0.00030033263626556616
11908.407702104008,0.00017318846880305801
11909.228179415715,0.0002254077800932504
11910.048656727422,0.00012317290784472952
11910.869134039127,6.665914429551588e-05
11911.689611350834,0.0001079403724067611
11912.51008866254,0.00018945032003322057
11913.330565974245,0.00023434788992934103
11914.151043285952,8.086134301230545e-05
11914.971520597659,8.650555182721626e-05
11915.791997909364,6.474257699744911e-05
11916.61247522107,8.504006113436936e-05
11917.432952532778,0.00014450335192088076
11918.253429844483,0.00026258422217831037
11919.07390715619,0.00014777819195413476
11919.894384467896,0.00011866525643565863
11920.714861779603,0.00012842949264874181
11921.535339091308,0.00011014311561043117
11922.355816403015,0.00028135191277408163
11923.176293714721,0.0002831738222178379
11923.996771026426,2.987661526697166e-05
11924.817248338133,0.00015629931377044055
11925.63772564984,3.154371108449527e-05
11926.458202961545,0.00015213969078960645
11927.278680273252,0.00019948939489507594
11928.099157584958,9.10248563130037e-05
11928.919634896663,0.00015752089831551038
11929.74011220837,0.00030235826790845255
11930.560589520077,0.0002566619229883415
11931.381066831782,0.00014783951877043905
11932.201544143489,6.639447868219404e-05
11933.022021455195,0.00024408121388651933
11933.842498766902,6.801361470638096e-05
11934.662976078607,0.0003372673900069685
11935.483453390314,0.0002677099338695841
11936.30393070202,0.00010947159729116712
11937.124408013726,0.0001658793486500536
11937.944885325433,3.137876353751674e-05
11938.76536263714,0.00011619369271901482
11939.585839948844,7.98444304432975e-05
11940.406317260551,0.00012143077642562946
11941.226794572258,0.0001180835712452941
11942.047271883963,0.00013687227281512361
11942.86774919567,0.00027658658341142697
11943.688226507376,0.0003127732506355404
11944.508703819083,0.00010253041551781263
11945.329181130788,0.00018458296599068482
11946.149658442495,6.8376447937547e-05
11946.970135754202,3.574433980015384e-05
11947.790613065907,0.00014458589218807797
11948.611090377613,0.0001268157029709267
11949.43156768932,0.0002195068787581626
11950.252045001025,0.00034401513607032366
11951.072522312732,0.00018912676986955522
11951.892999624439,4.1991865355168536e-05
11952.713476936144,0.00011057014295609436
11953.53395424785,7.271039235861931e-05
11954.354431559557,9.415844572531599e-05
11955.174908871262,0.0002369822963384711
11955.995386182969,0.0002159045897752985
11956.815863494676,7.447976424604887e-05
11957.636340806383,0.0001668330955189006
11958.456818118088,0.00017974498606479006
11959.277295429794,0.00018631917023105923
11960.097772741501,7.212335172162883e-05
11960.918250053206,0.00028194907038535475
11961.738727364913,0.00030447658694580476
11962.55920467662,0.0002505659627618144
11963.379681988325,0.00029566412598252
11964.200159300031,0.0003287159447824486
11965.020636611738,0.00026222168761689445
11965.841113923443,0.00022851804248194888
11966.66159123515,0.00029118607262727765
11967.482068546857,0.00018141722005898868
11968.302545858562,0.0001048690800775325
11969.123023170268,9.057431889908882e-05
11969.943500481975,5.491728553057133e-05
11970.763977793682,1.534124311840726e-05
11971.584455105387,0.00016697129167102492
11972.404932417094,0.0002448250221457183
11973.2254097288,4.522749768768854e-05
11974.045887040505,0.00035630349018118056
11974.866364352212,0.00033224478733094587
11975.686841663919,0.00011584576651903232
11976.507318975624,7.62104563904551e-05
11977.32779628733,0.00013315916876444016
11978.148273599038,0.0002019878231090797
11978.968750910743,0.00015706246472343453
11979.78922822245,6.89124272366787e-05
11980.609705534156,6.305027682721478e-05
11981.430182845861,0.00012684058786826795
11982.250660157568,0.00021588988257904577
11983.071137469275,0.0003276951727835384
11983.891614780981,0.0002329543707990671
11984.712092092686,0.00025837474310736033
11985.532569404393,0.0004072575787607465
11986.3530467161,0.0003436387527647222
11987.173524027805,0.00013090475785093358
11987.994001339512,0.0001334328945634968
11988.814478651218,0.0002010159202140085
11989.634955962923,0.00011261767418646381
11990.45543327463,0.00013113438436793227
11991.275910586337,0.00019590131633895287
11992.096387898042,0.0001905652062843474
11992.916865209749,6.328327763611046e-05
11993.737342521456,0.0001412898943638788
11994.557819833162,8.666429047826156e-05
11995.378297144867,7.977304194219014e-05
11996.198774456574,0.00025376989237742634
11997.01925176828,0.00038733854147190804
11997.839729079986,0.0003183501519744697
11998.660206391693,0.0002971718802608195
11999.4806837034,0.00010731935693199348
12000.301161015104,0.0002588978562352425
12001.121638326811,0.00023631879066165505
12001.942115638518,0.00017457166852465083
12002.762592950223,0.00013400638226117347
12003.58307026193,5.3572748674172165e-05
12004.403547573636,0.00014490431046983252
12005.224024885341,0.00014905574094395703
12006.044502197048,0.00017082087750290128
12006.864979508755,0.00024155991444738389
12007.685456820462,0.0001153859577608294
12008.505934132167,0.00010903894362305568
12009.326411443873,0.00012321764919343462
12010.14688875558,0.0001954563064722772
12010.967366067285,0.0002681212921266164
12011.787843378992,0.00018131484003730566
12012.608320690699,0.00021803361691456527
12013.428798002404,7.281377457109571e-05
12014.24927531411,0.00015536698903781523
12015.069752625817,8.11929257432858e-05
12015.890229937522,0.00010739600010230803
12016.710707249229,7.933696873643776e-05
12017.531184560936,0.0001853181177699474
12018.35166187264,0.00028218967277196066
12019.172139184348,0.0002291621530046408
12019.992616496054,0.00029112516495196776
12020.813093807761,0.00025967579681214704
12021.633571119466,0.00013271139275602083
12022.454048431173,0.00019209876842405144
12023.27452574288,0.0001782966402896413
12024.095003054585,0.00012867578676533663
12024.915480366291,0.00012551390313919023
12025.735957677998,9.925359914927603e-05
12026.556434989703,0.00022049578730869163
12027.37691230141,0.00019300242058300772
12028.197389613117,8.152849223882824e-05
12029.017866924822,0.00022767243943348442
12029.838344236528,0.0001661996416520534
12030.658821548235,7.04830837292021e-05
12031.479298859942,0.00014543492049993282
12032.299776171647,0.00021790577398065697
12033.120253483354,0.00013548379769539383
12033.94073079506,0.0001669355761693296
12034.761208106765,8.962909751995399e-05
12035.581685418472,9.67908764081397e-05
12036.402162730179,9.737661433641568e-05
12037.222640041884,0.00012377300351303305
12038.04311735359,0.00028820016071087653
12038.863594665298,7.596465931624412e-05
12039.684071977003,0.0001664353128705059
12040.50454928871,0.00022159839757657644
12041.325026600416,0.00038140817193031305
12042.145503912121,0.0003915637969715746
12042.965981223828,0.00014753010428785826
12043.786458535535,7.730554042821054e-05
12044.606935847241,2.9591539406003355e-05
12045.427413158946,5.6073100284787754e-05
12046.247890470653,0.00021469002969588206
12047.06836778236,0.00013393267882088548
12047.888845094065,0.00018545059675918458
12048.709322405772,0.00019153141243475567
12049.529799717478,4.659875960012607e-05
12050.350277029183,0.00014946402299207575
12051.17075434089,0.00010790136064725727
12051.991231652597,0.00015512300146987529
12052.811708964302,0.000249187753868454
12053.632186276009,0.0002108327666663175
12054.452663587716,3.339817414880148e-05
12055.27314089942,9.138391502084477e-05
12056.093618211127,0.00012575435867119155
12056.914095522834,7.640245475984124e-05
12057.73457283454,7.269637525395626e-05
12058.555050146246,9.303768483715034e-05
12059.375527457953,0.0002714889542640029
12060.19600476966,0.0003230065034294609
12061.016482081364,0.00013164361813841605
12061.836959393071,0.00015064208608895054
12062.657436704778,0.00018297476993354753
12063.477914016483,0.00019322732903350693
12064.29839132819,0.00023969665523044248
12065.118868639896,5.0393101053453295e-05
12065.939345951601,9.91730638999879e-05
12066.759823263308,1.7757498562536852e-05
12067.580300575015,0.00019630034079762797
12068.40077788672,0.000360977373635868
12069.221255198427,0.0004096599986432663
12070.041732510133,0.00020110743006995687
12070.86220982184,0.00022707515577217386
12071.682687133545,0.000284536021468024
12072.503164445252,0.00016950908185536852
12073.323641756959,0.00014735561801702924
12074.144119068664,0.00012463664699567702
12074.96459638037,0.0002695573150772241
12075.785073692077,0.00022026708836093834
12076.605551003782,0.00025700172763786254
12077.426028315489,0.00016180680255052307
12078.246505627196,0.00022534727665982285
12079.0669829389,0.00021958808817032588
12079.887460250608,0.00019885525306304652
12080.707937562314,7.2924920956254e-05
12081.528414874021,0.00026362196860346297
12082.348892185726,4.891621894305646e-05
12083.169369497433,0.0001913085947733689
12083.98984680914,0.00016376544699339132
12084.810324120845,0.0002446042967688127
12085.630801432551,0.00021843353397524824
12086.451278744258,0.00021179259217199068
12087.271756055963,0.00012146433287107446
12088.09223336767,7.246503350745298e-05
12088.912710679377,5.96907154804478e-05
12089.733187991082,2.62140499658975e-05
12090.553665302788,0.00022966969421230364
12091.374142614495,0.0003230075582655319
12092.1946199262,0.00022998976861516074
12093.015097237907,3.274969029716327e-05
12093.835574549614,0.00025401389947943325
12094.65605186132,0.0003969133136072433
12095.476529173025,0.0004392332864575537
12096.297006484732,0.00023026911886616633
12097.117483796439,7.915785607041786e-05
12097.937961108144,0.0002447558838860777
12098.75843841985,0.0003800953170385619
12099.578915731558,0.0002843193392143716
12100.399393043263,0.00021003413128400063
12101.21987035497,0.0003161836063940399
12102.040347666676,0.00026445137153689984
12102.860824978381,9.82035303408086e-05
12103.681302290088,0.0001232500026167948
12104.501779601795,0.0003055023369728869
12105.3222569135,0.0002791683710859329
12106.142734225206,0.00019599058781182737
12106.963211536913,0.00011712972259482985
12107.78368884862,2.0232259973916345e-05
12108.604166160325,0.00016842526849096708
12109.424643472032,0.0003263941818869504
12110.245120783738,0.00023477199632850767
12111.065598095443,0.0002610699276121321
12111.88607540715,8.35339967369252e-05
12112.706552718857,0.00014484564471831882
12113.527030030562,9.899959077731993e-05
12114.347507342269,6.902821545906541e-05
12115.167984653976,0.00010720295556236827
12115.98846196568,0.00022270484859370548
12116.808939277387,0.00011221935929166259
12117.629416589094,0.00027978609541845376
12118.4498939008,0.00030394874563316704
12119.270371212506,0.00011042016409321355
12120.090848524213,0.000154504849071937
12120.91132583592,0.00017917219762932833
12121.731803147624,6.948563714934013e-05
12122.552280459331,0.00018777979050406767
12123.372757771038,0.00020589879879092537
12124.193235082743,2.920357667510052e-05
12125.01371239445,2.8869585657626285e-05
12125.834189706156,0.00011004667217936766
12126.654667017861,0.0003208846711843742
12127.475144329568,0.00025395255863501384
12128.295621641275,0.00014812754140802563
12129.11609895298,0.00018824025598138892
12129.936576264687,3.4126784670698485e-05
12130.757053576393,0.00016136208759436356
12131.5775308881,0.00015773464110569236
12132.398008199805,0.00011250538796562198
12133.218485511512,0.00022850843963840496
12134.038962823219,3.4809053588336986e-05
12134.859440134924,0.00025671910561320284
12135.67991744663,0.00011439080139592099
12136.500394758337,0.00013462067492985152
12137.320872070042,0.00021030845730781806
12138.141349381749,0.0002821688103544841
12138.961826693456,0.00021008402119325676
12139.78230400516,3.9896992378589344e-05
12140.602781316868,0.00014380502203622476
12141.423258628574,9.293094227845742e-05
12142.24373594028,0.00022580500106031965
12143.064213251986,0.00017628114421570137
12143.884690563693,0.0002988945694012591
12144.7051678754,0.00032958023052488835
12145.525645187105,0.0002744952914545209
12146.346122498811,0.0001650175016320546
12147.166599810518,6.380275992561729e-05
12147.987077122223,0.00013115269289603433
12148.80755443393,0.00015569955870262968
12149.628031745637,0.00036054965533257124
12150.448509057342,0.000340268176994286
12151.268986369048,2.263361727057842e-05
12152.089463680755,0.00022856828126791275
12152.90994099246,0.0003451678104662926
12153.730418304167,0.00022350930020598127
12154.550895615874,0.00014125788589943058
12155.371372927579,0.0001948656353472271
12156.191850239285,0.00014859993120425026
12157.012327550992,7.161982129013896e-05
12157.832804862699,8.493703697065046e-05
12158.653282174404,0.00020948189436090654
12159.47375948611,0.0002531653270088271
12160.294236797818,0.00019708722857412483
12161.114714109523,0.0001764943969516688
12161.93519142123,3.651286454523329e-05
12162.755668732936,0.0002983771050964277
12163.576146044641,0.0002712744081040916
12164.396623356348,0.00012205482929370636
12165.217100668055,0.0002396747770570444
12166.03757797976,0.00014836796032962853
12166.858055291466,0.0001265940184068911
12167.678532603173,0.00020258538096398096
12168.49900991488,0.00021382636195088972
12169.319487226585,0.00021596706056436327
12170.139964538292,0.00015504727122430997
12170.960441849998,2.1761290917390157e-05
12171.780919161703,0.0001628654031688294
12172.60139647341,0.00020284188567838671
12173.421873785117,7.992340113338855e-05
12174.242351096822,0.0001463261283364842
12175.062828408529,0.00011896091233299627
12175.883305720236,3.713033217981362e-05
12176.70378303194,6.839933907979748e-05
12177.524260343647,0.00018567101738663282
12178.344737655354,0.0003234498488597358
12179.165214967059,0.00031764319098417134
12179.985692278766,0.0003337276336812311
12180.806169590473,0.00013225631766231348
12181.62664690218,8.294726121487856e-05
12182.447124213884,0.00011599675119957319
12183.267601525591,5.153330988035823e-05
12184.088078837298,9.540949355874274e-05
12184.908556149003,8.483223226928347e-05
12185.72903346071,0.0001944397141493721
12186.549510772416,0.0002598796595746237
12187.369988084121,0.00012439553248417816
12188.190465395828,6.864003034246586e-06
12189.010942707535,0.0001341196724604814
12189.83142001924,0.0001667555295113652
12190.651897330947,4.49533375135394e-05
12191.472374642653,0.00014983119022818304
12192.292851954358,0.00028674298401835225
12193.113329266065,0.00012083163262731464
12193.933806577772,0.00024556046990377667
12194.754283889479,8.915357448513064e-05
12195.574761201184,0.00021339937714767647
12196.39523851289,0.00022533804225826406
12197.215715824597,0.00020842738449050976
12198.036193136302,0.0002297009060460067
12198.856670448009,9.255497990742869e-05
12199.677147759716,6.761429068725825e-05
12200.49762507142,0.0002431465413633912
12201.318102383128,0.00037937175855464513
12202.138579694834,0.00023029444953137797
12202.95905700654,0.00012830468806558057
12203.779534318246,8.256323033395586e-05
12204.600011629953,0.00025605614422529295
12205.42048894166,0.0001546180216089623
12206.240966253365,0.00010259803388821309
12207.061443565071,0.0002736914576731177
12207.881920876778,0.0002776172012937363
12208.702398188483,0.0003309757584726765
12209.52287550019,0.0003050678969332333
12210.343352811897,0.00021700068522600426
12211.163830123602,0.00028023974943606697
12211.984307435308,0.0002572842267007041
12212.804784747015,0.00014631822268721818
12213.62526205872,5.7187505207925285e-05
12214.445739370427,8.057075028620453e-05
12215.266216682134,0.00012606350579930849
12216.086693993839,0.00010881476814805771
12216.907171305545,8.459962595533881e-05
12217.727648617252,0.00019118736015307167
12218.548125928959,0.00019313254046376849
12219.368603240664,3.66638960240475e-05
12220.18908055237,2.844557771376319e-05
12221.009557864078,2.024106224053339e-05
12221.830035175783,4.311556794919945e-05
12222.65051248749,0.00014273856614526278
12223.470989799196,7.616360460114195e-05
12224.291467110901,0.0001332547344786538
12225.111944422608,2.370947397326602e-05
12225.932421734315,0.00014627062590033825
12226.75289904602,0.00014016965699247534
12227.573376357726,0.00018135669421964233
12228.393853669433,0.00016082084107793383
12229.214330981138,0.00011662033502583526
12230.034808292845,5.975934424107998e-05
12230.855285604552,0.0002625249195945563
12231.675762916258,0.0003499800558013202
12232.496240227963,0.00025797092664915167
12233.31671753967,0.00017187776854102563
12234.137194851377,0.00021156616480607542
12234.957672163082,0.00023607940767800105
12235.778149474789,0.0001633599059208615
12236.598626786496,6.908875477238276e-05
12237.4191040982,0.00014424843979610723
12238.239581409907,0.00019033349057708966
12239.060058721614,0.00018559158989671172
12239.880536033319,0.0001337688849930101
12240.701013345026,9.566358976192084e-05
12241.521490656733,0.00010558309875947817
12242.341967968438,7.987069641723682e-05
12243.162445280144,0.00032022317531226456
12243.982922591851,0.0002917269721346301
12244.803399903558,2.4893504892247704e-05
12245.623877215263,0.00021254257604422236
12246.44435452697,0.0002250883932678147
12247.264831838676,0.00011170852757219799
12248.085309150381,1.249165479142334e-05
12248.905786462088,8.077829394298122e-05
12249.726263773795,0.00018607479589457696
12250.5467410855,0.00027589377518421
12251.367218397207,0.0002447609103108905
12252.187695708913,0.00016327677859945128
12253.008173020618,0.0002557374568498192
12253.828650332325,0.00011547488626620932
12254.649127644032,8.009725719528832e-05
12255.469604955739,0.0001295447633309079
12256.290082267444,0.000110675916329965
12257.11055957915,0.00010193964652678377
12257.931036890857,0.0003206037302755701
12258.751514202562,0.00014227178415009267
12259.571991514269,3.52175424149121e-05
12260.392468825976,6.0748799440028955e-05
12261.21294613768,0.00012282583780220962
12262.033423449388,0.00011346406550853745
12262.853900761094,0.00021607564139395808
12263.6743780728,0.00015132587106426754
12264.494855384506,0.00025789796962168626
12265.315332696213,0.00015759480380376343
12266.135810007918,0.00020641609453045303
12266.956287319625,0.00027819264832017285
12267.776764631331,0.00010095024590204092
12268.597241943038,0.00031018728468148766
12269.417719254743,0.00036405551340683214
12270.23819656645,0.0001789846903998717
12271.058673878157,0.00015867276272308665
12271.879151189862,0.00013445622471196453
12272.699628501568,0.00019535820504797604
12273.520105813275,0.00017291896860381192
12274.34058312498,9.028193127888307e-05
12275.161060436687,3.763441999255122e-05
12275.981537748394,0.0001095151711462733
12276.802015060099,0.0001314075254950481
12277.622492371805,0.00015171628543415373
12278.442969683512,0.00016688243639047018
12279.263446995217,0.00013498581130274976
12280.083924306924,3.339667385471513e-05
12280.90440161863,0.0002292226630826408
12281.724878930338,0.000237890585956548
12282.545356242043,6.179890069257335e-05
12283.36583355375,0.00013834867823557837
12284.186310865456,0.00015873434026067028
12285.006788177161,0.000261031651224907
12285.827265488868,0.00019659718943097456
12286.647742800575,0.00016367683401272208
12287.46822011228,6.0071833176532644e-05
12288.288697423986,6.488300138054388e-05
12289.109174735693,5.0447806541357206e-05
12289.929652047398,0.0001513261254212883
12290.750129359105,2.5222314467402395e-05
12291.570606670812,0.00012577274322859695
12292.391083982517,3.1445483875565356e-05
12293.211561294223,0.00016754247040248478
12294.03203860593,0.0001932587292499355
12294.852515917637,0.00018834707172113132
12295.672993229342,5.016154994641788e-05
12296.493470541049,6.523351819055006e-05
12297.313947852756,7.85887014515055e-05
12298.13442516446,0.00019216826825523464
12298.954902476167,0.00029719879065260565
12299.775379787874,0.0001272831974537661
12300.595857099579,2.7674833592340452e-05
12301.416334411286,3.440545946899037e-05
12302.236811722993,7.914295002307485e-05
12303.057289034698,4.0162604033950895e-05
12303.877766346404,5.514007023626937e-05
12304.698243658111,9.503658244406064e-05
12305.518720969818,0.00019753525870902885
12306.339198281523,0.0003099517849968056
12307.15967559323,0.00028247352560726555
12307.980152904936,0.00028786585567011516
12308.800630216641,0.00023254017639767004
12309.621107528348,0.00017837312981524656
12310.441584840055,3.657784969135247e-05
12311.26206215176,0.00012972093059736926
12312.082539463467,0.00023491020814142064
12312.903016775173,7.596958214429039e-05
12313.723494086878,0.00015699581639548471
12314.543971398585,0.00014083137071005898
12315.364448710292,0.00018222867075442235
12316.184926021997,0.0001935303409167864
12317.005403333704,3.856997571785649e-05
12317.82588064541,6.476536993749514e-05
12318.646357957117,0.00017340351721658115
12319.466835268822,8.816990896546566e-05
12320.287312580529,4.9599186163587235e-05
12321.107789892236,0.00011995617429847791
12321.92826720394,6.762259355583318e-05
12322.748744515648,5.512202950156345e-05
12323.569221827354,0.00022875992393647318
12324.38969913906,0.0002735924628525874
12325.210176450766,5.112425829796394e-05
12326.030653762473,0.0002789622041980549
12326.851131074178,0.00041785615410733576
12327.671608385885,0.00020973446463087915
12328.492085697591,0.0003023639424072468
12329.312563009296,0.00028680736433837103
12330.133040321003,0.00012187820141297418
12330.95351763271,0.0001564135872508584
12331.773994944417,0.00018337264367567258
12332.594472256122,0.00017987396613457744
12333.414949567828,0.0002289115361133678
12334.235426879535,0.00020144036996051393
12335.05590419124,6.775661358094928e-05
12335.876381502947,0.0001059566844233067
12336.696858814654,0.00016604568206445404
12337.517336126359,6.670994256264607e-05
12338.337813438065,0.00023397645887312878
12339.158290749772,0.0001279642769900445
12339.978768061477,4.7220351233526345e-05
12340.799245373184,0.0002127788366829509
12341.61972268489,1.5303920626322706e-05
12342.440199996598,0.00022286202739151874
12343.260677308303,0.00017816037217308135
12344.08115462001,0.00022166389171949174
12344.901631931716,0.00019563842329742295
12345.722109243421,0.00023075453478934408
12346.542586555128,0.0002092610168489364
12347.363063866835,0.0002347765665177937
12348.18354117854,0.00019441968752141744
12349.004018490246,0.00021459653187171456
12349.824495801953,0.00023635214760738465
12350.644973113658,9.428006692201054e-06
12351.465450425365,0.00035380480220111894
12352.285927737072,0.0003132258502550326
12353.106405048777,2.0418588112814623e-05
12353.926882360483,0.00011644308931468847
12354.74735967219,9.168705638344329e-05
12355.567836983897,0.00022660045073156856
12356.388314295602,0.0002567739117593803
12357.208791607309,0.0002846360939526878
12358.029268919016,0.0002507090821792781
12358.84974623072,0.00017178716397223118
12359.670223542427,0.00021079344029653366
12360.490700854134,0.00022194737183674196
12361.311178165839,0.00013315055073888856
12362.131655477546,8.853910301789646e-05
12362.952132789253,0.00020238368656911104
12363.772610100958,0.0004217361935208823
12364.593087412664,0.00029529205278994283
12365.413564724371,0.00010112899790664822
12366.234042036076,7.970038537529942e-05
12367.054519347783,0.0002490169715972382
12367.87499665949,6.206638619721924e-05
12368.695473971196,0.0003257142586611267
12369.515951282901,0.0001976727497172906
12370.336428594608,8.411542139784323e-05
12371.156905906315,0.00011541191072163024
12371.97738321802,0.00025529810302074904
12372.797860529727,3.363633890693736e-05
12373.618337841433,0.00030775484433045785
12374.438815153138,0.0004397772429362163
12375.259292464845,0.0002526515758753882
12376.079769776552,6.57088809296241e-05
12376.900247088257,4.863179539488532e-05
12377.720724399964,0.000311683706127522
12378.54120171167,0.00031694739496398967
12379.361679023375,0.00033483575480827785
12380.182156335082,0.0003988551035205497
12381.002633646789,0.00020821707121872977
12381.823110958496,0.00012785387230326972
12382.6435882702,9.798814216283546e-05
12383.464065581908,4.701926038081977e-05
12384.284542893614,2.7330119786346733e-05
12385.10502020532,5.791630181407085e-05
12385.925497517026,0.00020688533032418445
12386.745974828733,0.00025194122038354837
12387.566452140438,0.0001326378876733255
12388.386929452145,0.0001369708114673877
12389.207406763851,0.0001563892944786474
12390.027884075556,0.00011962018630579129
12390.848361387263,5.567959243973283e-05
12391.66883869897,0.00016636127309512615
12392.489316010677,0.0002410449751980717
12393.309793322382,0.00022991037997467195
12394.130270634088,8.094592097756817e-05
12394.950747945795,0.00010304388329841143
12395.7712252575,0.00016407881374404533
12396.591702569207,0.00021796773033081488
12397.412179880914,0.00019430440295086927
12398.232657192619,0.00015593178772520385
12399.053134504325,0.00017935784985015094
12399.873611816032,0.00021759001553193374
12400.694089127737,0.00011319640452927449
12401.514566439444,0.00010872452448774232
12402.33504375115,0.00013406850686972067
12403.155521062856,0.00012470652747409466
12403.975998374563,0.0002545697286640808
12404.79647568627,0.00014848359814310238
12405.616952997976,0.00013706025990349024
12406.437430309681,0.00029922139237156093
12407.257907621388,0.00018052298595162673
12408.078384933095,2.9671593001542443e-05
12408.8988622448,6.365751987793411e-05
12409.719339556506,0.00010011930665906275
12410.539816868213,0.00011662696152848856
12411.360294179918,0.00011266055426008892
12412.180771491625,0.00010964231214678527
12413.001248803332,0.0002957540415061986
12413.821726115037,0.0003707335341531101
12414.642203426743,0.00020535219747743272
12415.46268073845,8.135341764219991e-05
12416.283158050155,0.00017782262358438859
12417.103635361862,0.00023737215111708514
12417.924112673569,0.00024009918626267493
12418.744589985276,0.00010112532120201424
12419.56506729698,0.00013822657204623577
12420.385544608687,6.622240907586821e-05
12421.206021920394,5.5727412893586736e-05
12422.026499232099,5.8373232734722124e-05
12422.846976543806,2.425639688213744e-05
12423.667453855513,0.00012066682072129109
12424.487931167218,0.00015391899797964566
12425.308408478924,0.00016447704371585315
12426.128885790631,0.00015608358636438625
12426.949363102336,0.00014599500245392308
12427.769840414043,0.00014172514367373414
12428.59031772575,0.00036364258754600253
12429.410795037456,0.0004664531289959734
12430.231272349161,0.00037643858826317026
12431.051749660868,0.00018521478778908343
12431.872226972575,0.00014296251677332466
12432.69270428428,0.00024977476466144015
12433.513181595987,0.00010001726361138595
12434.333658907693,0.00019199282484345473
12435.154136219398,0.00019239321370489028
12435.974613531105,0.0002630570177948373
12436.795090842812,9.965389475978519e-05
12437.615568154517,6.936932261614276e-05
12438.436045466224,3.135863105059371e-05
12439.25652277793,3.26551478271715e-05
12440.077000089635,4.315780725481931e-05
12440.897477401342,5.911824608381657e-05
12441.717954713049,0.00016967334502969697
12442.538432024756,0.00019197456438739755
12443.35890933646,5.02832771322409e-05
12444.179386648168,1.490591293724543e-05
12444.999863959874,0.00011473046729032274
12445.82034127158,4.2523286463364144e-05
12446.640818583286,8.93045206924597e-05
12447.461295894993,0.00016848419267325443
12448.281773206698,0.0001692678838371153
12449.102250518405,0.00017085089078874437
12449.922727830111,0.00011288078580858742
12450.743205141816,2.4264263059219498e-05
12451.563682453523,5.607375424371529e-05
12452.38415976523,0.00016752471187468792
12453.204637076935,0.00023600908551763935
12454.025114388642,0.0003027156930821824
12454.845591700348,0.00040877218848551377
12455.666069012055,0.00016106151977701385
12456.48654632376,0.000263402357078697
12457.307023635467,0.0001951469760751279
12458.127500947174,8.409551560221828e-05
12458.947978258879,8.561058255560482e-05
12459.768455570586,0.00016087019786615602
12460.588932882292,0.00015120726403307298
12461.409410193997,0.00011754537638554552
12462.229887505704,0.00017715686511782306
12463.05036481741,0.00010244112828471115
12463.870842129116,7.452391159759391e-05
12464.691319440823,3.91950129247208e-05
12465.51179675253,6.900173484699142e-05
12466.332274064234,0.00013904743192792078
12467.152751375941,0.00010539185844375423
12467.973228687648,5.450630706583105e-05
12468.793705999355,4.2804609063819445e-05
12469.61418331106,0.00010422826096595595
12470.434660622766,3.8928582974232653e-05
12471.255137934473,0.00016799726738825902
12472.075615246178,0.00020150587811628603
12472.896092557885,0.00017817504832421535
12473.716569869592,0.0001055005209803973
12474.537047181297,0.00018630067496072097
12475.357524493003,0.00018167690055262637
12476.17800180471,4.360860489939714e-05
12476.998479116415,0.00010823320362196315
12477.818956428122,0.00014715611518997636
12478.639433739829,0.0003516549792778543
12479.459911051536,0.0003717800446923558
12480.28038836324,8.157776520475924e-05
12481.100865674947,0.0003373031266728639
12481.921342986654,0.00017868430979641953
12482.741820298359,0.0001745285117761355
12483.562297610066,0.0003110709408805551
12484.382774921773,0.00030051485662914104
12485.203252233478,0.00025837915689661255
12486.023729545184,0.00021108222732793658
12486.844206856891,3.560567128691862e-05
12487.664684168596,0.0001858381474919629
12488.485161480303,0.00010071051695034348
12489.30563879201,0.00013724300802344196
12490.126116103715,0.0002446775913639419
12490.946593415421,0.0003532289468682302
12491.767070727128,0.0002099360403501013
12492.587548038835,0.00013151903487350382
12493.40802535054,0.00011470525847256287
12494.228502662247,0.0001402284865826577
12495.048979973953,0.00021081480003398834
12495.869457285658,0.0002629733952576128
12496.689934597365,6.746718070165046e-05
12497.510411909072,0.00023308666942221178
12498.330889220777,0.00014388929345005716
12499.151366532484,0.00024877059562158145
12499.97184384419,0.00030713745590068013
12500.792321155895,0.00010943263703956627
12501.612798467602,0.0001191457683759221
12502.433275779309,0.00017598975387367563
12503.253753091014,0.00018239702818734097
12504.07423040272,1.6091644363959734e-05
12504.894707714428,0.0001630708507529753
12505.715185026134,0.00012745207019315198
12506.53566233784,0.00014657372450993736
12507.356139649546,0.00014906374081296648
12508.176616961253,0.0001794418337512013
12508.997094272958,0.00016907827224953883
12509.817571584665,6.843075760300928e-05
12510.638048896371,0.00025057227528517395
12511.458526208076,0.00020273792022735282
12512.279003519783,0.00015640881935109953
12513.09948083149,0.0003843081847489842
12513.919958143195,0.0001760348474840359
12514.740435454902,0.00013346250811843436
12515.560912766608,8.794634411964275e-05
12516.381390078315,0.00022177423999069246
12517.20186739002,8.433930176265288e-05
12518.022344701727,0.0002135327505566863
12518.842822013434,0.00020719757214551524
12519.663299325139,0.00015114762708153893
12520.483776636846,0.00015335226306389084
12521.304253948552,0.00011053592976900094
12522.124731260257,0.0002218601452259263
12522.945208571964,0.00024234554018289636
12523.76568588367,0.0001837699119735818
12524.586163195376,0.000160119652352376
12525.406640507083,0.00012497378696201
12526.22711781879,0.00020112587054653319
12527.047595130494,0.00017925467128010055
12527.868072442201,0.0001549131180403587
12528.688549753908,5.215472113741765e-05
12529.509027065615,0.00010746673483219869
12530.32950437732,0.00031847865367862156
12531.149981689026,0.00040284756376253607
12531.970459000733,0.00025142233839747644
12532.790936312438,0.00020814391214051285
12533.611413624145,0.00016629941796901299
12534.431890935852,0.000332929699995902
12535.252368247557,0.00023144466223035262
12536.072845559263,0.0001293665164309353
12536.89332287097,0.00018467060157106188
12537.713800182675,0.00012680742014820902
12538.534277494382,0.00013129667329153606
12539.354754806089,0.0003337184733501361
12540.175232117794,0.0001474297720627973
12540.9957094295,0.00013594627919489302
12541.816186741207,0.00012441915332132413
12542.636664052914,0.00014138167214551602
12543.457141364619,0.00013817744553060583
12544.277618676326,0.00015315379093725645
12545.098095988033,0.00011349646454133633
12545.918573299738,3.9631893664445356e-05
12546.739050611444,5.851140723121412e-05
12547.559527923151,0.00016130029881139378
12548.380005234856,0.0001620857837912292
12549.200482546563,0.0003601219459097052
12550.02095985827,0.00045735287517863866
12550.841437169975,0.0001460587484821226
12551.661914481681,0.00013352318068012467
12552.482391793388,7.754137065203545e-05
12553.302869105093,0.00025788415690318706
12554.1233464168,0.00011482295117605341
12554.943823728507,0.00010118815059751958
12555.764301040213,6.971830544562906e-05
12556.584778351918,0.00026764344060994043
12557.405255663625,0.00025231609565676234
12558.225732975332,0.00011068092131429603
12559.046210287037,0.00018337681583259578
12559.866687598744,0.0003065361698884393
12560.68716491045,0.00019609430699030333
12561.507642222155,0.0003590327828191244
12562.328119533862,0.0003422401859174396
12563.148596845569,0.00022538536841016607
12563.969074157274,0.00010675660063447412
12564.78955146898,9.060180195157876e-05
12565.610028780688,0.00014000843575943456
12566.430506092394,0.0001499561894034872
12567.2509834041,9.759447324543693e-05
12568.071460715806,0.00012708596453492186
12568.891938027513,0.00011545917921628894
12569.712415339218,0.00020325121050942982
12570.532892650925,0.00029493364293045057
12571.353369962631,0.0002545131401632325
12572.173847274336,0.00010250010295788617
12572.994324586043,0.0003955539077960273
12573.81480189775,0.0004996166945330047
12574.635279209455,0.00028082998018441965
12575.455756521162,0.00023368834919264603
12576.276233832868,0.00021971175528697257
12577.096711144573,7.933595103519681e-05
12577.91718845628,0.0002381407361995657
12578.737665767987,0.00015143235192867032
12579.558143079694,0.0002615009816651232
12580.378620391399,0.00030343472004807753
12581.199097703106,0.00012660271139153294
12582.019575014812,9.653917349854332e-05
12582.840052326517,0.00020220043400455146
12583.660529638224,0.00013327549118932126
12584.48100694993,1.334264822603387e-05
12585.301484261636,0.00017010656655675081
12586.121961573343,0.0002822340887780927
12586.94243888505,0.00011344256705725024
12587.762916196754,0.00020303896475570745
12588.583393508461,0.00018843526900464956
12589.403870820168,0.0002945937545022001
12590.224348131873,0.000345552121359231
12591.04482544358,0.00021881074045165062
12591.865302755286,0.00020783770028063987
12592.685780066993,5.3105017527052665e-05
12593.506257378698,0.00025877459095753456
12594.326734690405,0.00036378129815489675
12595.147212002112,0.00019513841016546184
12595.967689313817,1.7236465430945296e-05
12596.788166625523,0.0001386938293353408
12597.60864393723,0.00024994030891952666
12598.429121248935,0.00017772051081699092
12599.249598560642,0.0001248797753163309
12600.070075872349,0.000287180841655836
12600.890553184054,0.0002327367626169136
12601.71103049576,0.00013449148840570353
12602.531507807467,0.0002775250981232773
12603.351985119174,0.0002977111404519778
12604.172462430879,0.0001259722532853357
12604.992939742586,0.00012097255718612326
12605.813417054293,0.00013754393219150783
12606.633894365998,0.00013949035309715035
12607.454371677704,0.00019052069023825066
12608.274848989411,0.00019250569294365557
12609.095326301116,0.0001542889182188996
12609.915803612823,6.754596998466268e-05
12610.73628092453,8.44859422806997e-05
12611.556758236235,0.00013739803809981595
12612.377235547941,0.00022332588849506937
12613.197712859648,0.00013253334036880616
12614.018190171353,0.00017424966078791727
12614.83866748306,0.00021763985548741826
12615.659144794767,0.0001802661267220227
12616.479622106473,0.00019184362803247132
12617.300099418178,8.975103050666138e-05
12618.120576729885,4.197198331435212e-05
12618.941054041592,0.00017896073056741235
12619.761531353297,0.00013332854086155196
12620.582008665004,0.0001676053632404932
12621.40248597671,0.00012605652588554663
12622.222963288415,6.218657971610038e-05
12623.043440600122,0.00021731414405477478
12623.863917911829,0.0002695103126136463
12624.684395223534,0.00042116630743886484
12625.50487253524,0.00033029698246834685
12626.325349846948,0.00019014916452525092
12627.145827158653,0.00016981896471078288
12627.96630447036,0.0001675894830511244
12628.786781782066,0.00025723475937121414
12629.607259093773,0.0002172336213701587
12630.427736405478,7.86129748252933e-05
12631.248213717185,0.00016472318977935093
12632.068691028891,0.00010624569056781094
12632.889168340596,0.000206991874653764
12633.709645652303,0.0002919505504760352
12634.53012296401,0.0003776315475329614
12635.350600275715,0.0005858693880002001
12636.171077587422,0.00046132181352899867
12636.991554899128,0.0001806884436771097
12637.812032210833,0.0004353009858894432
12638.63250952254,0.0003187726360478226
12639.452986834247,0.0002564992106039293
12640.273464145952,0.00010248189867960649
12641.093941457659,3.502380092416711e-05
12641.914418769366,0.00011886248116551946
12642.734896081072,8.46186267822511e-05
12643.555373392777,8.949499896192161e-05
12644.375850704484,0.00012571307496855877
12645.19632801619,0.00015525478532598422
12646.016805327896,1.6802115892043686e-05
12646.837282639603,9.223694428816302e-05
12647.65775995131,0.00020707127974885464
12648.478237263014,8.012090870403934e-05
12649.298714574721,0.00017944428721498138
12650.119191886428,0.00021719138659940455
12650.939669198133,0.00034220391396912517
12651.76014650984,0.0002493536459559338
12652.580623821546,2.640524539787623e-05
12653.401101133253,5.207389406273869e-05
12654.221578444958,0.00014532810347058308
12655.042055756665,1.8355700085973032e-05
12655.862533068372,0.0001014342655210231
12656.683010380077,7.087401988240067e-05
12657.503487691783,3.53883877584312e-05
12658.32396500349,0.0001467398963886215
12659.144442315195,0.00013739605728721495
12659.964919626902,7.325170157702539e-05
12660.785396938609,0.00023952704180679163
12661.605874250314,0.00012090029523195276
12662.42635156202,0.00019076172658085019
12663.246828873727,0.00019698205350248145
12664.067306185432,3.119987198351148e-05
12664.887783497139,0.00014112785674901687
12665.708260808846,8.532980547746157e-05
12666.528738120553,0.00014727221528097403
12667.349215432258,0.00016136623184112055
12668.169692743964,0.0001642184228606475
12668.990170055671,0.00027986316170928413
12669.810647367376,0.00011863146006195561
12670.631124679083,9.378268904306908e-05
12671.45160199079,5.835308411071383e-05
12672.272079302495,5.079709198377911e-05
12673.092556614201,0.00011499449397398576
12673.913033925908,8.255816726882588e-05
12674.733511237613,0.00020070010055263604
12675.55398854932,0.00022204471434225992
12676.374465861027,0.00014060007020558232
12677.194943172732,0.00018951247581362016
12678.015420484438,0.00029874907324848086
12678.835897796145,0.0003649411249587182
12679.656375107852,0.00028959373416118713
12680.476852419557,0.00014962917394849165
12681.297329731264,0.00021301252172583026
12682.11780704297,0.0003263990091289678
12682.938284354675,0.0002976321826040792
12683.758761666382,0.00013072051174600928
12684.579238978089,0.00013471848240558724
12685.399716289794,0.00033838788771802284
12686.2201936015,0.00026027166021272457
12687.040670913208,2.7284515040954443e-05
12687.861148224913,0.00011905321963383845
12688.68162553662,0.00012168891937031739
12689.502102848326,8.69121228205175e-05
12690.322580160031,0.00014841738525836815
12691.143057471738,0.0002639896949190483
12691.963534783445,0.0002237258192952341
12692.784012095151,4.336932292961114e-05
12693.604489406856,8.518232361057756e-05
12694.424966718563,6.237380279577481e-05
12695.24544403027,9.752115296638072e-06
12696.065921341975,0.00012103448963414567
12696.886398653682,0.0001974202535281949
12697.706875965388,0.00019375390192490993
12698.527353277093,0.00016285350593483967
12699.3478305888,0.0001151272433564487
12700.168307900507,0.00037838952107813114
12700.988785212212,0.0003035295089980657
12701.809262523919,0.0001527777741390286
12702.629739835626,7.158797113240155e-05
12703.450217147332,0.0001308201003477317
12704.270694459037,0.00021295258922903652
12705.091171770744,6.518246883301195e-05
12705.91164908245,8.48223322926792e-05
12706.732126394156,4.507533743730296e-05
12707.552603705863,0.00011818625419080726
12708.37308101757,9.614566025809758e-05
12709.193558329274,0.00027674880413290355
12710.014035640981,0.0002726806361394326
12710.834512952688,0.00022603875178276115
12711.654990264393,0.0002630509129016725
12712.4754675761,0.0002455139842319844
12713.295944887806,7.501103446770663e-05
12714.116422199511,0.0001471958409690264
12714.936899511218,9.208031288042464e-05
12715.757376822925,0.00018717143031467254
12716.577854134632,0.0003468519741708864
12717.398331446337,0.0002929936372367029
12718.218808758043,0.0002484458285749433
12719.03928606975,0.00023293242090577428
12719.859763381455,9.144478527253606e-05
12720.680240693162,0.00023641966859690373
12721.500718004869,0.00014951015068081756
12722.321195316574,0.00010132143958891385
12723.14167262828,0.00016066136889003184
12723.962149939987,0.00018438230498965376
12724.782627251692,0.00023581063552966913
12725.603104563399,0.0002250341083844353
12726.423581875106,0.00021310697643083003
12727.24405918681,0.00014169009578903738
12728.064536498518,0.00013983400205441887
12728.885013810224,0.0001762916832880939
12729.705491121931,9.074999479029878e-05
12730.525968433636,0.00018670500999546673
12731.346445745343,0.0002340587961062025
12732.16692305705,0.00036156766839195125
12732.987400368755,0.00034549443769742107
12733.807877680461,0.0001911962318585019
12734.628354992168,0.0001553278843472369
12735.448832303873,0.0003154806479768136
12736.26930961558,0.0003044854233821942
12737.089786927287,0.00023468228534744245
12737.910264238992,0.00024007677713401833
12738.730741550698,0.00019210606619353264
12739.551218862405,8.538424951583187e-05
12740.371696174112,7.533574344466875e-05
12741.192173485817,0.00022175659596343462
12742.012650797524,0.00018803269830388995
12742.83312810923,8.286979263929577e-05
12743.653605420935,0.00031683447691694365
12744.474082732642,0.00016372880902486522
12745.294560044349,0.00020115573544280437
12746.115037356054,0.000255295283031849
12746.93551466776,0.0001653428341072234
12747.755991979468,0.0001889226832905619
12748.576469291173,0.0002180821321263076
12749.39694660288,0.0002019208750003376
12750.217423914586,5.832733757301349e-05
12751.037901226291,0.00011772803368501834
12751.858378537998,9.359443909739837e-05
12752.678855849705,0.00014599819454479964
12753.499333161411,0.00034340525003306974
12754.319810473116,0.0003711049289932876
12755.140287784823,0.0001929307399215053
12755.96076509653,0.00021450167465962217
12756.781242408235,0.00025322980960894905
12757.601719719942,0.0001676380197946655
12758.422197031648,0.0001725695725075744
12759.242674343353,9.935711072888741e-05
12760.06315165506,0.00021559752214588134
12760.883628966767,0.00017290000619363718
12761.704106278472,0.00021583233418220416
12762.524583590179,0.00024361454890678864
12763.345060901886,0.00026343086975164987
12764.16553821359,5.017682692656312e-05
12764.986015525297,0.00017173136151579874
12765.806492837004,0.00026181246823371487
12766.62697014871,0.00022721323624774238
12767.447447460416,0.00017524691091926766
12768.267924772123,0.0003202402215764302
12769.08840208383,0.00024140550832944026
12769.908879395534,0.00013067080373343744
12770.729356707241,0.00011359172228940605
12771.549834018948,0.00010504889614982942
12772.370311330653,8.245767404046509e-05
12773.19078864236,8.155532598171715e-05
12774.011265954066,7.515222409526048e-05
12774.831743265771,0.00020294535032936415
12775.652220577478,0.00024263575896666024
12776.472697889185,5.540225412222096e-05
12777.29317520089,0.0001449725502291126
12778.113652512597,0.00019177568635912162
12778.934129824303,0.00011557058849870764
12779.75460713601,3.4829373120829665e-05
12780.575084447715,8.706720523938007e-05
12781.395561759422,0.00018136092352036436
12782.216039071129,0.0001479584740843858
12783.036516382834,0.0001310577042370525
12783.85699369454,4.526399684908989e-05
12784.677471006247,0.00014472744510687005
12785.497948317952,2.2844139038184188e-05
12786.318425629659,0.00014996139620176112
12787.138902941366,0.00017933169074013717
12787.95938025307,0.0003731703463657315
12788.779857564778,0.0003742053192361578
12789.600334876484,0.00021104177375356738
12790.420812188191,0.0001738106844769274
12791.241289499896,0.00023086766636162058
12792.061766811603,0.0002596548160020036
12792.88224412331,0.00020435314716065012
12793.702721435015,0.000173924733835161
12794.523198746721,0.00013472824229500296
12795.343676058428,8.447742065206953e-05
12796.164153370133,7.691110996443435e-05
12796.98463068184,0.00023890550770408968
12797.805107993547,0.00022768511323482198
12798.625585305252,0.00022507060095516927
12799.446062616958,0.00024250426449268385
12800.266539928665,0.0001277561956086814
12801.08701724037,0.00033887174386232365
12801.907494552077,0.0003147492399506055
12802.727971863784,0.0002834849327831845
12803.54844917549,0.00013080500919124228
12804.368926487195,5.1483178904860715e-05
12805.189403798902,6.448386603010082e-05
12806.009881110609,7.722612993082033e-05
12806.830358422314,0.00020425743722672743
12807.65083573402,0.00010649867519228363
12808.471313045728,0.0002989637676198932
12809.291790357433,0.00025867614375521373
12810.11226766914,0.00014876521613872527
12810.932744980846,0.00017900725630503374
12811.753222292551,0.0003804580202389008
12812.573699604258,0.0002732545913659491
12813.394176915965,0.00014826661502827663
12814.21465422767,0.00014649947060572528
12815.035131539376,0.00012320653619650264
12815.855608851083,8.91154421954494e-05
12816.67608616279,0.0001348336511217576
12817.496563474495,0.00015573774556793384
12818.317040786202,0.0001720000516720023
12819.137518097908,5.728968548234715e-05
12819.957995409613,0.0002851023045187392
12820.77847272132,0.00030889543146469286
12821.598950033027,0.0001415076193991112
12822.419427344732,0.00024319430740367369
12823.239904656439,0.0002690856251066925
12824.060381968146,7.939798739547704e-05
12824.88085927985,5.817029262728983e-05
12825.701336591557,0.00021251785450081956
12826.521813903264,0.00015551518402713162
12827.34229121497,0.00010784194209009536
12828.162768526676,0.00012052770078467334
12828.983245838383,0.00010901526013692646
12829.80372315009,4.5898664532452896e-05
12830.624200461794,0.0001619002508876794
12831.444677773501,0.0002977418440829406
12832.265155085208,0.00018923607195483913
12833.085632396913,8.029693624964655e-05
12833.90610970862,8.891317197063453e-05
12834.726587020326,0.00024897249716387265
12835.547064332031,0.00018971357500725835
12836.367541643738,0.00021071299594017711
12837.188018955445,0.00014180117572592821
12838.00849626715,4.7023986246162314e-05
12838.828973578857,1.0924892763674859e-05
12839.649450890563,0.00010730226443489016
12840.46992820227,0.00016842199020600652
12841.290405513975,0.00027329819393492953
12842.110882825682,0.00023286656984349894
12842.931360137389,0.000192922250371259
12843.751837449094,0.00025024384252656553
12844.5723147608,0.00029015506576095983
12845.392792072507,9.10870481443126e-05
12846.213269384212,8.499666884275373e-05
12847.033746695919,1.3697611531570665e-05
12847.854224007626,3.270795413898618e-05
12848.67470131933,5.6932067319557734e-05
12849.495178631038,8.479319766748942e-06
12850.315655942744,0.0001737538567656765
12851.13613325445,8.669242817227655e-05
12851.956610566156,0.0002483810881672334
12852.777087877863,0.00023027089635721976
12853.59756518957,0.00021228162816994825
12854.418042501275,0.0003107518475455236
12855.238519812981,0.00033352153296010637
12856.058997124688,0.00016097625117876668
12856.879474436393,0.00019777672486633662
12857.6999517481,0.0002125677521526439
12858.520429059807,0.0003174235401553821
12859.340906371512,0.00036392416071075076
12860.161383683218,0.0002724216181860795
12860.981860994925,0.00016374711954896941
12861.80233830663,9.890095668626225e-05
12862.622815618337,5.136282603319104e-05
12863.443292930044,8.349747895761417e-05
12864.263770241749,0.00014583808213562788
12865.084247553455,0.0003339482394290016
12865.904724865162,0.0002520261430718152
12866.725202176869,9.818109029859342e-05
12867.545679488574,0.0002114099245690244
12868.36615680028,0.00031728801701111695
12869.186634111988,0.00032289417250732185
12870.007111423693,0.00029023749346334174
12870.8275887354,0.00012066846090326156
12871.648066047106,0.0001507232650434668
12872.468543358811,0.00025308618020624144
12873.289020670518,0.0002923027235772662
12874.109497982225,0.00028577941339829525
12874.92997529393,0.00033563577390169716
12875.750452605636,0.00032981549000427876
12876.570929917343,0.00018706730757701173
12877.39140722905,0.00017906085225716608
12878.211884540755,0.00013461274592924883
12879.032361852462,0.00010891370035931463
12879.852839164168,0.00016540832738917924
12880.673316475873,0.0003293044047565211
12881.49379378758,0.0004339783286608036
12882.314271099287,0.00023108838844618766
12883.134748410992,7.959938818668142e-05
12883.955225722699,0.00018335665557785418
12884.775703034406,0.0001974752785571589
12885.59618034611,0.00012927220600286954
12886.416657657817,8.35518936094708e-05
12887.237134969524,0.00022370663568342195
12888.057612281229,0.0002004617612487256
12888.878089592936,1.0586838869974693e-05
12889.698566904643,0.00010378284048610452
12890.51904421635,0.00020447957822542105
12891.339521528054,0.0003087287551165533
12892.159998839761,0.00020424122048291602
12892.980476151468,4.847181472772681e-05
12893.800953463173,6.852871213662072e-05
12894.62143077488,1.9951768626375013e-05
12895.441908086586,0.00031010326379388837
12896.262385398291,0.00023441393071138924
12897.082862709998,0.0002129677507816089
12897.903340021705,0.0002889820284134318
12898.72381733341,0.0004062714321317767
12899.544294645117,0.000546018484177927
12900.364771956823,0.00029708443310313466
12901.185249268528,8.624038631930844e-05
12902.005726580235,0.0001080649212405515
12902.826203891942,8.292368392987517e-06
12903.646681203649,8.86680630496895e-05
12904.467158515354,0.00027951727049294723
12905.28763582706,0.00021728651558071126
12906.108113138767,0.00014730758600686744
12906.928590450472,0.00018696396773417657
12907.749067762179,0.00013226347588387154
12908.569545073886,0.00033745937672325504
12909.39002238559,0.0003198615274761024
12910.210499697298,0.00026349160858368917
12911.030977009004,8.173706815648529e-05
12911.85145432071,0.00017390961035230397
12912.671931632416,0.00026228081416940853
12913.492408944123,0.0001911206797527669
12914.31288625583,0.0001619093840193158
12915.133363567535,0.00011133756112307923
12915.953840879241,0.00018501428072293413
12916.774318190948,0.00026110067438745344
12917.594795502653,0.00015797384979148084
12918.41527281436,0.0001079203957929545
12919.235750126067,3.559428755232014e-05
12920.056227437772,8.482412000813486e-05
12920.876704749478,0.00012950277189276345
12921.697182061185,6.464453933203171e-05
12922.51765937289,3.0108338850267046e-05
12923.338136684597,0.00016274904025660383
12924.158613996304,0.00025868455089547395
12924.979091308009,0.0002497696382521414
12925.799568619716,0.00015007196728190002
12926.620045931422,0.00012485160588555875
12927.440523243129,0.00014884408301516015
12928.261000554834,0.00024147711952465464
12929.08147786654,0.00021546115439720822
12929.901955178248,0.00024450210643628867
12930.722432489953,0.00030249102827814095
12931.54290980166,0.0003356110549041941
12932.363387113366,0.00017509258672451878
12933.183864425071,0.00014480382651158366
12934.004341736778,0.0001170540001556592
12934.824819048485,5.3299865288476523e-05
12935.64529636019,9.084937492914075e-05
12936.465773671896,8.692100895686416e-05
12937.286250983603,4.931647417465361e-05
12938.106728295308,1.945825842850713e-05
12938.927205607015,0.00012502207303599278
12939.747682918722,0.00023755370703432182
12940.568160230428,0.0002517522439563232
12941.388637542133,7.443050183287903e-05
12942.20911485384,6.677877584421466e-05
12943.029592165547,0.00029938859211807613
12943.850069477252,0.00027420781033572506
12944.670546788959,0.00013204068562759007
12945.491024100666,0.00026348947926237013
12946.31150141237,0.00029217959672950874
12947.131978724077,0.00013518682410229812
12947.952456035784,7.74398079438991e-05
12948.772933347489,0.00018837033450016836
12949.593410659196,0.00011725864310991846
12950.413887970903,0.00019242817940161232
12951.234365282608,0.00011728596884603992
12952.054842594314,0.00021896949733383404
12952.875319906021,0.0004267723452158195
12953.695797217728,0.0003624385596189589
12954.516274529433,0.00022838564082361553
12955.33675184114,0.000298773785331039
12956.157229152846,0.00013223094896923365
12956.977706464551,0.0002054207075982352
12957.798183776258,0.00021748761441295225
12958.618661087965,0.0001930501539564974
12959.43913839967,0.00023290814144155366
12960.259615711377,0.00018386879763911362
12961.080093023083,0.00014996019020711734
12961.900570334788,6.534841563423573e-05
12962.721047646495,0.0001059495434298642
12963.541524958202,0.00020038791457455875
12964.362002269909,0.0003318677971123451
12965.182479581614,0.00017461521501655058
12966.00295689332,0.00017931019969997283
12966.823434205027,0.000130779654085957
12967.643911516732,0.00015263288557105332
12968.464388828439,0.00032193355694690764
12969.284866140146,0.0002155439733960599
12970.10534345185,9.371913117616021e-05
12970.925820763558,3.1744622857312554e-05
12971.746298075264,0.00012417371765744553
12972.56677538697,0.0001248394179746346
12973.387252698676,0.00013484902279915317
12974.207730010383,0.00026783052832750944
12975.028207322088,0.000389230122292848
12975.848684633795,0.00032896536577319333
12976.669161945501,0.00021415552581079245
12977.489639257208,0.00037719856411970833
12978.310116568913,0.0004431581631444403
12979.13059388062,0.0002602742494500322
12979.951071192327,0.00021040962350049456
12980.771548504032,0.00035954625060355947
12981.592025815738,0.00019667848094350414
12982.412503127445,0.0001459991387809548
12983.23298043915,0.00031508911907830934
12984.053457750857,0.00034151438852801056
12984.873935062564,0.0003176252576371664
12985.694412374269,0.00010611034495419772
12986.514889685976,0.00023640745250454813
12987.335366997682,0.000503642078646785
12988.155844309387,0.0004969785040085937
12988.976321621094,0.00032354928530587275
12989.7967989328,0.00013604996753997298
12990.617276244508,9.863688446385138e-05
12991.437753556213,0.00018781509601142177
12992.25823086792,0.00011061112015287909
12993.078708179626,0.0001181406348344269
12993.899185491331,0.00023522340235429664
12994.719662803038,0.0001628988006941332
12995.540140114745,0.00023898235451364546
12996.36061742645,0.0001430886697077774
12997.181094738156,0.00025437426033709403
12998.001572049863,0.0002590863687866589
12998.822049361568,0.00018249020542145564
12999.642526673275,1.975754522133957e-05
13000.463003984982,0.00021878834418419162
13001.283481296688,4.862423037391531e-05
13002.103958608393,0.00023904761860443318
13002.9244359201,0.00020749529726234736
13003.744913231807,0.0002866596983193052
13004.565390543512,0.0005600586241238488
13005.385867855219,0.0003737203826056908
13006.206345166926,1.5615248801380474e-05
13007.02682247863,0.00011499720863945628
13007.847299790337,0.00011666907695785714
13008.667777102044,0.00019080090205025906
13009.488254413749,4.9560019318435354e-05
13010.308731725456,0.0001596377806770951
13011.129209037163,0.0001979986529305348
13011.949686348868,0.00020319916683515107
13012.770163660574,0.00018816997705442667
13013.590640972281,0.00012275846433712335
13014.411118283988,0.0002106155445906594
13015.231595595693,0.00015464743073440783
13016.0520729074,0.0001988304728921263
13016.872550219106,0.00011683217963328348
13017.693027530811,0.00014080867757739786
13018.513504842518,0.00024698755229380845
13019.333982154225,0.00020931297478639984
13020.15445946593,0.0002821070490606832
13020.974936777637,0.00037830431812206275
13021.795414089343,0.00015890043083639354
13022.615891401048,0.00016367823957747982
13023.436368712755,0.00021036348196824117
13024.256846024462,7.873478265328691e-05
13025.077323336167,0.00020939201483750804
13025.897800647874,0.00019966425186897525
13026.71827795958,0.00011838522826070027
13027.538755271287,0.00022737626390629027
13028.359232582992,0.00016045605729717155
13029.179709894699,0.00019387075642256406
13030.000187206406,0.0001477179705555084
13030.82066451811,9.09168333265681e-05
13031.641141829818,0.0001806522094279388
13032.461619141524,0.00016474418321983243
13033.28209645323,7.96168779103208e-05
13034.102573764936,9.328100288089281e-05
13034.923051076643,4.545693189411117e-05
13035.743528388348,0.00019636379847578654
13036.564005700055,0.00019492443759109456
13037.384483011761,4.5316920627275895e-05
13038.204960323466,0.00012650026662894073
13039.025437635173,0.00012783462666368731
13039.84591494688,0.00013392815708646217
13040.666392258587,0.00020285862177489537
13041.486869570292,0.0001610217333791328
13042.307346881998,9.035815175143457e-05
13043.127824193705,0.00020861375988838178
13043.94830150541,0.0004158214712101656
13044.768778817117,0.0004654809628067832
13045.589256128824,0.0003557901921102934
13046.409733440529,0.0002473277146470273
13047.230210752236,0.00010581775889791987
13048.050688063942,7.441420981993588e-05
13048.871165375647,0.0002588191317327397
13049.691642687354,0.00021602617529559384
13050.51211999906,0.00019214427638479441
13051.332597310768,0.00017846697745220032
13052.153074622473,7.155549480564935e-05
13052.97355193418,0.00012953434815420026
13053.794029245886,9.136165995410345e-05
13054.614506557591,0.00010998435156440943
13055.434983869298,0.00013231567409153588
13056.255461181005,0.00026117618908990585
13057.07593849271,0.00023747968163334183
13057.896415804416,0.00016976590241610283
13058.716893116123,0.0003151883365045133
13059.537370427828,0.00010359577396570758
13060.357847739535,0.00014800836293946994
13061.178325051242,0.0001937100841312841
13061.998802362947,0.00036111061281506865
13062.819279674653,0.0002159318713129566
13063.63975698636,7.436057954987082e-05
13064.460234298067,0.00011267053157069252
13065.280711609772,0.0002491076455529361
13066.101188921479,0.0002546452791331638
13066.921666233186,0.00032310009520738255
13067.74214354489,0.0002596557030682107
13068.562620856597,5.6127934942689437e-05
13069.383098168304,0.0001333392546440421
13070.203575480009,0.0001903786927187156
13071.024052791716,0.00023004423074383273
13071.844530103423,0.00028687031286386697
13072.665007415128,0.0002628128837162631
13073.485484726834,0.00029798652993192866
13074.305962038541,0.0002729312929142626
13075.126439350246,0.00032341950222961844
13075.946916661953,0.0002933348614847849
13076.76739397366,0.00010662972084519943
13077.587871285366,0.0001496575583555081
13078.408348597071,0.00017982162721939154
13079.228825908778,0.00013516286202932285
13080.049303220485,0.0001132176304869743
13080.86978053219,0.00013181673699026733
13081.690257843897,0.00010507014901495091
13082.510735155603,0.00023477685926128906
13083.331212467308,0.0003394731632015495
13084.151689779015,0.00025590652499307936
13084.972167090722,2.1740384186254883e-05
13085.792644402427,9.32029174064858e-05
13086.613121714134,0.00010811108515651512
13087.43359902584,0.00010209229591748677
13088.254076337545,0.00010070171291240563
13089.074553649252,0.00010313825734742641
13089.895030960959,0.00011503327506165101
13090.715508272666,8.361219563585375e-05
13091.53598558437,1.2990816328621997e-05
13092.356462896078,5.350853747612424e-05
13093.176940207784,0.00011093408030217915
13093.99741751949,5.027102245696824e-05
13094.817894831196,0.00019751971131496825
13095.638372142903,0.0003206837596305778
13096.458849454608,0.00023741885469446644
13097.279326766315,0.00016875568793915964
13098.099804078021,0.00016745703051910748
13098.920281389726,0.00015655693572373352
13099.740758701433,7.856164611258257e-05
13100.56123601314,9.338506275382677e-05
13101.381713324847,6.273085133469754e-05
13102.202190636552,5.6337583546008986e-05
13103.022667948258,0.00011696128379314886
13103.843145259965,0.000326910169894014
13104.66362257167,0.0003681924572406499
13105.484099883377,0.0001956238609791592
13106.304577195084,0.00010819376897783227
13107.125054506789,0.00011033773031798217
13107.945531818496,0.00010623774589846454
13108.766009130202,0.00016716260221406336
13109.586486441907,0.0003057215382462268
13110.406963753614,0.0001786901026346491
13111.22744106532,7.412867195038087e-05
13112.047918377026,7.577906223329876e-05
13112.868395688733,0.00022343904763694934
13113.68887300044,0.00015867748231698908
13114.509350312146,0.0001402394460508427
13115.329827623851,0.0001427748166798186
13116.150304935558,9.11088757912883e-05
13116.970782247265,0.00013923698143262199
13117.79125955897,0.00025923198512621965
13118.611736870676,0.00017923903806411976
13119.432214182383,0.00013004163742358037
13120.252691494088,0.00022792803188636946
13121.073168805795,0.00019604144302390892
13121.893646117502,0.00010137891897008962
13122.714123429207,2.237885979321531e-05
13123.534600740913,0.00010591368765919443
13124.35507805262,0.0002400832225048147
13125.175555364325,0.00019523378226402087
13125.996032676032,0.00017191086150150533
13126.816509987739,8.940995128335613e-05
13127.636987299446,0.00010125888287410488
13128.45746461115,4.988469701156681e-05
13129.277941922857,0.0001330018797227804
13130.098419234564,0.00023240335637787632
13130.918896546269,0.0001257339417881506
13131.739373857976,2.4928485202145957e-05
13132.559851169683,8.628298408798052e-05
13133.380328481388,0.00017090597093498075
13134.200805793094,0.00023010760252250673
13135.021283104801,0.0001187341277377711
13135.841760416506,7.949650354839763e-05
13136.662237728213,0.000324254808619405
13137.48271503992,0.0005795443647798172
13138.303192351626,0.0003617326600135552
13139.123669663331,0.00021231228765880686
13139.944146975038,0.00011584545056615809
13140.764624286745,0.00022338993063448115
13141.58510159845,0.00019368333246564366
13142.405578910157,0.00019041836927446022
13143.226056221863,0.000115360831065845
13144.046533533568,6.138454573877636e-05
13144.867010845275,0.00010149736057358983
13145.687488156982,0.00023657684582889494
13146.507965468687,0.00027788414590210734
13147.328442780394,5.327003701081328e-05
13148.1489200921,0.00020267533041612145
13148.969397403805,7.016284195990686e-05
13149.789874715512,0.00012225557974119864
13150.610352027219,0.00012310380120905088
13151.430829338926,0.00010629282002126029
13152.25130665063,9.951444799471383e-05
13153.071783962338,0.00014531876793347218
13153.892261274044,5.0097425775652465e-05
13154.71273858575,0.00017802583305339285
13155.533215897456,8.759087732010459e-05
13156.353693209163,0.00020286775396252205
13157.174170520868,0.00026125707573886265
13157.994647832575,0.0002762353887145753
13158.815125144281,0.00010414664515590923
13159.635602455986,7.127730356024153e-05
13160.456079767693,0.00015902200953362713
13161.2765570794,0.00021057963083647701
13162.097034391105,0.00012590109200797046
13162.917511702812,7.020339312608678e-05
13163.737989014518,0.00014830050330636325
13164.558466326225,0.00026600071524989546
13165.37894363793,9.574111623609623e-05
13166.199420949637,0.00013405675243765785
13167.019898261344,0.00011173019250020301
13167.840375573049,0.00015780880633746243
13168.660852884756,0.00015276117189765516
13169.481330196462,0.00017982633896518026
13170.301807508167,0.00018755668662951268
13171.122284819874,0.00028522495305884
13171.94276213158,0.00018629050770273934
13172.763239443286,0.00013431946490532947
13173.583716754993,9.815597908373788e-05
13174.4041940667,0.00014748737345491951
13175.224671378404,7.983266790829699e-05
13176.045148690111,0.00012871071044262861
13176.865626001818,0.0002343505078923194
13177.686103313525,7.279610790711517e-05
13178.50658062523,0.00012195359798074041
13179.327057936936,0.0002150264086321815
13180.147535248643,0.00018744429000066185
13180.968012560348,7.667474360241644e-05
13181.788489872055,0.00021715943869613524
13182.608967183762,9.91489565219401e-05
13183.429444495467,0.0001400482198550152
13184.249921807173,0.00019883893878635167
13185.07039911888,0.00026217130613058877
13185.890876430585,0.0002452552107944957
13186.711353742292,0.00023122331910314372
13187.531831053999,0.0003281967893162568
13188.352308365706,0.0003484207531750974
13189.17278567741,8.191357039011661e-05
13189.993262989117,0.00045188560774653193
13190.813740300824,0.0004584423132954959
13191.634217612529,0.00044290056390493065
13192.454694924236,0.00035868718459048076
13193.275172235943,0.0001427254629998775
13194.095649547648,0.0002479726455425237
13194.916126859354,0.00038453427878383544
13195.736604171061,0.00018799758934053622
13196.557081482766,0.0002656844397023942
13197.377558794473,0.00024741936741982246
13198.19803610618,0.0002191756671469539
13199.018513417885,0.0004726199493201771
13199.838990729591,0.00030934357781626425
13200.659468041298,9.496790923227087e-05
13201.479945353005,0.00019125084395611933
13202.30042266471,0.00021953774886809705
13203.120899976417,0.00026899976295388796
13203.941377288123,0.00022144969093901363
13204.761854599828,0.00013366873706226006
13205.582331911535,0.00015089512187261097
13206.402809223242,0.00020588146160354447
13207.223286534947,0.0002868499054408176
13208.043763846654,0.0002804308780705053
13208.86424115836,8.003504465094329e-05
13209.684718470065,6.845371671574429e-05
13210.505195781772,0.00010421561856678685
13211.325673093479,0.00020132504004136462
13212.146150405184,0.00017652858959566053
13212.96662771689,7.730493765792592e-05
13213.787105028598,8.285169957487514e-05
13214.607582340304,0.0002069349828483832
13215.42805965201,0.00015310574488586076
13216.248536963716,0.00016273726329358408
13217.069014275423,4.649150102075013e-05
13217.889491587128,0.00021327629845567563
13218.709968898835,0.0001484419766067147
13219.530446210541,0.00019254023047918345
13220.350923522246,0.00023425659184299168
13221.171400833953,0.00025207802943367477
13221.99187814566,6.062478641611986e-05
13222.812355457365,0.00021408521468049678
13223.632832769072,9.371940865092526e-05
13224.453310080778,0.0001325209522305663
13225.273787392485,0.0001343390209030437
13226.09426470419,0.00020421363729867048
13226.914742015897,0.00010436579654883371
13227.735219327604,0.0002423544380527589
13228.555696639309,0.0002935353590682096
13229.376173951016,0.00016393761534273056
13230.196651262722,2.6435979741228864e-05
13231.017128574427,0.00010342580522352067
13231.837605886134,0.00016381632381339033
13232.65808319784,0.00012699944001158734
13233.478560509546,0.00018852709994838103
13234.299037821253,7.433485027515052e-05
13235.11951513296,7.909455519542869e-05
13235.939992444664,0.000122039558848988
13236.760469756371,0.00025579930625804943
13237.580947068078,0.00021102937909154584
13238.401424379785,0.0001462728986207897
13239.22190169149,0.0001533188732787286
13240.042379003196,0.00019199113355987404
13240.862856314903,0.00016821306432062932
13241.683333626608,0.00010548869728702981
13242.503810938315,7.739261319632383e-05
13243.324288250022,9.679639838740439e-05
13244.144765561727,0.00018475659605448808
13244.965242873433,0.00011828273858715516
13245.78572018514,6.86249110253373e-05
13246.606197496845,0.00033567256765574903
13247.426674808552,0.00030231287305497917
13248.247152120259,6.931450412525988e-05
13249.067629431964,0.00023152342660574896
13249.88810674367,0.0001993602316346903
13250.708584055377,0.00016513803929850995
13251.529061367084,0.0002713415755807753
13252.349538678789,0.0002584019823887969
13253.170015990496,0.00012696829298418244
13253.990493302203,0.0003155542127002165
13254.810970613908,0.00026967135970745645
13255.631447925614,0.0002151495448440505
13256.451925237321,0.00018529214653137033
13257.272402549026,0.0001876615488736175
13258.092879860733,0.0001304932911784301
13258.91335717244,2.680644198720491e-05
13259.733834484145,5.636358747055942e-05
13260.554311795851,0.00015400238624245315
13261.374789107558,0.00013900924859077307
13262.195266419263,4.802927965916437e-05
13263.01574373097,0.0002050613795653719
13263.836221042677,0.00017193210467664096
13264.656698354383,0.00013038747045080384
13265.477175666088,0.0002166273812029544
13266.297652977795,0.00013989256440077866
13267.118130289502,0.00020381361167663218
13267.938607601207,0.0002930498255056484
13268.759084912914,0.0002369188115128673
13269.57956222462,0.00015501685682108238
13270.400039536325,0.00014079098585853325
13271.220516848032,0.00022472731393940093
13272.040994159739,0.0002715059096508675
13272.861471471444,0.00014215780900121182
13273.68194878315,7.790084694374308e-05
13274.502426094858,2.0816467024240165e-05
13275.322903406564,0.00011415060900221302
13276.14338071827,0.00018690318508267562
13276.963858029976,0.0002531517762203127
13277.784335341683,0.00029858730860422546
13278.604812653388,0.00022046678706889324
13279.425289965095,6.367320090934023e-05
13280.245767276801,5.095715968997856e-05
13281.066244588506,0.00021524067787668575
13281.886721900213,0.00025307881162460607
13282.70719921192,0.00024168390756094946
13283.527676523625,0.00017933644613107248
13284.348153835332,0.00026172479787774593
13285.168631147038,0.00041482308226105315
13285.989108458743,0.00031895077712791207
13286.80958577045,0.00021250751725406948
13287.630063082157,0.00032514114322540564
13288.450540393864,0.00030175453724971753
13289.271017705569,7.268334044713421e-05
13290.091495017276,0.00020042371604058802
13290.911972328982,0.0001252819664183281
13291.732449640687,0.00014922746252998297
13292.552926952394,0.00018984752462088825
13293.3734042641,6.369033419858861e-05
13294.193881575806,0.00011117158729750056
13295.014358887513,2.6005859097211548e-05
13295.83483619922,0.0001571480407723123
13296.655313510924,9.585543809628868e-05
13297.475790822631,0.0001795935054491057
13298.296268134338,0.0001243938617781582
13299.116745446043,4.506866227577789e-05
13299.93722275775,0.00013200085237354808
13300.757700069456,0.00028495673650714775
13301.578177381163,0.00027195015261424304
13302.398654692868,0.0003325835754778862
13303.219132004575,0.00025615075525198456
13304.039609316282,0.0001545932400623928
13304.860086627987,0.00019745044358811695
13305.680563939693,0.00028392053506649817
13306.5010412514,0.00024002817070560215
13307.321518563105,6.148541318965336e-05
13308.141995874812,9.181657077336376e-05
13308.962473186519,0.00014469621168753934
13309.782950498224,0.00020595563577119216
13310.60342780993,0.00018956615425740306
13311.423905121637,0.0003159713380083453
13312.244382433344,0.0004448237797776819
13313.064859745049,0.00046912430971027643
13313.885337056756,0.0003879529648396963
13314.705814368463,0.00016933011397865324
13315.526291680168,9.716751519844123e-05
13316.346768991874,0.00020065987071891142
13317.167246303581,0.00014365480344499863
13317.987723615286,0.00025972643233143644
13318.808200926993,0.00023696335424578226
13319.6286782387,0.00018003801804892793
13320.449155550405,0.00016124003958225283
13321.269632862111,6.71090150421775e-05
13322.090110173818,4.764433703185117e-05
13322.910587485523,0.00011536517953235176
13323.73106479723,9.699233233946213e-05
13324.551542108937,0.00012672965376975007
13325.372019420643,0.00023988675976469107
13326.192496732348,0.00017901293217840552
13327.012974044055,0.00019054728419988588
13327.833451355762,0.00027471137699452134
13328.653928667467,0.00011765463720595668
13329.474405979174,7.523259888146619e-05
13330.29488329088,0.00016198088233589452
13331.115360602585,0.00031436042034461607
13331.935837914292,0.0003347593264644621
13332.756315225999,0.00022559802325065317
13333.576792537704,0.00030579822153287524
13334.39726984941,0.0003223873766358307
13335.217747161118,0.00021924572399720422
13336.038224472823,0.00011552787880120174
13336.85870178453,0.00014178907183266302
13337.679179096236,0.00014532433840925332
13338.499656407943,0.00010535386693544325
13339.320133719648,0.00016189897447270934
13340.140611031355,5.6416914631208204e-05
13340.961088343061,3.627013322065735e-05
13341.781565654766,7.898487145037184e-05
13342.602042966473,0.00025108453674825234
13343.42252027818,0.00022325504230405504
13344.242997589885,9.555084153216579e-05
13345.063474901592,0.00018180903462737162
13345.883952213298,0.00019548504975065712
13346.704429525003,4.70199288973259e-05
13347.52490683671,0.00020577563177116807
13348.345384148417,0.00028221530661497396
13349.165861460122,9.419735367034986e-05
13349.986338771829,0.00019080424355270812
13350.806816083536,0.0003122357559916917
13351.627293395242,0.0004167597402218091
13352.447770706947,0.0002340353776474655
13353.268248018654,8.92301838672875e-05
13354.08872533036,8.629569753678673e-05
13354.909202642066,0.0001080089212163169
13355.729679953773,0.00013687534950533706
13356.55015726548,0.00017039111651222645
13357.370634577184,0.00024268580404017976
13358.191111888891,0.0002022422517939979
13359.011589200598,8.960000650068134e-05
13359.832066512303,0.00032222399916309493
13360.65254382401,0.0003675378016734185
13361.473021135716,0.00021966414459510068
13362.293498447423,0.00021307696781904323
13363.113975759128,8.477462506311879e-05
13363.934453070835,9.184127058884768e-05
13364.754930382542,0.0002239155182976692
13365.575407694247,0.00017369381045637925
13366.395885005953,0.00011472757966046728
13367.21636231766,0.0002387361210589812
13368.036839629365,0.0002053789656135501
13368.857316941072,2.8143139196570934e-05
13369.677794252779,0.0001382659081249856
13370.498271564484,0.00015672207011468157
13371.31874887619,0.00010787305675835244
13372.139226187897,0.0002981828712048402
13372.959703499602,0.0002778624864081751
13373.780180811309,0.00022157959132517195
13374.600658123016,9.760249464534425e-05
13375.421135434723,6.088527168203222e-05
13376.241612746428,0.00020787666231212616
13377.062090058134,0.00031546425072771295
13377.882567369841,0.0001727536700908532
13378.703044681546,0.00015687780042394366
13379.523521993253,0.00017646293191736061
13380.34399930496,0.00011011471917129146
13381.164476616665,6.846100651750158e-05
13381.984953928371,0.00015754319029697605
13382.805431240078,0.00012462799178516881
13383.625908551783,9.175357197634262e-05
13384.44638586349,0.00027840318345911464
13385.266863175197,0.00034383271906090286
13386.087340486902,0.00021376405486190858
13386.907817798608,0.00010091259105929246
13387.728295110315,0.000152077157777653
13388.548772422022,0.00019631206849212712
13389.369249733727,0.00014875095857913185
13390.189727045434,0.0001107523770251595
13391.01020435714,0.0001468915569659112
13391.830681668846,0.00025670715692422904
13392.651158980552,0.0002889600462538776
13393.471636292259,0.00013637150479158558
13394.292113603964,0.00016251994226628165
13395.11259091567,0.0001679367325345913
13395.933068227378,0.00021159043682032392
13396.753545539083,0.00020221702868374888
13397.57402285079,0.00024384909388428221
13398.394500162496,0.00024860233485003903
13399.214977474203,0.0003359266014581718
13400.035454785908,0.0004064637163413418
13400.855932097615,0.00016666290746068468
13401.676409409321,0.00014143550226940738
13402.496886721026,0.000312887809587738
13403.317364032733,0.0004050876242934357
13404.13784134444,0.00026135021585469787
13404.958318656145,5.561660204274257e-05
13405.778795967852,0.00018295142278835895
13406.599273279558,0.000274556031981253
13407.419750591263,0.0002542389786258292
13408.24022790297,0.0004346053879201958
13409.060705214677,0.0004027436656623917
13409.881182526382,0.00023645097915674782
13410.701659838089,0.00013836559508745354
13411.522137149796,6.121640031433083e-05
13412.342614461502,0.00016528403524930754
13413.163091773207,0.00022056668412133554
13413.983569084914,0.000243456309924719
13414.80404639662,0.00023663868599237543
13415.624523708326,0.0001906915920181863
13416.445001020033,0.00020476338826417272
13417.26547833174,0.00011621314515014771
13418.085955643444,0.00014299955922154225
13418.906432955151,0.00021189464156966888
13419.726910266858,0.00023557940744163992
13420.547387578563,4.1001861930944196e-05
13421.36786489027,4.244915658787027e-05
13422.188342201976,0.0002072842352316782
13423.008819513681,0.0002529897160132896
13423.829296825388,0.00016541248294878942
13424.649774137095,0.00016174088538420617
13425.470251448802,9.163958881542515e-05
13426.290728760507,0.0001542576507944324
13427.111206072213,0.00012838025749613727
13427.93168338392,0.00013552817833099623
13428.752160695625,0.0002843271995412022
13429.572638007332,0.00028390571099873454
13430.393115319039,0.0002977037816672874
13431.213592630744,0.0002956755563720689
13432.03406994245,0.00027821667152744814
13432.854547254157,0.00021505800429288876
13433.675024565862,0.00011789899168475457
13434.495501877569,0.00018952384076697696
13435.315979189276,0.00010001683988561383
13436.13645650098,9.409979938377328e-05
13436.956933812688,0.00011434206998613148
13437.777411124394,0.00011884231281146821
13438.597888436101,7.655486596007922e-05
13439.418365747806,0.00017015234638685506
13440.238843059513,0.00024187234667186227
13441.05932037122,0.00022233073190513976
13441.879797682925,0.000210513398331481
13442.700274994631,0.00012547892701532986
